text,stars,label
"this was great. used rotisserie chicken from the grocery store, though. will definitely make again, adding a little more cayenne next time.",5,1
"gooey gummy, never sat up, even tried the freezer. i might re-heat and try as n ice cream topping.waste of time and $$$$",1,0
super simple and delicious!,5,1
"cake is wonderful, just as is! for the frosting, it's granulated sugar, and you must follow the instructions and beat 10 minutes, using a whisk attachment if you have one. for me, it would be better using 1 cup of butter rather than half butter and half shortening, as i don't enjoy the shortening taste, but it was definitely a nicer consistency than my mom's traditional buttercream and i'll be making this again using all butter.",5,1
"this is such a different take on either a coleslaw or a macaroni salad. the best of both worlds! i didn't change a thing, and i really like the miracle whip dressing.",5,1
these were a huge hit in my house. really good!,5,1
"a very good recipe for nice sandwich bread. obviously, the amount of flour and water depends very much on the temperature, humidity, and elevation, so it would have been helpful to be very specific about what the dough should look and feel like at each stage, since this is a beginner’s recipe. but it makes great bread! if you want rustic bread, i swear by the recipe on the king arthur flour website. it’s absolutely foolproof. i’m a mediocre baker, but i’ve never messed up that recipe, ever.",5,1
"easy & delicious. i've made it with cauliflower as the main ingredient, and also combined cauliflower with broccoli. very good each time. goes great with any sort of sandwich.",5,1
"great recipe. i used chicken tenderlions, as i was grilling i sprinkled red crushed pepper on them. it was great.",5,1
the whole family really enjoyed this. i liked that it was easy to make on a weeknight. i used a cast iron skilled and then put it in the oven to heat with foil over it. then broiled the cheese for the last 5 minutes.,5,1
"i was not a fan, to bland and ""eggy"" for my taste. i halved the recipe since there are only two of us and i'm so glad i did. the sauce was good but the rest of it was just blah. i will not be making this one again",1,0
"this was a yummy, moist cake. the frosting threw me a bit. i think i will use cream cheese in it next time. overall, good, easy to follow recipe the turns outs beautifully",4,1
looks terrible calorific and basically junk food. please learn how to cook!,1,0
"easy to follow recipe. very easy prep, & we baked a perfect home made apple pie. the entire house smelled wonderful! i highly recommend this recipe for the novice baker, along with accomplished bakers as well. we were very happy with the results. we used a mixture of granny smith apples and fuji apples. it was beautiful,and tasted just as great! highly recommend for anyone who wants to impress their family with a gorgeous, homemade pie. ps. it was just as good cold the next day, or even reheated in the microwave. i felt proud of our efforts. sincerely, mrs. vance",4,1
"this chowder is fantastic - thick and creamy and just plain yummy. i used 2% milk and it worked just fine - also, being a ham fanatic, added a bit more ham. just love this, as did my husband, the chef in our house!",5,1
wow!! did my guests ever enjoy this tasty grilled chicken! it didn't take long to disappear and everyone wanted the recipe!,5,1
"i've made this soup for several years. both my husband and i love it. it is a very filling and satisfying soup - right up at the top of the listing ""comfort food"".",5,1
wow this was more than words can describe fantastic. very mosit cake and the icing was super super good,5,1
"no wonder why this is a 5 star recipe! i'm so happy i tried it!! perfect for a crowd, or to share with your co-workers.",5,1
i am going to make this saturday sound great,5,1
everyone that i shared the muffins with loved them! the recipe is now in my recipe box!,5,1
"my husband and i were looking for a good potato recipe, and we stumbled upon this one. initially, our first thought was, it makes too much for our little family of two, so we decided to cut the recipe in half. it sounded delicious.once it came out of the oven, that was a different story. the amount of bacon coupled with the sour cream overpowers the dish, so the balance of flavors is too rich. because the potatoes are such a neutral flavor, they get lost in the casserole. maybe if you use less of the sour cream and bacon, or more potatoes, that would be the right ratio of bacon to toppings. also, the presentation wasn't very appealing, because the whiteness of the sour cream dominates the other colors.sadly, this recipe will not be added to our recipe box. happy cooking! :)",2,0
"could someone answer if the cheesecake remains in the springform pan overnight while cooling? ive experienced that my fall if taken out too soon. it is asking me to rate, but i haven't tried it yet!",4,1
i didn't have the beans so i made it without & it was more like a soup. it was delicious. i will definitely make this again. and again and again. :),5,1
i added some diced celery and 1/2 tsp of garlic powder and substituted thyme for the sage (because i didn't have any sage). it was very tasty and i will make it again.,5,1
the best sauce ever!! i enjoy trying lots of recipes and trying to find good recipes for all cuts of chicken. i will use this recipe from now on for thighs. i am also thinking about trying it for wings.,5,1
"great sauce. i browned 4 chicken thighs in a skillet . meanwhile i made 1/2 the sauce in a saucepan, reduced it slightly then added the sauce to the skillet over the chicken. it continued to reduce while the chicken continued to cook. i served it all over rice. it was very tasty and tender. quick and easy.. servings 2",5,1
"i make a cake similar to this, with a large yellow cake mix, (i make it sugar free), after the cake is baked i poke holes in it and pour the pineapple (in natural juice) with juice over the top, then add the pudding (sugar free",5,1
this was delicious banana bread! i will replace my tried and true banana bread recipe of 32 years with this! yum! yum! yum! (i used reduced fat cream cheese because i had it on hand).,5,1
i gave the recipe 5 stars but none of them showed up. :o(,5,1
wonderful soup...fills you up and the family love this recipe. keep up the good work.,5,1
me and my mom made it but it did not tast done so we put it in up to an 1hr but it steel was not done):,4,1
"i made these cupcakes with my granddaughter and they were delicious. she carefully spooned the flour into the measuring cups without packing...and mixed together dry ingredients just until flour was blended. her cupcakes were soooo tender.quite by mistake we ended up making 'maple bar icing' instead of frosting by adding two sticks butter, instead of one, and some additional confectioner sugar so icing could be swirled around on top of cupcakes. my oh my, was it ever delicious!!! will try the frosting recipe next time, but will be keeping the 'maple bar icing' for this cupcake as well. excellent treat for all ages.",5,1
absolutely wonderful and so easy to make!,5,1
"as we prepared to spend the last part of a frigid christmas day watching our steelers and eagles play, i wanted something comforting and easy for dinner and this was it! absolutely delicious. only adaptation i made was using beef broth instead of chicken broth because that is what i had on hand. this has already been added to my recipe blog.",5,1
faimly and friends loved it.,5,1
"this soup turned out great! i added carrots, celery, onion, peas, minced garlic basil , dried parsley flakes and cheese. taste wonderful!",5,1
this is an excellent recipe. very moist and tasty: definitely a keeper!,5,1
"this is an excellent cake. very tasty, goes really well with strawberries",5,1
these were great!,5,1
i didn't have veg oil so i used coconut oil same amount and 2 bananas instead of 3 it was a awesome recipe taste amazing!!!!,5,1
"this dessert was so easy to make. i made the recipe just as it is. the only thing i changed was i used frozen peaches as that was all i had. it turned out really, really good. i used a 2.5 quart corningware dish instead of my 8x8 baking pan because i was afraid it would bubble over.",5,1
"this is by far the worse recipe i have used for banana bread.it calls for way too much oil,i bake dog treats for a living and they smell better than this bread.",1,0
"this is our favorite main dish zucchini recipe! just top it with whatever your favorite pizza toppings are if you want more flavor than the ground beef. i usually use the ground beef, onion, tomato sauce layer then might add some pepperoni, olives, sausage, additional onion, mushrooms......whatever i want on my pizza. love it, love the results, not watery at all.",5,1
this recipe is outstanding!,5,1
my family loves this chili. its simple & so yummy in the indiana winters!,5,1
"easy to prep, make, cook and oh so tasty.",5,1
i have baked these bars for several years and there are never any left for the next day. my daughters and daughter-in-law and grandkids bring me very ripe bananas as a hint to make these. my only recommendation would be to make one half of the frosting as it really makes a lot. would give these 10 stars if i could.,5,1
this is easy to prepare and very tasty. i doubled the recipe and fixed it in a dutch oven. it one of my son's favorites.,5,1
"i found this a very pleasing salad and have made it twice now. the first time i stuck to the recipe and found it sweet but the vinegar also played off that sweetness. the second time i cut the sugar. while i thought it was still very good, there was something to be said for the sweet against the tang. either way, it is good!",5,1
"i chose this cheesecake as my very first baked cheesecake for thanksgiving last year. it turned out perfect and it is very good! i didn't add the chocolate on top; one, i didn't want to cover up the swirl design, and two, it really didn't need anyhing else. the cheesecake is creamy and rich...just the way a cheesecake should be. you definitely do not need a large slice of this!",5,1
these sandwiches were a hit at our family gathering. the buns ended up a bit soggy though. i will try again.,4,1
i made this recipe hundreds of times starting back in 2000 when it first appeared in the magazine and i was a newlywed. my 13-year-old likes it and my 8-year-old just started to like it. i just leave out the crushed red pepper flakes and i use red onion. this recipe is in regular rotation in this house.,5,1
this pie is very good classic apple pie,5,1
"i made these pancakes for breakfast, and added chocolate chips as i was cooking them,as hubby is a choc a holic. we thought they were great.",5,1
"i have made these several times and as long as i don't over cook the chicken ;) , it's delicious. my husband is not as wild about the dish as i am but that's only because he prefers using chicken breasts rather thighs. i serve the sauce over riced cauliflower rather than rice to save carbs and pair that with steamed broccoli for a healthy meal.",5,1
this is the best tilapia ever and quick and simple to make.,5,1
"i agree with pjmcbride. a key lime pie is not green. where is the key lime juice? what part of this pie even comes remotely close to a true key lime pie??????? i would never, ever, ever make this sad imitation.",1,0
great flavor and easy to make. i didn't have any italian sausage so i used country sausage and added italian seasoning and some fennel. otherwise i pretty much made it as written and served it with small sandwiches. great meal for the fall.,5,1
this was soooo yummy! my boyfriend is not the biggest fan of tomatoes but he still loved it! i fixed some olive oil pasta to go with and texas cheese toast ... delicious!,5,1
"delicious!!!! i have been on the lookout for a really,really good banana bread recipe and this is it! super easy and great texture. i didn't have walnuts but chopped almonds were just as good. you won't be sorry!",5,1
"these were delicious. granted, my frosting looked nothing like the picture (not as fluffy), but the taste of both the cupcakes and the frosting was outstanding. this won rave reviews with my family, the neighbor kids, and my coworkers (i made a dozen cupcakes for home and then used the rest of the batter to make a small cake that i took to work). everyone loved the frosting and i had a bunch left over, so i used it on some gluten-free apple muffins i'd made for my daughter (since she couldn't eat these). would definitely make these again and am going to experiment with a gf version and with using more zucchini.my husband tried to get me to agree that he could have as many as he wanted since ""they contain veggies!"" hahah.",5,1
"<ol><li><p>day 1, warm and delicious, with cream poured over it.</p></li><li><p>day 2, not as good, so eat it all the first day!</p></li></ol>",5,1
"i used this same recipe back in the 70's to stuff green peppers. the extra meat became smaller ""porcupine meatballs"". it's been years since i've made them...maybe tonight!! thanks for the reminder. this is a great meal!",5,1
"very tasty recipe - thank you for sharing! it can be easily modified with a few ingredients to people's tastes, but i like it as is. not sure what ""pam"" was doing to this recipe - but looks like she should have just thrown it out completely and added all her silly ingredients to plain chicken stock and wrote her own recipe; rather than destroying yours - lol!",5,1
deliciously delicious! i will say the first time i made it it definitely bit my sweet tooth. the second time i made it with sugar free jello and it brought some of the sweetness out. as for the frosting...good when chilled. melts super easily but is very yummy. i'm playing around with the frosting recipe to see if adding a premade frosting or cream cheese will help it hold. other than that yummers!,4,1
"if you do not thaw the berries, it helps the gelatin set up better and it won't be runny. my family prefers this made with raspberries. i add some fresh berries along with the frozen and also use unsweetened berries. doing it this way, we never have a runny gelatin problem or have the dessert separate.",5,1
"i thought this was excellent, and so easy. my husband said, ""you scored!"" we had this tonight with sandwiches. great winter night supper. will make this again for sure. i cooked a couple of cloves with garlic with the onion but made no other changes.",5,1
this recipe is awesome!,5,1
"i made these today with all purpose gluten free flour (1 for 1 substitute regular ap flour), and they turned out great, too. made an addition of chopped pecans, very tasty. great recipe!! thanks.",5,1
"i made this last week and it was very good. the sour cream adds richness to the dish. i added salt and pepper to taste and used white cheddar cheese (i'm allergic to annatto, the food dye used to color many yellow cheeses and other foods). my husband loved this dish, so i will be making it again.",5,1
very bland,1,0
"too bland for my taste, even though i don't like spicy foods either. i had a lot left over & if i had served it again, intended to add a can of crushed tomatoes. instead, after a few days in the frig, i just threw it out. it needed something - just not sure what.",2,0
"omg. what. a. recipe. to-die-for delicious! i want to add a photo of my pie, but there appears to be no manner in which to do so.",5,1
"i do substitute beef broth and it could use more green peppers, but it is yummy on a cold night. i think that it's funny that some folks substitute all of the ingredients. is it still the same recipe?:)",4,1
this has been a family favourite for many years. so quick and easy to make!,5,1
yummy yummy! i have adapted to making it in the slow cooker; i also add a few dashed of chili seasoning when cooking the chix and onion in the skillet before adding to the crock pot.,5,1
"i don't care what it's called, we call it darned good!! very comforting dinner and easy to prepare!",5,1
great! wonderful flavor. added walnuts to top crumb mixture.,5,1
"this is a wonderfully easy, tasty & healthy dessert! my only comment is that the amount of gelatin is incorrect -- since it says ""one packet"", i used the smallest size, which is 3.0 oz., not 0.3 oz. -- just a typo when it was posted, i'm sure. i used the full 3 oz. packet and it came out fine :)",5,1
9/14/2020...i'm just reading the email for this recipe. sounds great but can someone please tell about the cheese? mentioned in the instructions but not ingredients. thanks!,5,1
absolutely delicious! doubled ingredients for 2 lbs on shrimp!,5,1
"this is definitely the best banana bread i have ever made. i made extra loafs to give to family members and they all raved about how good it was. on some loaves i did add a little nutmeg and cinnamon and it also tasted good with those spices. either way, this is the best banana bread!!!",5,1
this soup is pretty easy and very delicious! i used whole milk since we like our potato soup a little thicker. i also heeded the advice of other commenters and left out the celery seed and use celery salt in place of regular salt. i think i might just add celery to the veggies next time to up the flavor.,5,1
"totally decadent!! made it for my in-laws and they proclaimed it to be ""restaurant quality"". i didn't change a thing and thought it was pretty easy. i may do a water bath next time to prevent cracks (or allow myself more time, it had to be put in the fridge overnight without fully cooling outside of the oven first). it was wonderful, thank you for sharing it.",5,1
i made this recipe for a friend who recently moved house warming gift. so simple and easy. i used frozen ripe bananas. they browned beautifully.,5,1
my husband and i didn't like this recipe. it had an aftertaste that was unpleasant. i think from the italian dressing.,1,0
unfortunately i felt like this recipe had very little taste. i won't be making it again.,1,0
"this was the worst meat loaf ,there was no taste and it was too runny will never make again",1,0
my husband and i loved this recipe. the only thing i changed was using corn torillas instead of flour. very very good.,5,1
my husband and i love this recipe! better than fajitas from a mexican restaurant.,5,1
"we loved this!! my husband said it was a keeper. i used one boneless chicken breast cut into tiny pieces, and sprinkled just a pinch of red pepper flakes. it was a tad dry when i added the noodles, so increased the amount of soy sauce and a little chicken broth to loosen it up. will definitely be making this often.",5,1
excellent; i did add some candied ginger....about 2 tbs. but they are great just the way they are,5,1
"excellent! light, fluffy and yummy. i doubled the recipe for my family and all gone!",5,1
this is my 4th year in a row baking this cake. it is outstanding!!! don’t forget to add boiling water or boiling coffee as your last step to making the batter. it’s easy to read past it in the directions. this is my favorite chocolate cake and my husband loves having it every year on his birthday... also his favorite!,5,1
this recipe is divine! for a long time i tried to replicate a delicious but overpriced pumpkin bread at my local supermarket-this is it! i do add a cinnamon glaze to improve the appearance and keep it moist.thanks joyce!,5,1
the recipe is awesome. i cut it in half and used fresh corn on the cob that i had cut off rather than the can corn. i also added white pepper which goes well with soup and potato recipes. this is a recipe that i'll share with a lot of people.,5,1
very good soup and i will use the whole pound of ground beef and another 1/2 lb of velvetta or other cheese that i may have on hand the next time around.,5,1
"i wouldn't bother with this recipe again. very little flavor except cauliflower, instructions are iffy at best ( 2-1/2 cups of water to cover the veggies, really?) my boyfriend & i ate it, but i threw the rest of it out as well as the recipe itself.",1,0
wow! very good but i put less butter and cheese another way it will be very buttery and cheesy! love it!!!!!!!!!!!!!!!!!!!!!!!!!!!!!,5,1
amazing! my boyfriend loved it so much! going to make it again this week!,5,1
"these are the best! just had them last night for dinner. the only change (because of preference) is using a small can of tomato paste instead of ketchup. started making these in 2000 when they were in the annual toh book. my son would say if he was ever on death row and had to choose his last meal, it would be these. i promised him i would make them whenever he wanted so he wouldn't have to commit a crime to have them for dinner!",5,1
this recipe is a keeper the newest addition to my recipe file. today is the first time i had tried this casserole; our cousin was dropping off some papers when she got to the door & she wanted to know what smelled so good. i invited her to come on in & eat; she said my husband & brother are with me; i said there is plenty tell them to come in too...makes alot!!! recipe is not dry; moist & is the perfect breakfast or lunch!!!,5,1
what temp and time would you use for 9x11 cake or is it 9x13? sounds great,4,1
"this was a big hit. spiced just right. my husband added more hot sauce at the table, but this is great as is. it is definately a new family favorite. i'm going to invite friends over just so we can share this!",5,1
"loved by the whole family for my father's 70th birthday. i needed to make it dairy free so i used dairy-free margarine and sour cream in the cake and frosting. for the baking pans i always grease, line with parchment paper, grease and flour so the cakes come out effortlessly.",5,1
"nasty. doesn't taste good unless you put tons of brown sugar on it. otherwise, it tastes likes grapes with mayonnaise. gross. my friends hated it. what a waste of money.",1,0
one of my favorites to make when serving a pot roast,5,1
"@ buzzbombz, why would you give it 4 stars and then post a different recipe? you should just review this one and then submit your own separately. ??",5,1
"enjoyed this very much. i left out the italian dressing (i just forgot it, i think), and used small corn tortillas instead of flour tortillas. i thought it came out a bit dry, so i might add more salsa or some enchilada sauce next time. the whole family scarfed it down!",4,1
excellent - really really good. i used kielbasa instead of bacon and it was fantastic. a hit with the entire family!,5,1
"the finish product was delicious, but i only used half of the packages. i served it with mashed potatoes and corn fritters...",4,1
"this disappeared at our family christmas dinner. easy to make (i cheated and used whipped cream cheese frosting though) and very tasty. they don't puff up a lot, so fill the cups full - the cake is fairly heavy, but a good consistency. i will definitely be making these again!",5,1
"this meatloaf was very good. my whole family loved it, and my husband is not a ""meatloaf guy"". i didn't have any problems with it being dry at all or falling apart. i give it 4 stars only bc it was a little too sweet for me as well. and without the sauce the meat was pretty bland, although my husband liked the fact that the meat wasn't overly seasoned bc the sauce had a great taste. the only thing i may do next time is season the meat a little more and probably not put as much brown sugar. but i wouldn't make many changes bc my family (husband and 2 kids) loved it. i paired it with some mashed potatoes and green beans. overall a great meal.",4,1
"this is the best white chili i’ve ever had. it is a hit with this family, old and young. i always think i might have some for a few days, but it never lasts that long. he never gets tired of it and neither do i!",5,1
this is very simple and tasty. you wouldn't know it's a healthy soup by the indulgent taste. i made it with milk and it's still delicious.,5,1
laughing at all those who don’t realize that you cannot cut into an apple pie that’s fresh out of the oven. great recipe,5,1
just didn't care for.,2,0
best cake i ever tasted. i made this when it came out in the magazine and thought the icing recipe looked strange. it is so light and delicious. i have been looking for this recipe ever since i lost it. so glad to have found it again.,5,1
"i had never made a meatloaf before but decided to make one using this recipe with a couple small modifications. i only used 1/3 cup of milk, i used panko bread crumbs instead of crackers and i baked it for 75 minutes. it came out absolutely fantastic.",5,1
my husband loves these!,5,1
i made them in a 13x9 pan instead and just baked it longer so it turned out more like a really moist cake. delicious!,5,1
just made this last night without the capers ( whatever that is lol) for the first time. loved it!!! sooo good i'm making it again tonight lol !!!!,5,1
"i've tried many different mac n cheese recipes and by far this is my favorite. i have since then thrown out all ""other"" recipes and now replaced this as my go to for my family favorite.",5,1
"been looking for a great slaw recipe for long time - found it! a local bbq restaurant makes delicious slaw and this recipe is almost identical. i did not use pre-packaged slaw mix; used small head of cabbage & few small carrots. this will now be my ""go-to"" slaw recipe!",5,1
i have made these numerous times and are always a hit! i make them for our christmas gathering. pretty for christmas. easy and yummy! the recipe makes a big batch so it's great for our large family gatherings.,5,1
"i make this recipe all the time, although cut back on the amount as it is just myself to cook for now. like others, i add more broth to make a bit more sauce, and put the chops on the bottom to cook until near the end, and then transfer them to the top. i do add garlic though and a little dijon mustard as i find the dish a bit bland otherwise. a great dish though, no matter how you cook it.",4,1
i add creme cheese and more creme. i also roast my chicken breasts in the oven and then pull and dice the meat. i have won 3 chili cook-offs with my version! :),4,1
"this is very tasty. my meatloaf is similar to this, except without the cheese, so it wasn't a stretch to think my family would like this. especially my 3 year old. it's a winner!",4,1
"this has been a family favorite for years. i make mine with lean ground turkey. and, i also make the baked mashed potatos, which are delicious too. this recipe was in a toh magazine that also include emily's spinach salad as a side (with apple and raisens)...a very refreshing accompaniment to this meal. yummy!!!",5,1
delicious! love it! can it be frozen? i didn't think so.,5,1
this really is the best banana bread i've ever tasted!,5,1
this was a super recipe. very tasty. even my picky 5 yr old wanted more.i just have to work on perfecting my pie crust!,5,1
my children loved making these meatballs - i loved eating them! no hard to slip brown rice into this one either.,5,1
absolutely delicious. followed the recipe to the letter. awesome!!!!,5,1
"everyone loved this dish. i made it super easy by using frozen chopped onions and instant potatoes. but after reading some of the comments, i can see it's a very vestal recipe.",5,1
"i make this bread at least once a week, sometimes more. my son can't have dairy or gluten, so this is perfect. i will sometimes add dairy-free chocolate chips. i also don't always make it into loaves. it bakes great in a 9x13 pan and the extra batter i use for muffins.",5,1
love this soup and do share the recipe with everyone i serve it to. i find it's a great way to use up leftover pot roast.,5,1
making this again tonight because it is a favorite at our house. the flavor and consistency are great when hot and even better the next day on a sandwich. i make my mini loaves bigger than suggested - 4 loaves instead of 8. one pound of meat only serves 4 here.,5,1
this was a major hit in our home. my daughter is a veggiei-hater and she even loved it. this is a definite future meal in our home again.,5,1
"if i am allergic to soy, is there something i could substitute for it? i'd really like to try it!",1,0
"i made this several weeks ago with minor changes... omitted the brown sugar, and added hot paprika. i also didn't add the rice until just shortly before we ate because i don't like mushy rice. there wasn't a drop left!",4,1
a great base recipe to start with! made this for labor day party and made it again since then. i added a little garlic powder and used champagne vinegar and a little bit of dill pickle juice to zip it up. best of compliments: a clean bowl!,5,1
"a good recipe, bakes up light and fluffy, but the next time i make it, i will decrease the sugar by half. sweet: so depending on how you use it or what you pair it with may determine how sweet you like it.",5,1
this was phenomenal! i would certainly make this again. i followed the recipe and had nothing but compliments:),5,1
these bars are better than banana bread. very moist. i add chopped walnuts and the bars go fast whenever i make them.,5,1
i like the idea of the flattened chicken! i also modified the recipe by cubing the chicken and breaking the bacon into bite size pieces. this makes it easier for younger children to enjoy too.,5,1
"to reduce our sugar intake, i reduced both sugars by 1/3 and it turned out fantastic! i will definitely be making this again!",5,1
this is the best....a real family favorite. if you love seafood and pasta you'll love this!,5,1
these are yummy! i agree w/ teadrinkinlady and will use more enchilada sauce next time. definately going to make for friends and family if i am able to share ;0),5,1
delicious! those of you who substitued oil: did 2 tbs oil replace the 1/4 cup of shortening?,5,1
"this recipe was off the charts!! six years ago, my husband and i were in venice and ate at ""the black cat restaurant"" in burano. he had a seafood lasagna and has been asking me to make it since. i finally found this recipe and made it yesterday (father's day.) well--he flipped! it was sooo delicious! told me that it is his favorite dish ever!! asked me to make it again for his birthday in september. thank you so much for this recipe.",5,1
"high hopes with so many great reviews. unfortunately, this is way too sweet. on the bright side - the kids love the sugar rush and candy bar like sweetness, so 2 stars for that. cool whip and 1 cup of sugar with the cream cheese, then jello and the sweet syrup strawberries. next time i'll find another version of this with a lot less sugar and using heavy whipping cream.",2,0
"i recall making this bread and if i remember correctly, i'd used 5"" miniature loaf pans.i greased and floured the loaf pans used. if using other pans, i suggest one to two 7-1/2x3-1/2"" loaf pans, greased and floured! i'd used the peel of 1 large lemon, 1-1/2 cups fresh or frozen blueberries with 1/8 cup all-purpose flour mixed in with the berries to prevent them from sinking to the bottom of the loaves! i'd used 1/4 cup lemon juice and1/4 cup sugar and i cooled the bread at least 20 minutes so that bread had a chance to settle! i glazed the loaves as soon as they came out of oven. i'd probably bake the miniature loaves 40 to 45 minutes and the 7"" loaves at least 45 to 50 minutes. i used my cake tester to test the loaves and made sure that the cake tester came out clean! this recipe is a good one! thank you for sharing this recipe! delowenstein",5,1
i made this right after i got the recipe and my family loved it. i will definitely make it again. lf from wa.,2,0
"i loved this recipe the first time i made it! i found that if i stack up the potatoes and onions in my 8x8” pyrex dish, and pour the cheesy rue over them to make it even better the second time i made it! however, using this method, pouring a drizzle of milk on top before covering keeps the whole dish very creamy! family and friends always rave about it!",5,1
"these cupcakes are easy to make and have a wonderful flavor. the cream cheese frosting with added cinnamon is a hit and i will be using it for other cakes (like carrot cake). the cupcakes tend to collapse and become flat topped instead of the usual cupcake shape. however, the shape doesn't detract from the flavor. my family loved them!",4,1
i am coming back online again to get this recipe. i have tried other recipes over the years but always come back to this one when i am having company and want my lasagna to taste just right!,5,1
this was great. at our mother's day bbq it got rave reviews from everyone,5,1
i just made these and they are wonderful! my house smells so good.,5,1
hands down one of the best soups we've ever had! the only thing we changed was adding one can of the green chilies instead of two. my nine year old couldn't get enough!,5,1
we all loved it; it had a wonderful flavor and great consistency very moist. i used a very coarse corn meal which i think i'll get a finer one next time but that's a small thing; it just made it a bit gritter than i would have liked didn't affect the flavor at all.,5,1
every time i try a new recipe i make it exactly as shown. the next time i tweak. with this recipe there is nothing to tweak! it is delicious as is. i made it as a snack at christmas and everyone loved it! i ate 3 as a snack! love finding recipes i can keep forever.,5,1
"i made these to take to visit a sick family member and was pretty disappointed by the lack of flavor in the bars themselves. they definitely need spices other then just cinnamon and i regretted not adding ground cloves, ginger, and nutmeg but i wanted to make the recipe exactly as shown. the frosting was good but was the only flavor you could taste.",2,0
"this was very good! i didn't have all six cups of apples. i only had 2 granny smith and 2 fugi, which gave me close to 5. it didn't matter because it was still full of apples and really delicious. the crust on top was crispy after baking so i wasn't able to test with the spring back like a regular cake recipe so just use a toothpick to test. it almost tastes like an apple crisp cake. i have to add the i didn't make the sauce and it was sweet enough without it. my boyfriend doesn't eat sweets and thinks its too sweet but i can't stop eating it. i gave some to my family and they loved it too. i will probably make it again.",5,1
"fabulous, i receive tons of raves with this! i mixed it all together instead of layering it, and then put it in my crockpot and cooked on low (my crockpot runs pretty hot) for four hours. i buttered my crockpot really well first, and that seemed to help keep it from sticking too bad. i took it to the party, and left the crockpot on warm for several hours, and it worked out just fine! everyone said that i'd have to make that everytime we get together. and no one even guessed or realized that it was gluten free, a true feat for us celiacs! :) (note, it's also a meal unto itself, so as a celiac at a social function, you know you can have a full meal in just the one safe dish!)",5,1
"i am sure that to someone that has never tasted real new england clam chowder this might taste good, but there is no way this tastes anything like the chowder that we make in boston or anywhere else in new england. you can call it washington clam chowder or northwest clam chowder or west coast clam chowder, but not boston or new england clam chowder. we would never put celery or garlic or thyme in our chowder!!!!!",1,0
excellent recipe and easy to make. i cut the recipe in half and make one pot pie.,5,1
this was a big disappointment. all i could taste was the flour so anyone that makes this recipe should use less flour. i might make this again but would defintely not use 6 tbs. of flour. i think you need to experiment with this recipe to come up with the correct measurements. i did go ahead and serve this but threw out the remainder.,1,0
"yummy soup and easy to make. i have made this twice in the last week. i just used grated cheddar cheese and i did not have any green onions, otherwise i made it just as it says.",5,1
"made it for company tonight! i served it warm with vanilla ice cream. it was very good. i freeze peaches during the summer. when defrosted, they give a lot of peach juice. i used the peach juice, instead of the water called for in the recipe, to make the topping. after reading other reviews saying it was too sweet, i cut out the white sugar in the topping and used only the brown sugar. my husband said it was as good as my peach pie. it's much less time-consuming than making a pie so i'll be making it again!",5,1
delicious! but i tweaked it a little. i baked the potatoes and gravy first for half hour. and i put onion powder in the gravy. i also marinated the pork with cajun seasoning and olive oil for a few hours before hand. then i coated the pork with corn starch to hold the moisture inside. pan fried it with a little olive oil enough to sear it. then add to the potatoes. and i keep it closed the whole time. bake another 30 min in 325f,5,1
love this recipe! i add minced garlic when melting the butter. i've made this 3 times and the last time i doubled everything but the potatoes to make sure it was extra creamy. my family loved it!,5,1
this soup is so good!,5,1
"this cake is awesome. i live at high altitude and had to make adjustments to account for that. i decreased the sugar to 2 1/2 cups, increased the flour to 3 cups, increased the water by adding an additional 1/3 cup and decreased baking soda to 2 1/2 tsp. i made cupcakes instead of cake. i usually let my batter rest for at least 15 minutes before baking. however, i made my first batch as soon as the batter was loaded and the cupcakes rose okay but spread a little. the batter that had a chance to rest made perfect cupcakes. they rose without spreading at all. it's important at high altitude to not fill the pans too high. i filled them to about a half to 3/4 inch from the top and it was perfect. unfortunately there are no magic adjustments that you can use for every recipe. it's all trial and error at altitude, but my adjustments luckily were perfect for this recipe.",5,1
love this ......great way to use up a jar of pizza sauce too... come summer everyone has zucchinis ....everything is in this meal too...a filling side dish or a complete meal.... made it in ramekins...a good way to serve it too...spray the ramekins tho...sausage substitute work's as well...biggest deal is getting all the water out of the zucchini ....,5,1
"this was good, but i made it with 1 pound of cubed boneless pork, a sliced yellow onion, a sliced green bell pepper, and a sliced yellow bell pepper. i tripled the sauce ingredients except for the brown sugar (which i doubled). i let it simmer for 10 minutes instead of 30 because of the meat cube size. we had enough sauce for our rice too.",4,1
i have made this for a few years. it is delicious. everyone i have made it for loves it.,5,1
i've made this recipe numerous times and it always comes out great! i cut the recipe in half and use half of the required flour amount because we like our gravy thinner. i add two tablespoons of white wine to the broth/milk mixture. i also only use one crust on top (no crust on the bottom). this recipe is a keeper!,5,1
loved this recipe! great flavors and different from my regular enchiladas. it was a nice change! making them again tonight for cinco de mayo!,5,1
"i didn't see cream cheese in the recipe, but it was in the description so i added it toward the end. i added a little adobo seasoning and used my own dried cayenne, also added diced tomatoes with green chili's, otherwise made the recipe as written. it was fabulous. a forever keeper. thank you!!",5,1
"made these for 2nd time today, this time used a grill pan so the excess fat drains off - worked great. i prefer to saute the onion before adding to mixture, not a fan of crunchy onion in meatloaf. i ran out of ketchup today so used tomato sauce instead - tasted just as good.",5,1
"made this tonight and we both loved it. since i just had regular tomato sauce, i added italian seasoning and some garlic powder. definitely a keeper.",5,1
"absolutely delicious! if you like, use shredded cooked chicken in the filling (add after the onions are cooked in a little olive oil) instead of the beef. substitute chicken broth for the beef broth.",5,1
"i own a deli and serve soups every day. i look for new ideas all the time. i saw this recipe, tried it, and it was a hit. i did substitute beef broth because i don't like water in soups. i also added more pepper and rice. this is a keeper for plain nuts deli.",5,1
made this tonight. i used milk instead of broth and added cheese into the sauce and in between the layers....yummy,4,1
i did a half recipe of this and added 1/8 t of cinnamon and it came out amazing. everyone is right... this is very moist and delicious!,5,1
"tasted fantastic! i smothered mine in easter-dinner leftover turkey, and gravy and i now understand why ""chicken and waffles"" is so popular in the states. great 4/20 recipe for sure!",5,1
"i tried this recipe yesterday for dinner. my husband and family said it was delicious maybe, the best lasagna he has eaten.",5,1
this was my first time making peanut butter fudge. this recipe was sooooo easy! i couldn't believe it. thanks for sharing!!!,5,1
"this cake got rave reviews at christmas! very light and airy, not overly sweet or rich at all. the frosting was just delicious!",5,1
"best cake ever! been making this one since 1985 (it's a mable hoffman recipe, first showed up in the ladie's home journal that year). i also often will freeze the third layer, and tote the other two to whatever event needs a great chocolate cake.",5,1
"i was looking for an easy, foolproof bread recipe that did not require a bread machine. this was perfect. after making it according to the recipe the first time i got brave and added shredded coconut and some coconut extract to a batch. worked great. next i tried it chopped toasted almonds and almond extract - super good. will keep using this as my foundation as i try a few more variations.",5,1
"easy and delicious. will make again! next time i will do as many others recommended, put the chops on the bottom, and for the last 30 minutes put them on top.",5,1
"i made this recipe today and i would have to say it’s nothing great. i did not add the potatoes and celery as these are not things i would typically expect in a “cheeseburger soup”, however i did add the carrots as it is nice to have some veggies in there. i also added macaroni so it wasn’t just liquid cheese i was eating. i guess i just hate american cheese, it’s very fake tasting and leaves a sticky coating in your mouth. i am going to try this recipe again with real cheddar and hopefully it comes out tastier.",2,0
"so simple and delicious! i substituted leftover pan-fried tofu and one lightly scrambled egg in place of the ground pork, used pre-packaged coleslaw mix and about 1.5 cups of shredded carrot and then topped off the finished produce with a sprinkling of peanuts and sriracha sauce. i love someone's idea of using spicy mustard and/or sweet and sour sauce in the future! will definitely be making this again!",5,1
just okay. it's your average banana bread.,2,0
"this is the greastest chocolate cake i've ever had. when i was very young, my mom received the premiere issue of toh. we made this cake, and i've been making it ever since.",5,1
"way too much sodium. you should take in less than 2,300 mg a day--not in one meal.",1,0
this is my favorite banana bread recipe. it always comes out perfect.,5,1
"great recipe. my family loves them. i keep seeing comments on the sugar amount, it\'s 1 cup of sugar for the cookies. the additional sugar is to roll the cookies in once you have them formed into the ball. i put mine in a tupperware container, place one cookie at a time in it roll it around to cover the cookie, then i place the cookie on a cookie sheet and bake. the amount of sugar changes depending on how big or how many cookies i make. i believe that\'s why there\'s no amount for it. i usually start with a cup and go from there. best of luck.",5,1
amazing !!! it's a hit every time. i use almond milk instead of 2 %.,5,1
i have made this for christmas morning the last 3 years in a row. delicious for breakfast or dinner.,5,1
this is without a doubt the best banana nut bread recipe i have ever found!! i always have bananas and have made countless different recipes but never found one i really liked until i made this one. i followed the directions from start to finish and wouldn't change a thing. this bread is so moist and has the best flavor. i would completely agree with it's name....best ever banana nut bread!,5,1
"this is the #1 favorite of my son, so i make it often. the whole family loves it! we cannot eat bell pepper, so i omit them.",5,1
"this was a tasty recipe and it made the whole house smell wonderful as it was cooking! i took this to a work potluck and the flavors melded nicely for a couple of days before i reheated it. you could really taste all the spices and the pumpkin added a depth of flavor that people couldn't quite figure out what it was until i told them. very sublime. great recipe, thank you!",5,1
really yummy! mine did take a lot longer to bake - maybe because i used the convection option on my oven. but the bread turned out great!,5,1
very easy and delicious. my family fought over the small amount of leftovers the next day!,5,1
a great change! really good.,5,1
"this is delicious and i love that it uses an entire big zucchini. my whole family loved it and i will make it again. i thought the bottom was a little soft and next time i make it, i will try adding a couple tablespoons of cornmeal to the zucchini mixture with the hopes of it becoming like polenta.marylynhope",5,1
"great recipe, my picky eaters ate it all up!",5,1
"i make this any time i have bananas that are really ripe, it's really good!",5,1
delicious,5,1
this was my first time making fajitas. we (+children) loved the flavor....not too spicy. the chicken was tender and topped with sour cream. i will make this again!,5,1
i just finished making 7 of these breads plus 1 made with stevia for a diabetic friend. they were easy andcame out looking great. they smell divine so i am hoping they taste that way as well,5,1
"i was hoping that this recipe would be a real winner being that it got previous rave reviews, but i was very disappointed. this cake lacked in flavor and sweetness and was too dense. the only saving grace was the frosting, but then we decided that it still wasn't worth it so it went into the trash. back to the drawing board!",2,0
delicious and simple,5,1
"this recipe really is good! while it bakes, it smells so delicious that you just want to dive in before it is finished baking. for me 45 minutes was enough. the bread was not crumbly or dry. it was the perfect amount of moisture, and the flavor was great! i am very impressed since it is a gf recipe. some do not turn out this well.",5,1
this is one of the most delicious dinners we have had. it freezes well too. :),5,1
"wow...this cake is amazing! i followed the instructions pretty closely, except i used brewed coffee instead of boiling water. i also added a raspberry filling between the layers. it was one of the best cakes i've ever made! this is definitely my new go-to chocolate cake.",5,1
"this was excellent! i only had 1 can of chili’s so i opened a can of jalapenos and added a teaspoon. i threw it all in the ninja foodie and put it under pressure for 20 mins with quick release. then i added the sour cream and whipping cream. i served with crisp tortillas and shredded cheese. it was loved by all, even my granddaughter. i will be making this again! oh, i didn’t have great northern beans so i used two cans of white beans. turned out perfect.",5,1
"i've tried over a hundred mac and cheese recipes and this one is the best i've ever had! mac and chs is my favorite dish ever, so this is the one...only thing i did different is used whole milk, a little extra for creaminess, and more cheese:) i'm a cheese lover so i added some extra:) excellent!!!",5,1
my family and i love this banana bread. the only thing we do is putting less glaze.if you like sweetness than add on the glaze.awsome!!!!,5,1
this is a good oatmeal cookie recipe soft and chewy.yum,5,1
"have used this recipie for years, using all butter or margarine for icing, no shortening. 5 tbl. flour is correct",5,1
100% delicious!!!!! this recipe is a winner to my family and i. very easy and fun!!!!,5,1
my husband and i absolutely love this recipe!! we are cutting back on carbs now so i tried mashed cauliflower instead of potatoes on top. still came out yummy!!,5,1
made this today (half recipe) and loved it. i used a cup of the frozen hash browns instead of fresh potatoes and that worked fine. this is a keeper!,5,1
best corn bread ever! love the simple ingredient list. we like them as muffins.,5,1
i made these for a family gathering & everyone loved them. they had the perfect amount of banana flavor & the frosting was so good i could eat it by itself!,5,1
i love this recipe. i marinated the chicken overnight though and it had a terrific kick to it. i also added lettuce to the add on choices. thank you so much for sharing this.,5,1
"used less butter and reduced sodium broth, soup and bouillon. cooked the wild rice in a good rice cooker for perfect consistency. will definitely make again. 5 stars!",5,1
"i made this soup and my husband loved it. i gave my best friend a bowl to try and when her husband tasted it, he made her make a pot of it the next day. this is very yummy and very filling.",5,1
i have made this cake several times! it works great for cupcakes too. i even won a couple of work bake-off competitions. this one is definitely a keeper.,5,1
"i make this recipe all the time. i always double it so i have leftover meat to use in other recipes. i put the salsa in at the very beginning. at the end, i shred the chicken, add 2 cans of rinsed and drained black beans and 1 can of drained corn. this meat works perfectly for enchiladas, spicy taco soup (just add chicken broth & a can of rotel, top with tortilla chips & cheese) and is great for quesadillas (just drain the juice, add cheese & toast) it's really an excellent recipe and base for lots of other recipes. my family loves it!",5,1
this was very good. i only used half of the thyme and made my own crust. delicious. i used low sodium broth and no added salt.,4,1
i've looked for years for a recipe that cooks the potatoes completely and now i've found it. very tasty and quick to put together. not one complaint or alteration needed:),5,1
i though this pot roast was excellent after its cooked i shred it up and thicken the juices with some cornstarch then add the meat back into the juice very yummy,5,1
yummy! :),5,1
"i made this,. therefore, i would not recommend. then i made it my way. instead of flour i added an extra cup of potatoes. then after boiling potatoes in chicken broth, removed a cup of potatoes and mashed them. returned to pot, added a little cream. and had a deliciously thickened soup. oh and i never use cheese. it’s not needed if you season your potatoes properly.",2,0
"when i put this recipe together the batter was extremely thick, and i could barely fold in the apples. i struggled to press it into the 9x13 pan. i thought for sure i would have to throw it out the next day and find another recipe for the birthday party. to my amazement it cooked perfectly and my family loved it. i will use this recipe without fear for any occasion.",5,1
this is a great recipe! bone in chicken thighs are always on sale and this is a great way to use them. my family loves this dish . i serve these with mushroom fried rice recipe from the toh site.,5,1
"this is a great recipe. nice and creamy, the rhubarb is very mellow and the topping is not too sweet. this will go into my keeper recipes. i made the recipe exactly as is and didn't make any changes.",5,1
very good,5,1
this was the best apple crisp i have ever had!!!! i will definately be making it again and again. i did omit some of the sugar because i used a sweeter apple and it turn out great!!,5,1
"make these every few weeks, kids like to grab them on their way out the door in the morning. best muffin recipe i’ve tried.",5,1
killer recipe! right amount of everything! made to raise money for our american legion on their spaghetti night. not a crumb left!,5,1
"this is absolutely delicious - i would give it a 50 star rating if i could. we made it exactly the way the recipe states, we figured if we liked it and we were going to make it again we would make a change then. however it is perfect exactly the way it is, we love it!!! i made a batch yesterday (already gone) so i'm making another batch today. anyone who said they didn't like it (which is maybe one or two) must have used different brands or something than what we did because this is seriously good.....i can't wait to have more today!!!",5,1
so disappointing. not good at all! threw it all out.,1,0
i prepared this dish for a holiday get-together and received great feedback.,4,1
"this was a great recipe - very tasty cupcake - a bit like a spice cake and the frosting went so well with it. caution, the frosting is very sweet, but it frosting!",5,1
this was very good and easy. made it according to recipe and no changes. will make this for the potluck tonight.,5,1
fragrant and moist - i've made this bread several times now and it is consistently delicious!,5,1
i made this for the 1st time and definitely not the last time! this soup is amazing! i doubled it because i share it with family and friends. i added fresh chopped garlic and chopped onion. i also added 2 envelopes of goya seasoning. we slurped it up with some garlic toast and couldn't stop raving about it as we ate it! what a perfect soup for fall and a cold day! i will definitely be making this in the winter too! thank you taste of home for a most excellent recipe!!! =),5,1
"this was very bland and didn't have enought cream cheese, would not make it again",2,0
either something went terribly wrong (could be my fault) or it was not to anyone's liking...,2,0
family loved the recipe and i served it in the bread bowls from this site. thank you for sharing. we used reall cheese instead of the velveeta.,5,1
"i am typically not one to eat chocolate cake, but since it is my mother's favorite i made this recipe for her birthday. i made it exactly as listed and it was amazing! i have never had any type of cake that was so moist. i can't wait to try the recipe for cupcakes!",5,1
"i have made this pie several times over the years, and people actually request it. if you love fruit crisps, you will like this pie. it is best eaten fairly soon after you make it, as the topping starts to draw moisture from the fruit.",5,1
amazingly good! my family prefers this recipe over my italian-born mother-in-law's!,5,1
this recipe has been around for quite a while. i make it often and love it. it's pretty simple and really yummy.,5,1
"i should have read the reviews with this one. the sauce is too thick and so the end product isn't as creamy as i'd like. it was too dry. for the effort this took, it wasn't worth it.",2,0
i go to this recipe all the time. i will say that i add 2 t. cider vinegar to the ingredient list. i keep it in a pint in refrig so i have it on hand when i want to mix up a small batch for the 2 of us. yummy!!,5,1
i halved this recipe to make one perfect pie. i used chicken stock to cook my chicken breasts then reused to cook carrots and potatoes. used 2% milk and light butter. very delicious!,5,1
easy weeknight dinner. the sauce needs a little extra seasoning.,4,1
"made this twice now. used one pound of ground beef, 2% milk, and shredded sharp cheddar cheese the second time and i think this made the flavor better.",5,1
i made this for thanksgiving to try something new. everyone loved it. it was easy and so very yummy!,5,1
"i've made this bread several times already! the first time was good, and has only gotten better each time! i concur with ryan below about using bread flour (i used king arthur), but i use my wife's beloved kitchenaid stand mixer which more than meets and exceeds the challenge of kneading. i also divide the dough into thirds (and can even go for four small loaves), and it does keep for a few days, if it lasts that long! :-d the final bread product, when made with bread flour, is a good crumb, nice chew and wonderfully crispy, yet soft, crust.a wonderful beginner's recipe! i'll experiment with adding herbs and other flavors to this dough!",5,1
easy and good...will make again,5,1
this soup was very very good,5,1
this soup is so good. i added 2 diced jalapenos and extra beans and used 1/2 & 1/2. will be making this for christmas eve dinner with the kids. yum!,5,1
i followed the recipe,5,1
"this soup was really good. i was skeptical but the photograph looked so good, i decided to try it. it was my first time making it so i followed the recipe. next time i make this, i will cut back on the amount of water but other than that - it was perfect. it does actually taste just like stuffed peppers with much less work.",5,1
i've been making cheeseburger chowder for 20 years my recipe is better...but nice attempt lol velveeta,2,0
i have made this twice! first the way it was shown and second i added more stuff and played with the cheeses and flavors of ro-tel that is offered. this flys out of the kitchen so fast it's crazy!,5,1
"this was very good, but a little too soft for my taste. i think next time i'll use less and see if that might firm it up.",5,1
"i make this several times a year, i bring it to staff breakfasts at my school as well. always a hit.",5,1
i'm always looking for the perfect shrimp scampi recipe. this might be it.,5,1
"i've enjoyed this dessert before, and wanted to try to make it myself. i think the numbers here are a bit off. as recommended in the comments, i used a larger dish. there is a problem with the amount of pretzels used. the cream cheese layer is delicious and super sweet and very, very thin (and would be just very thin in the smaller pan.) it would also make a good dip for fresh berries. speaking of berries, 32 ounces of frozen strawberries??? i think that might be a mistake too. i'm not pleased with this outcome, and hope i have time to shop and redo it before the picnic tomorrow.",2,0
am i the only one who cannot see what temperature to bake this at?,5,1
this soup is rich and delicious. this is the second time i've made this recipe and i have made a couple of additions. i use a pound of hamburger which is perfect for my family. we like a punch of flavor so i add a can of rotel. i use the emersion blender and all it does is add flavor and it doesn't change the color. i fried some bacon and we added it as a garnish. delicious!,5,1
"just a question: do we have to preheat our convention oven for this? if we have to, how much and how long should we set it for?",5,1
i made this recipe tonight and we thought it was delicious. i did read some of the reviews and made some changes. i used italian style tomatoes without blending and i increased the basil and oregano to 2 teaspoons. it gave the dish plenty of flavor. i baked it for 30 minutes then removed the cover and finished cooking the last 10 minutes. it was perfect. we will be having this again. i highly recommend it.volunteer field editor,5,1
my brother put a wonderful cream in the middle and it was decadent! the most delicious chocolate cake i've ever tasted! i always request this cake for my birthday!,5,1
"i decided to make it today after reading the reviews, but it was extremely sweet. i won't make it again.",2,0
"wonderful flavour, with just a little kick to it. didn't have any cumin, so added a 1/2 teaspoon thyme.",5,1
this recipe is wonderful! thanks anne and thanks to your daughter-in-law.,5,1
"i’ve made this for years. learned from my mom. we make extra sauce snd use it over mashed potatoes or we wedge some cabbage, lay it on top of the meatballs snd pour the sauce over it all. family favorite for sure.",5,1
this apple pie is amazing. i added other ingredients to it like coconut and it was so nice.,5,1
i searched the web for a peach cobbler recipe and was glad to find this one. the recipe is easy to make and absolutely delicious. my picky grandson had four servings and everyone raved about it. thank you.,5,1
"love this dish! always make 2 pans, 1 with pasta and the other with spaghetti squash (cut open remove seeds ect then rub with cut garlic and olive oil,bake about 45 min.when cooled scrape out ""noodles"") we all actually like the squash better plus it's diabetic and figure friendly. i mix soup in with sauce cause it's easier and tastes fine. try this you'll love it.",5,1
"this has been a family favorite for years. have no idea why people have had tasteless, dry results. never had that happen. have been asked for recipes whenever i have served it at parties or brought to gatherings. always make sure i have copies available. wonderful summertime dessert! we are a family of diabetics so this treat is special",5,1
"too eggy, egg runs to center of pan ,solution,only use unfrozen coconut,remove 1 egg, add a bit of condensed milk, .",1,0
"awesome and delicious, best part is sour cream can be left out and it can be topped with ranch once it's done",5,1
have made this by the original recipe and think this updated lower fat version is much better. the topping could served in small dishes sprinkled with nuts or some other topping for a great light dessert.,5,1
delicious. have been looking for a cake like this for years. icing is amazing. thank you!,5,1
simple and quick and very tasty. i would use regular chicken broth instead of reduced sodium. it was good using the reduced sodium broth but just a little better after i added some salt.,5,1
this was great. my husband went back for thirds....then asked if he could have the last bit of chicken still left too! served with a side of sugar snap peas and fresh fruit.,5,1
"as is only a 2 because there is no taste/flavor. i may make this again with these changes. 1) i'd put the pineapple juice in the cake in place of the water. 2) i may tried putting a 2nd can of pineapple in the cake to for more flavor. if that doesn't do it, then i could try the trifle as others suggested. this is something that ""feels"" light after a meal.",2,0
omg i love this recipe!! everyone who tried it loved it too. i will make this again.,5,1
"delicious, i made it with some turkey meat that i simmered off the bones. it was very easy.",5,1
very good and moist. i will make this recipe again.,5,1
"i made this recipe when it first came out in the taste of home magazine in about 1998, i think. i may as well not show up for christmas day gathering if i don't have them. ;-) i share this recipe with everyone. the only change, which puts it over the top for flavor is that i make home made microwave caramel instead of buying it. it makes it irresistable!",5,1
very yummy and easy to make. will definitely make again.,5,1
"very tasty, but the bottom tortilla was very hard. i let it sit for 10 minutes before we cut it and it still oozed all over the place. did not turn out well....maybe my salsa was too watery, i'm not sure, but we couldn't even save it for leftovers; it was too runny.",2,0
"perfectly delicious! my family loves it. it is pretty, as well as tasty. i am making it again (third time this season) but leaving out the nuts, as i am making a different kind of bread that really needs nuts and i want people to have a nut-free option.",5,1
"next time i would use a little more spices. i only had half the tomato sauce,so added 15oz. of tomato with green chilles . i also added tbs of worcestershire , minced onions and garlic. i would also add celery",4,1
great bars...have been making these since they first appeared around 1999 in the taste of homemag. recipe section. !!!!!!!!,5,1
"love this soup!! i make a meat-free version also, just saute the veggies in a little butter or olive oil and then add the broth and potatoes.",5,1
can i substitute pepsi/coca cola for the beer?,4,1
"i have made this cake many times it is a favorite in our family. but i changed it to use banana pudding mix(sugar-free) and use a small can of crushed pineapple which is sufficient. also use 1/2 cup canola oil instead of applesauce. my great grandson's special cake, it tastes like a banana flip.",4,1
"what a wonderful easy dish,thanks for another tasty meal. used coleslaw mix and left out the salt. very tasty dish!!",5,1
"loved these cupcakes! not overly sweet or heavy. most of the sweetness comes from the frosting, and the cupcakes wouldn't be near as good without it.",5,1
"a deliciously fabulous cake - a real family favorite! made it for my own 3-tiered wedding cake, and every last bite was gone!!",5,1
"i followed the suggestion of the other reviewers and added 1/2c sorghum flour. my bread turned out beautifully! i baked this recipe and my regular recipe and had the family taste test them side by side. although they guessed which one was gluten free, an observation was that the gf bread was more moist. from here on out, this is my go-to recipe!!! :)",5,1
"excellent- very moist. my husband tried it and said ""i think i like cornbread now"". many recipes are too dry, but not this one",5,1
awesome!!!!!!!!!!!!!!!!!!!!!!,5,1
needs a thickening agent. i let this pie sit for over a day and a half and it was still way too runny. had a decent taste but the cinnamon and nutmeg was a bit over powering.,2,0
"i read all of these reviews and finally i found one that had the same issues. i can not believe no one had issues! i used 9"" pans, the dough over flowed and created a huge mess. the pans were greased ,floured and cooled and the cake stuck to the pans. the cake was moist maybe to moist. the cooking time was way off. i cooked it for an hour. and yes my oven's temp is correct. the icing.....had an after taste of flour and i still had grit from the sugar. after doing patch work on the cake, i salvaged it to a degree. no i would not recommend this cake to anyone. it was a disaster!,",1,0
"my family loves this! my sister in law even wanted the recipe. its a quick, easy, family pleasing meal!",5,1
"<p>i always use 12 eggs but otherwise follow this to a t, and love it! have tried with both bacon and turkey sausage and it's great both ways!</p>",5,1
this recipe was super good and easy. i believe the yield says twelve but i assure you it would serve many more. i brought this up to my cabin during the fourth of july and it really went well with every main dish we made. i didn't have cider vinegar or celery so i went without and i still thought it was delicious. i would definetely bring it to a potluck to share with friends.,4,1
outstanding! followed recipe exactly except used a pre-chopped fajita veggie mix from the produce aisle. could not have been quicker or easier! thanks!,5,1
"very bad experience. do not try. the batter was so lumpy even though i used everything stated above with exact quantity. then when i baked it, it didn’t even rise properly and tasted gross. i’ve been making hot milk cake with a different recipe but i wanted to try a new recipe and now regretting my decision.",1,0
"amazing cake!!!! i made this cake for the first time and it is wonderful!! my husband and many of the individuals that we shared with stated that it was the best chocolate cake that they ever had. i totally agree and will make it many times again. it is one of our favorites. also, i agree with other reviewers, each layer of cake is a nice size and there is plenty of icing to coat the whole cake nicely.",5,1
dh loved this. it was flavorful without being overly spicy. i also omitted the thickening step and did not miss it.,4,1
my this meatloaf is one my whole family loves. i made some gravy from the pan drippings for the mashed potatoes. yummy!,5,1
this very recipe came out in 1995 and i have used it many times since. everyone loves it!,5,1
"the recipe caught my eye at soft and ginger. the reviews that read chewy, easy and ginger snap flavor convinced me it would be worth the effort. used the exact ingredients/amounts, and a 1 1l2"" cookie scoop; lightly pressed each dough mound with a heavy flat-bottom drinking glass, dipped in sugar. results: crackled top, soft, chewy and ginger snap flavored perfection. shared the first batch with my ""taste test field specialists; a.k.a. family members-huge hit. made a second batch (altering nothing) the very next day; same great results. can't perfect, perfection! this will be another family favorite added to my taste of home collection!",5,1
"i made brown sugar oatmeal pancakes this past saturday morning for overnight guests. i didn’t have whole wheat flour, so i used all white flour; i also added a teaspoon of vanilla extract. everyone loved them!",5,1
"was so happy with how this recipe turned out! i needed a breakfast casserole for a girls weekend getaway & this recipe really came through! it sounded simple ( in ingredients & instruction). big plus...ingredients were readily on hand. the only changes i made was to substitute the swiss cheese with pepper jack cheese, & added a dash of granulated garlic. chopped green chilies sounded good as well, but i didn’t have any on hand...next time! the casserole was so flavorful. everyone enjoyed it. i will definitely be making this recipe again!",5,1
this is absolutely the best chicken chili. i have made it for several different friends and everyone just loves it. i make it exactly as the recipe states.......delicious!!!!,5,1
i made this without letting the chicken marinate because i was in a hurry and it was awesome. i'm sure it would be even better if it had time to marinate for a while. i usually use store bought fajita seasoning but didn't have any so used this recipe. the combination of seasonings was perfect and much better than what i have used from the store. this recipe is a keeper.,5,1
excellent! i grated fresh nutmeg on the top of the cupcakes! beautiful and delicious!,5,1
"<p>my husband and i really enjoyed this baked spaghetti. my only change i made was to leave out the olives because we aren't fans of them. next time, to appeal more to the kids i will likely used crushed tomatoes instead of diced because they turned their noses up at the ""tomato chunks"", and be sure to dice up the peppers smaller than i did.</p>",4,1
"this is an easy to make pie that is delicious and low in fat. the filling makes a little more than will fit in the crust, so i just get out a spoon and eat what's left in the bowl. i have made it several times and my family loves it.",5,1
should be called best ever apple crisp!,4,1
this was fantastic! a huge hit with all 5 of my boys and my husband - not an easy task! will definitely make this again and again!!,5,1
"delicious recipe! was given to me by a lady i work with, and she got it from taste of home!",5,1
this is by far the best apple pie i have ever made and eaten. i think it is the brown sugar instead of all white sugar. whatever it is it is fantastic!,5,1
this salad is great. the only problem is it makes a huge batch.,5,1
"i am the 75 years young chief cook and bottle washer in our home. i made this recipe exactly as posted and it was deliciious, juicy, and tender. i put the juices in a small pan and thickened the gravy with 2 tbs flour whisked in 1/2 cup water and served it with mashed potatoes and green beans. i got rave reviews from my wife of 50 years. love your recipes! keep up the great work.",5,1
"i agree, this is a wonderful recipe, the buttermilk makes a big difference. my recipe is almost 30 years old, and uses a stick of oleo instead of oil, 1/2 cup of buttermilk and only 1 cup sugar. it never fails to please.",5,1
moist and delicious. best ever pumpkin bars.,5,1
very good! made these and gave some to my neighbors. all good comments! i am so making these again. i added some sugared ginger instead of regular ginger.,5,1
wonderful and creamy!,5,1
"i've made this many times. used ham, bacon, & hot sausage. i always use fresh potatoes. for the lady that said her potatoes were brown, all you need to do is soak them in water as soon as you take them out of food processor. it is so much cheaper this way instead of buying the frozen ones and i always have potatoes on hand.",5,1
"i am sooo happy that i found this recipe. i have been gluten free for a while and always have a hard time eating the gf baked goods because of an unusual flavor...well, this recipe tastes almost like regular banana bread. it is so good!! i will definitely make this again!!!",5,1
"my husband and i had this with a big pot of ham and beans. it adjust enough sweetness. it is a big recipe-13x9, so next time i’ll probably cut in half. it tasted really good with the beans on the coldest night this year!",4,1
i didn't have italian dressing so i used the red wine vinaigrette that i had. put a whole pack to taco seasoning. substituted the black beans with corn. hubby don't like sour cream so i added it to mine at the end. very good. will definitely make it again.,5,1
"we recently made a switch to lower carb eating. this was really good, and anyone who knows me knows how much i intensely dislike zucchini! i spite of that, i made and enjoyed this dish, and will definitely make it again.",5,1
absolutely delicious. i have tried many pancakes from these recipes and i love all of them. cant really choose just one favorite,5,1
very good and easy! i used tofu for the hamburger!,4,1
"made this for dinner tonight. whole family loved it. however, i made a few changes right off the bat. my current changes were: i used whole wheat flour tortillas, venison burger (about 1 1/2 pounds), two packets of taco seasoning. 4 cups (2- 8oz bags) of shredded mexican cheese. we also added sour cream and guacamole as a garnish.things i will do differently next time i make it: i will use sliced green onions in beef mixture and as a garnish. i will use a tub of fresh salsa instead of mexican diced tomatoes, and when i do that i will delete the 2/3 cup water, because fresh salsa has way more juice than a can of diced tomatoes. and i would definitely break up the top layer of tortilla's and spread them evenly, cuz those were tough to cut. i had to perforate them with a sharp knife to get an even cut. even sprinkled with cheese and baked they were not soft enough to cut pieces with the spatula.other than my changes, this was an awesome first time recipe for us and we liked it!",4,1
i loved this recipe! the flavors are great. i made this exactly as stated and wouldn't change a thing!,5,1
"our family loved this! my husband (not a huge zucchini fan) and my one-year-old son both ate two pieces. since my family is smaller, i made it in two pie plates so we could give one away. worked perfectly! i agree with other reviews that the zucchini needs to drain longer - at least 20-30 minutes - to get properly dry. otherwise it's a bit soggy. will definitely make again!",5,1
"this was delicious, i was feeling creative so i made some modifications. i added a few splashes of white wine for flavour, sautéed some garlic and onion in with the mushrooms . i also added some season salt to the flour mix. served with asparagus and dill cream sauce...yummy!my boyfriend gave it a 9/10 and said that i need to ""remember this one""",5,1
"this was on the cover and pg58 of the latest issue and i decided to try it for a formal dinner dance i was attending. i was pleased that i had all the ingredients and that the directions were very simple. it was easy to make and then when i put it together the next day it came together beautifully--best frosting. so yummy! it was so fancy when sliced and displayed and all my close friends were demanding slices as soon as they saw it. my dessert was the first to go and everyone declared it to be one of the best chocolate cakes they had ever had. the balance of the sour cream with the sugar kept it from being overwhelmingly sweet and it was more old school in recipe without the white sugar and with the boiling water and sour cream. i used semi-sweet chocolate chips instead of the semi-sweet bakers chocolate. the frosting is plentiful and delicious. and for a garnish, i crushed up some chocolate chips and dusted the top. it was a massive hit. everyone declared it to be so moist and to taste like it came from a bakery. definitely an awesome cake. will be making it again for thanksgiving.",5,1
"very hearty, chunky soup. i made it as stated but used a cup of veggie stock and added a half onion. it came out very thick, had to add a little extra milk. it's a great and easy recipe but as others have said, bland. i added extra salt but still kind of lacked something and i didn't want to be pouring the salt in. still great and i can't wait to make again with some herbs and with broccoli too. thanks.",4,1
"so easy and tasty!!! this truly is delicious.... the taste that i was looking for. we've toasted our slices and had it with butter and it was simply delish!!!!!!! thank you for the recipe!!!! for the first time ever, i wish i had more bananas to bake more breads!!!",5,1
"this recipe is so quick , easy & good.i have tried many flavor variationsraspberry yogurt & raspberry jellostrawberry yogurt & strawberry jelloif you garnish it with fresh berries once it sets it looks really fancybut it is so quick & easy to makeit tasted great in every flavor. very light & fluffy yum :o)in the future i am going to try coconut yogurt & pineapple jello .... pina colada pie !",5,1
we enjoyed this recipe. l will make it again. we liked the sweetness the chicken had.,4,1
very delicious soup. i made it straight from the recipe no changes and none were needed.,5,1
all my family member n my self love,5,1
"i just had a question, but had to add a star to ask it so i gave it 1 star. do you think this would be a good base for tres leches cake?",1,0
why in the world to all you people review a recipe you make your own changes to? it is frustrating to start reading and then realize it is not based on the recipe as written. i spend more jumping on to the next one. stick to the recipe!!,5,1
"wife and i enjoyed the dish. good mix of sweet and savory, crispy and tender. changes i made to the recipe include frying chicken in bacon grease prior to sauteing onions in bacon grease. also used beasley's smokehouse rub poultry powder, https://www.beasleyssmokehouserub.com/shop, to season the chicken.",4,1
"i made this as directed including using miracle whip for a potluck. everyone loved it. being a hellmann's lover, that's what i used the next time i made it. big mistake. it didn't taste the same so for now on it's miracle whip.",5,1
"this is wonderful!! made a few changes based solely on family preferences. halved the garlic, used all chicken broth, and 1/4 t. dried basil, then very low simmer (covered) for 30 minutes. my family likes tri color penne , so actually boiled that separately, and set up a ""soup bar"" where you could assemble this any way you like. pasta, spinach, ladle soup over , cheese. a huge keeper. thank you!",5,1
"have made this recipe about 4 times already in the past few months, its a family favorite! followed the recipe exactly and it has been perfect. like comfort food in a soup!",5,1
my family loves this!!! we've even had it for dinner!!!,5,1
"this is a good recipe. the only things i did different was to omit the mushrooms and olives and instead of oregano i used italian seasoning. i also used roasted garlic cream of mushroom soup per another reviewer. and for the tomatos i used hunts diced tomatoes with basil, garlic & oregano. good flavor, will make agan.",4,1
"i don't know how many meatloafs i've made over the years, or how many different versions i've tried, but this is my very favorite. i make a couple of changes, though. i use 2 pounds of ground beef (or meatloaf mix; that's good, too). otherwise, it turns out too ""loose"" for our taste. i grate the onion instead of chopping it. that way, its taste is distributed evenly throughout the loaf. and finally, instead of one free-form loaf in the middle of my 13"" x 9"" pyrex pan, i make two. that way, there's more surface to be covered with the sauce, and we just like it better that way. leftovers make awesome sandwiches, too! thanks for sharing this great recipe, michelle beran!",5,1
i made these today and were a hit at work. i added ground nutmeg and used the full 8oz of cream cheese and omitted the water. de-lish!,5,1
"my husband really likes mushrooms,and always wanted me to make mushroom soup.i could not find a good recipe until i found this one. i was great, fast really easy and had a great taste. i sure that i will make it again and again.",5,1
"this is a really good recipe. i made it for the first time last night -- need a white chili recipe to take to a gathering. i got a lot of compliments on it, and several requests for the recipe. i added minced garlic to it, and additional chicken broth. next time, i'll probably triple the recipe -- as written, the yield is pretty small.",5,1
divine!,5,1
i made this for the for the first time last night... it won't be the last. i used splenda baking blend for the sugar and it turned out fantastic. yum!,5,1
i've been making these for years at valentines day. they're very cute. putting the peanut butter in with the melted chocolate gives them a softer texture. my daughter loves them. they are a fun and inexpensive candy to make.,5,1
"this is very good and is always a staple at our thanksgiving table. everyone loves it, but i do add strips of green, yellow, and red bell peppers for color and taste, as well as diced onions. my recipe was nearly identical from an insert in our electric bill, but called for two cans of whole kernel, and two cans of cream style, plus 1/2 cup flour rather than the cornbread mix. delicious nevertheless.",5,1
"this is a great recipe especially for the appealing ""stick to veg"" texture of dressing. if thinner is preferred, spruce up with either cider vinegar, or buttermilk or a splash of pineapple juice! it's all good!!",5,1
"this is my ""go to"" pancake recipe - wednesday morning is ""pancake day"" at our house!",5,1
"simple & excellent recipe! i see a lot of comments saying it was bland, i definitely disagree. i know it says hot pepper sauce optional, i would add it for sure. i used frank’s red hot.",5,1
"good. it is ""topped"" not ""smothered""",4,1
fabulous! moist and tender. my daughter who doesn't care for banana loved these. i was shy some banana and used applesauce. will make again. this replaces beloved favorite banana cake recipe.,5,1
i followed the recipe as written. it was delicious ! a new family favorite.,5,1
my family loves this recipe. i use ground turkey and add the sour cream to the mixture. i also add a can a corn. 5 stars!!,5,1
very good recipe. didn't last long at my house.,5,1
we did not like the pretzel crust way too salty for a desert,2,0
fantastically moist cake with yummy icing. i have a bottle of guinness waiting to be made into another cake (if only i had the sour cream on hand!).,5,1
savory! has become a favorite with my wife and girls (even my picky teenager)!,5,1
ohhh so good!,5,1
sandy u never fail to amaze me i luv this cake,5,1
"these were great! i doubled the recipe and good thing, too. i made three changes: halved the cumin, cooked the chicken along with the marinade (would have been impossible to separate anyway), and added extra salt. i did include the crushed reds, as recommended. we didn’t even eat them on tortillas (saving carbs) and they were still great!",5,1
"i made this meatloaf today and it turned out awesome. i used chicken stock instead of milk, and added more saltine crackers (i used a whole sleeve). at the end of 60 minutes, i turned the oven off, opened the oven door and let it sit there for another hour. meatloaf was juicy and delicious. i also used less brown sugar in the recipe.,",5,1
my daughter is going back to college this morning and i wanted to make something she would enjoy & get her back on the road to finish up her last year of college. we all enjoyed this very much.,5,1
"i really enjoyed making this pie today. it was sweet and spiced just right. it made a hit with the family and was truly a snap to make. i did cheat by using a good quality frozen crust, i beat my egg white nicely and brushed a good bit all over the crust and then gave it a generous sprinkling of sugar. my top crust was made by using a maple leaf cookie cutter stamp and just covering the entire top of the pie with leaves. i just love how pretty it makes the pie! just beautiful for fall! this recipe is a keeper! thank you!",5,1
it was so easy! my son who is so picky even loved it.,5,1
absolutely delicious! will definitely be making them alot more!,5,1
"one of my all-time favorites. i use sea scallops, large shrimp and real crab meat. double the sauce to accompany the larger quantities of seafood used. i also add a good shake of white wine while making the sauce. learned that one from gourmet magazine, many years ago. it is a holiday/special occasion recipe for my company. always a stellar hit!",5,1
i'm definitely in the minority on with this rating but i used 8 inch cake pans and had about a cup of overflow onto the bottom of my oven. the rim of the pan was also covered with batter which made removal from the pan difficult. followed the instructions exactly and didn't change a thing. think i'll cut back on the amount of strawberries in the frosting to avoid a runny frosting. it's for my grand daughter's birthday and i'm hoping the frosting covers up the messy cake.,2,0
"this is the first applie pie i have ever made, and i recieved many compliments from it.i did additional flour as the reviews had said.one family member actually said that it tasted just like grandma's pies used to.... that is the best compliment anyone could give me! =)i will definatley make it again.",5,1
we loved these bars! i saw the suggestion adding walnuts -- can't wait to try that. yummy!,5,1
"cooked slices of bacon disappears at my house, so i sauteed double the onions and carrots in bacon grease. added 32 oz of chicken broth. doubled spices and potatoes. kept the milk, flour and velveeta as called in recipe. sprinkled bacon bits in each bowl. amazing!!!",5,1
did any one even try this recipe as is for the first time. i think it is good just the way it is except perhaps for those who don't like it so spicy....use a bit less red pepper flakes.,5,1
loved the cake and the frosting . my mother and i had a similar version only we didn't use vanilla (which is a great extra) and shortening was substituted with margarine instead.??,5,1
"very good. i wonder if it once had cream cheese and taste of home changed the recipe. i prefer it with navy beans that are smaller. i also used canned chicken from costco because that’s what i had. i used fat free cream cheese along with the whipping cream, and then i stirred the cheddar cheese in at the end.",5,1
"quick, easy, and amazing! when i make it though it is less like a soup and more like a stroganoff, but it is still so good!!!",5,1
"they were good, i like cloves, but don't love them, if i did these might get 5 stars.",4,1
amazing! found this a while back and i have made it so many times now. i am a huge fish lover and this is my favorite recipe so far. quick and easy too!,5,1
this was excellent and my family loved it! it's a keeper!!,5,1
best mac and cheese ever!!! i only used about 2-3 tablespoons of flour. makes alot of sauce. very yummy!!!!!,5,1
crispy little bites of deliciousness!,5,1
very easy to make and it is super delicious! my whole family enjoys it and i enjoy them eating vegetables without arguing.,5,1
this recipe was so super simple with only three ingredients that most people will have on hand. my daughter isn't much of a ravioli fan but she loved this recipe. i am totally adding this to our weeknight rotations. comes together in a snap.,4,1
used both sausage and bacon. delicious.,5,1
"this was delish!! laholm, you can use a simple white sauce (flour, milk, butter) instead of the canned soup.",4,1
"we didn't know what to make for dinner last night and discovered we had all the ingredients for this so we tried it. it was a little too spicy for our 8 y/o, but still a definite ""keeper"". this may be my husband's new favorite diabetic friendly recipe!",5,1
"i have been making this for years and the only tip i can give you isn that u do not need the brown sugar, it is just as tasty without it",5,1
"i didn't put as much mozz. cheese in it, but my husband (the bottomless pit) ate a bowl of it and was full! delicious!",5,1
this is how mom used to make pot pie. always great.,5,1
hands down the best chicken pot pie recipe out there!!!,5,1
"best ever! pauline, nova scotia",5,1
"made this for thanksgiving. it was a huge hit! i don't like pecans, so i used toasted almonds instead. tasted even better the next day.",5,1
"halved the recipe and it still made a lot. excellent flavor, easy to make, and the dessert turned out wonderfully. reminds me of dairy queen soft serve strawberry sundae. wonderful!",5,1
"my family says ""you knocked it outta the ballpark with this one""! i think that means i'll be buying more potatoes :). easy to make too (and i'm a novice cook at best)! we truly love this!",5,1
"i love soups and chowders, my favorite meals to cook. made this *exactly* to spec with two minor tweaks: i had 3 cans of clams so i threw the third one in, what the heck. then, at the end, a small drizzle of truffle oil — my favorite *secret ingredient*. never overdo that, just a little drizzle, but the flavor/depth it adds to chowders is amazing. result: 5-star, major raves all around.",5,1
i was really disappointed. after reading many of the reviews i decided to make this recipe. it is the worst banana nut bread recipe i've made. i really have no idea how it was a contest winning recipe. :(,1,0
it was great!,5,1
these muffins are great . such an easy receipe to follow. baking time of 22 mins is too much though. i could have timed it for 15 mins. but the texture is soft. definitely making again.,5,1
i've been making peanut butter cups since i was 10 years old. finally i found the perfect ones! everyone loves these. you can't make enough of them!,5,1
poor taste compaired to other recipes,2,0
"i found this recipe in the premiere edition of taste of home. it has been our family's traditional birthday cake ever since, made for every family member. taste's best after it's been refrigerated. beware this cake can be addicting!",5,1
"made this for my family. they loved it. had enough left over the next night to serve over biscuits. would be great served over cooked noodles, too.",4,1
"i'm not sure what the others did wrong, but this is an awesome recipe!",5,1
very tasty will use chicken breasts,5,1
make this one all the time its one of my go to recipes. wouldn't change a thins,5,1
"i was introduced to this soup in 1996 and became a fan of taste of home magazines because of it. yum yum jim in amarillo, tx",5,1
husband loved this recipe!!!,5,1
very good and easy to make!,5,1
"wow - these were the best banana bars i've ever made. to begin, i used country crock olive oil plant butter. i only had 1 cup of white sugar, so to substitute i added 1/2 cup of brown sugar (not packed), and a scant cup of chocolate chips. while still warm i drizzled with my own cardamom glaze, made of butter, milk, powdered sugar, vanilla and ground cardamom (i am not a fan of cream cheese frosting). this was not my first time making these, but the above changes elevated this recipe to a whole new level.",5,1
yummy and supper easy to make. will definitely make this recipe again!,5,1
"i came, i saw, i made, i loved it.",5,1
we did not care for this recipe at all. we found it to bland.,2,0
"both my husband and i thought it had plenty of flavor, but it wasn't overpowering. like one of the other reviewers mentioned, this recipe is just for the inside of an egg roll. if you normally dip your egg roll in soy sauce, you'll want to add extra soy sauce to this. i used finely shredded cabbage that came in a bag and put several baby carrots in a food processor for the shredded carrots. i did the full amount for everything, but only did 3c finely shredded cabbage and 1c processed carrots. this was because when i was putting them into the pan, these amounts alone looked like a lot. i couldn't imagine adding more. i also did regular yellow onion, not green. i thought the ratio of veggies/meat/noodles seemed pretty good too. overall, my husband and i loved this and we can't wait to try it again!",5,1
"i made a meatloaf for my sweeties sister - she loves meatloaf, him, not so much. i had some caramelized onions left over from something else and decided to put them in a small portion of the meatloaf mix for just him. then, i topped it with bar-b-que sauce. i lined the loaf pan with foil and made a separate section for his meatloaf by making a foil partition. he loved it! they will be getting both now, she loved this recipe:)",5,1
"i've been making this recipe for years and we love it! i substitute plain bread crumbs for the saltines, but it is great either way!!",5,1
followed sks2's review and made with spaghetti sauce. husband and 1 year old loved it! will definitely make again.,5,1
i thought i had the best banana bread recipe until i made this one! it's great but i will use a little less sugar next time. too sweet for my taste!,5,1
this recipe is a family favorite. even my picky 17yr old nephew loves it. i have made it several times. the italain dressing is a great addition. there are never any leftovers. it is also quick and easy.,5,1
yum! so easy to make and really good!,5,1
good recipe. we'll definitely have this again!,5,1
this soup looks really good but the sodium is over the top. i won't be making this.,1,0
made these and boy did they get raves! the caramel frosting was fabulous as well.,5,1
"for anyone who thinks this recipe looks good don't be deceived. for me, it looks like vomit and it tastes the same even substituting real cheese for that velveeta plastic cheese. i'm sorry if i sound like a snob but velveeta is for those who have no idea what real cheese.",1,0
"excellent and easy bread recipe. i put water on the top of the bread when it comes out of the oven and wrap it in a towel to steam this creates a softer crust. also, use 1/2 wheat to 1/2 white flour for a wheat bread.",5,1
i've made this for several family gatherings and everyone raves about it and wants the recipe. it is so cheesy and good.,5,1
outstanding! this is so easy and is a hit at every gathering. my college age son begs me to bring to share with his housemates every time i visit.,5,1
very good.,5,1
"i’ve been making these ever since the recipe was published and my friends and family love it. i triple the recipe and use ground round or ground chuck instead of hamburger. i freeze 1 1/2 - 2 cups of sauce in a freezer bag and 2 1/2 cups meat in another freezer bag. tripling the recipe makes enough for 4 - 5 meals. i use this recipe when a friend or family member is sick and needs a meal. everyone asks for the recipe. the only change i’ve a made is an omission: i don’t add salt because there’s already salt in the broth and tomatoes. i also lean towards the lesser amount of chili powder because i have two daughters who don’t like spicy food. i love this recipe because it doesn’t have any beans, making it very kid-friendly!",5,1
i recommended this recipe to my mom...she just made it for group of friends and they all raved about it.,5,1
what a big hit!! everyone loved it at our party! will make it again!,5,1
excellent healthy chili - thanks! just printed it out to give to my daughter.,5,1
this is a wonderful pot pie. my husband and son loved it; there was none left from the one pie.,5,1
can you use baking powder turns out i don't have soda. i have made these before they are always delicious.,5,1
"such a wonderfully comforting and delicious filling! i used my own butter-based pie crust recipe, and made the filling as per the directions. great comfort food! my husband said it was the best chicken pot pie he’s ever had.??",5,1
i've been making this for a long time and with various flavours - always goes down a treat :),5,1
"i’m sorry, but you lost me at chicken bouillon granules....really? you won a contest?",1,0
super delicious! the only thing was i found was they burned really quickly. didn't impact the flavour at all though. served them with fresh made strawberry syrup from this site.,5,1
"i just made this today. one baking pan with walnuts, the other without, both delicious. is there any reason why the walnuts are not mixed into the batter, rather than sprinkled on top? please let me know. thanks! p.s. i made no substitutions and used home-made applesauce.",5,1
"i have the cookbook that this recipe is in from 1997. we love this recipe. i have substituted a few things (cheddar cheese for the velvetta - if you do substitute, add more salt - i think it needs a bit more salt even with velvetta. and i cut up red potatoes and leave the skin on.) and make it so often i don't even measure anymore, but always a hit. i love the leftovers for my lunch the next few days. so good with some biscuits!",5,1
i made your recipe and it is the best. i love it. made some this morning and we ate awesome sandwiches for lunch. yes. thank you and bless you.,5,1
this is delicious! i didn't add the nutmeg or cloves (none on hand) but did add raisins.,5,1
i made the recipe as written. very tasty. even my picky husband liked it.,5,1
awesome soup! great flavor and very flexible for what’s on hand. house smelled like italian restaurant and everyone loved! we like the kick red pepper flakes adds so we use about 1/4 teaspoon. as a volunteer field editor with taste of home magazine i love great tasting dishes that are easy to customize!,5,1
i made this soup but added 1 cup of cooked bacon and 1 tablespoon bacon drippings. my family devoured it!,4,1
i love this banana bread recipe! the best thing is that it makes 2 loaves! i make breads for our coffee break on sunday and this recipe is among them! i've received compliments on this bread! dawn e. lowenstein,5,1
"this recipe is a great au gratin base. we use a little extra cheese on top and add some fresh herbs. for the one star review, you have it backwards, scalloped potatoes do not have cheese, au gratin potatoes do.... also, these are plenty tender if you follow the directions of cooking for 1 hour covered and then an additional 30-40 minutes uncovered, no need to precook unless you would like to avoid the first hour of covered cooking.",4,1
i really love this recipe its one of my daughters favorites. only thing i altered on this recipe was the cooking time. i only cooked it 3 hours instead of the recommended 4 and it did not burn in the bottom of my crock pot like it had previously when i made it and it was perfectly done.,5,1
excellent taste. totally worth trying. definitely a classic.,5,1
these are a hit every time i make them! a family favorite. i don’t use the horseradish since my family doesn’t like it!,5,1
great lasagna! i used home made noodles for this dish. super flavor and not difficult to prepare. will definitely have again.,5,1
"i did have to bake mine about 15 minutes longer than mentioned but sure worth waiting for. delicious, easy and a keeper. thank you for sharing.",5,1
"i've made this recipe for years and it has always been a big hit. this recipe screams traditional, american lasagna in the very best way. it's very difficult to mess this one up as i have not always had every ingredient it calls for on hand (provolone, sausage, ricotta, etc). i love seeing how everyone has put their own spin on it and it still comes out beautifully.",5,1
it was delicious. everyone in my family enjoyed it.,5,1
these are very moist and delicious! my husband loves them and he's not even a huge fan of coconut! i used a mini cupcake pan to ensure that the egg white did not run out of the coconut and they came out perfect!!! a little red and green sugar gave them a pretty holiday look.,5,1
this is a delicious cake! moist and very flavorful.,5,1
"this cake is delicious! i've made it twice now, and i definitely prefer using a devil's food cake mix over a milk chocolate mix. the chocolate flavor is more intense, which i prefer. i'm usually not a fan of buttercream frostings, but this one is pretty good, and i love the ganache over the top. it really balances out the sweetness of the chocolate buttercream. i personally don't like really thick frosting on my cakes, and i felt there was too much buttercream. the second time i made this cake, i only made half, and it was the perfect amount of frosting, in my opinion. very delicious cake!",5,1
"alot of steps, alot of ingredients. bottom later was a bit too soft to do in a pan again. i may do it in the little candy cups.",5,1
nice fluffy pancakes. i used oil instead of shortening and added a a little more milk and make a double batch. turned out great. this will be my pancake mix from now. thanks for the recipe and the tips!,5,1
"delish!. i had to use extra powdered sugar to get the frosting a little thicker, but it was a fantastic flavor! will def.make again!",5,1
very good. i had no pecans on hand and used sliced almonds.,5,1
i just had to have a little more substantial pasta and used linguine. i could eat this stuff every day!!!,5,1
i doubled this recipe and only used 2 tsp of vinegar. used more salt and pepper. brought it to a large family gathering and everyone loved i! lots of compliments.,5,1
"i have been making this recipe for years, year-round. it can't be beat. when i don't have ricotta it's still wonderful.",5,1
"hi jane, i love your chocolate caramel candy. i have made it many times. but i was wondering if this recipe can be made a head of time and then freeze it until needed? thank you ruthiebear",5,1
"this is the most wonderful recipe for jambalaya i've ever seen! i followed the recipe exactly (except i forgot the hot sauce). i left for a short shift at work and when i came home, 5 hours later, the whole house smelled heavenly. thank you for the deliciousness!",5,1
"i have made this recipe several times, and always with rave reviews! it's so easy, and soo good! it's a wonderful comfort food in cold weather.",5,1
uber moist and full of strawberry goodness- my mom loved it!!!!,5,1
"4-5 hrs was way to long. but i knew that and cooked for 2 hrs and 15 min. like many i used brown sugar and added a couple more pieces of garlic. it turned out really well but as written it would have been like eating shoe leather. most crock-pots heat differently so pull out a piece at 2 hrs and see if the internal temp is reaching 160 degrees. if so, they are ready to eat.",1,0
"there were 8 of us for dinner and we finished the entire pan! dh asked if we could make it again in january. we used sweet italian sausage, a 29 oz can of tomato sauce, and an additional 15 oz can of diced tomatoes. we did have some sauce that wouldn't fit in the pan, however, so the extra sauce and tomatoes were probably not necessary. we'll probably do it as written next time.",5,1
i fixed these when they first appeared in toh. they were a hit!,5,1
"i'm not a great cook and this was easy, fun and delicious. i could have drank the sauce with a straw! i took it to work and let people sample it and ended up giving the recipe out multiple times",5,1
the topping calls for half-and-half cream. how much? it does not give a measurement in the recipe.,5,1
i have had this recipe from taste of home years ago and it is a staple in my family. it feeds alot of people and everyone loves it. i use chives or scallions instead of onion.,5,1
"after reading some comments and having previous experience with alfredo sauce, i added some lemon juice, a touch of old bay seasoning, garlic and used a shallot instead of the green onion and the sauce was absolutely delicious with those modifications.",4,1
"i love chicken wild rice soup and this recipe is so delicious. it is comforting and filling. it does take a little while to make, but so worth it!",5,1
"this pie is extremely tasty, but a bit too sweet for me. my family loved it. my only complaint was that it was a bit watery. maybe it's just me. :)",4,1
i made this on thanksgiving for my family and everyone loved it!!! best mac n' cheese ever and the kids kept going back for seconds. lol.,5,1
this was delicious. i used only one can of chilis and used half and half instead of heavy cream. it was a hit in my family. yum!,5,1
this soup is amazing. i will definitely make this again. the ideas in the other reviews are something i will try. you won't be dissappointed.,5,1
i made these today for my birthday treat. i thought they were great. the whole family gave them 5 stars! they were worth the little extra time it took to make them!,5,1
"this is a wonderful tasting salad. i used some of it to top pulled pork sandwiches and it makes a nice mix. the only change i would make next time is to add some apple cider vinegar, personal preference. will make again.",5,1
mmmm.. best chicken potpie! gravy is delicious. great for company!!,5,1
"i don't know what all the ravening is about. this cake was not good at all. made it yesterday, i didn't think it was moist. in fact it was a little dry and didn't have a taste. i will not make it again.",1,0
"these pancakes had excellent flavor, plus being tender and fluffy. will definately keep this recipe to make them again.",5,1
"not certain what others have done that i have not but this was the most useless recipe i have ever utilized. too thick, burns on top and sides and raw in the middle, i even tried adding more applesauce so it would not be like cooking wallpaper paste. in the trash it went and going back to my old recipe.",1,0
"haha that this should be featured today...i have the ingredients on the counter waiting for this to be made tomorrow. i've just been longing for 'soup' weather and it's finally heading this way. it is one of the best soups ever. i do change it up now and again...this time i'm using sharp cheddar instead of velveta. sometimes i add bacon pieces. i've tried it using frozen hash browns, but did not care for that flavor...some weird after taste. that said, it's a wonderful recipe written as is.",5,1
"this was a hit at out campclub potluck.my husband has now chosen this cake to be his birthday cake. i didn't really taste beer (i don't care for beer), just deep, dense chocolate cake. the icing was perfect too.",5,1
this had a good flavour but using pkg. dressing mixes not a good idea as i read the ingr. and has way too much sodium and chemicals not good for you better to go make your own route.,1,0
i have made this pie two times now and both times it is a huge success!! there are no leftovers and everyone raves about the taste. for such a quick and simple recipe there is an awful lot of praise! this recipe is a definite keeper!,5,1
i live in colorado at high altitude,5,1
"i was eager to try this from the great reviews, but did not care for this at all, the major seasonings are chili powder and cumin which give the enchilada sauce on the top an odd flavor and sauce is very thick. this ended up being just a pile of mush when you take it out of the oven and not enchilada flavor at all.",2,0
my whole family loved this! next time i will have to double the recipe because the entire batch was gone in a day! loved the bottom crust. i added a little cinnamon to the apples before i poured the sauce over them. i made it twice in one weekend!,5,1
i have been making this for years. i freeze 3 milky ways and chop in food processor for add in. this is my granddaughter’s most requested recipe from her nan’s kitchen!,5,1
"i do a lot of cooking and have been making this since i first saw it in toh years ago. it is my absolute favorite soup in my large repertoire. people that tell my they hate bell peppers ask me for this soup when we get together. i use green, red, and yellow peppers—whatever i have on hand. i do add a little garlic and worcestershire, but it’s fine without it. very hearty, healthy, and comforting.",5,1
great recipe. i like it better with 1.5-2 tsp of salt. i also added some chopped jalapeno and cheddar cheese to one loaf. it was great!,5,1
"disappointing. this recipe calls more liquid than most of other hot milk cake recipes. because of numerous good reviews, i didn't doubt to try it. i baked twice, followed the exact method, exact scale of ingredients, but both didn't turn out well. (note that i didn't overwhip the eggs or overfold. i went to a baking academy, and i've been baking for more than 5 years.) if you're looking for fluffy hot milk cake, definitely do not try this recipe. if you're up to really dense, dense, cake, maybe you could try this recipe. maybe this is why you shouldn't take recipes from the internet, i highly doubt these good reviews are real as the youtube views for this recipe is considered low. i won't be making these again. i'll try to find other hot milk cake recipes.",1,0
so very good! they are much like a muffin until you put that heavenly icing on them. wow!,5,1
"where do i start..... way to sweet, the corn & sweet peas do not make good lovers. this isn't any 30 minute meal by a very long shot. maybe a few peas and carrots. i used tomato paste instead of ketchup. i can only imagine how sweet it would've been with the ketchup. i used beef broth( i never like the granules or cubes). the after taste makes me want to hurl right now. i hate throwing food in the garbage but another meal of this wasn't going to happen. i even added some fresh ground pepper to cut the sweetness. thank the heavens for pepper. i looked forward to eating this recipe and i am very bummed about throwing $$$$ down the drain. fellow culinary participants...stay away from this recipe. very sad right now. if i could give no stars i would.",1,0
very good! super moist and flavorful.,5,1
this was wonderful and easy to make. i added an onion and used sharp cheddar. will make a little thicker next time as well.,5,1
"best ever banana bread!!!! its in the oven as we speak, second time i've made it in 2 weeks!! i do add a 1/2 teaspoon of cinnamon, and an extra banana.",5,1
"this is an easy and quick recipe that is great for the fall cool weather. i only made substitutions for things i did not have on hand such as making my own ranch dressing mix, replacing stewed tomatoes with diced tomatoes with onion powder, and using chili hot beans instead of the drained pinto beans and can of green chilies. if i had all of the ingredients on hand, i wouldn't have changed anything.",5,1
"i make this recipe often, and everyone loves it, including the grandkids! i even make it for bunco, getting raves over it! the only addition i make is a very small can of tomato sauce when i add the diced tomatoes. it's so delicious and comforting. love this recipe!",5,1
"additional sugar raw is not an ingredient one can act on. recipe does not say how much sugar and the multiple adds for print recipes is so annoying. by accident i clicked on it and then had to spend time to take it out. i just signed up for this site, as i saw the recipe on my flipboard page, but due to the navigation around ad challenges and inability to get accurate recipe ingredients, i am seriously considering deleting my account. frustration is not a customer service plus.",2,0
"really good chicken! i followed the recipe exactly except i reduced the red pepper flakes by half since my husband doesn't like spicy foods. the sauce was a little greasy, next time i will pour off the grease before adding the sauce and will double the sauce as other reviewers suggested.",5,1
absolutely delicious. one of my goals this year is to lose weight and this will definitely be on my list of things i can eat. took to a church luncheon and did not bring any home. had several requests for the recipe.,5,1
"i tried this for dinner last night. it was very good - not too spicy. i did not have whipping cream in the house, so i served it without that. in my opinion, the sour cream really mellows and compliments the spices used. hubs is not a spicy food lover, but he cleaned his bowl and asked for more! would definitely recommend this recipe. thanks for sharing, laura!",5,1
"simply delicious! i added 1tsp vanilla, cinnamon and other spice mix.",5,1
"my review didn't show the 5 stars i gave this recipe, so resubmitting.",5,1
absolutely delicious!! and you dobt have to chill in the fridge you can assemble and pop in the oven,5,1
lovely! i used day old sour dough - i can recommend it!,5,1
this is excellent and super easy to make. if you do make a double batch (i.e. 48 cupcakes) don't bother doubling the icing there is way too much left over as it is.,5,1
baking time way off! i'm at 45 minutes and still gooey in the middle.,2,0
"i give this recipe an a+! yummy, yummy, yummy!",5,1
"absolutely delicious! the only changes i made is that i didn't add celery (i just don't like celery, so i don't add it to anything.), and i used real shredded cheddar cheese instead of the processed stuff which is much better. it probably also made a difference that my broth was homemade. yummy!",5,1
"took an hour and a half to set properly, too wet of a mixture. tastes ok though.",1,0
"i tweeked this recipe a little bit. i doubled it for starters. i also used 4 stalks of fresh celery and sauteed the celery, onions, and carrots in bacon drippings in the stew pot. i also used 8 oz of velveeta and 8 oz of sharp cheddar cheese. of course i also doubled the bacon. :) this recipe was a hit! i shared with a family of four - single dad and three picky eating kids..they devoured it. i will hands down make this again. we ate it with rhodes frozen rolls :) mmmmmm!",5,1
this was delicious and super easy to prepare. i added fresh garlic and hot sauce and used light whipping cream. i also seasoned the chicken with a blend of poultry spice. this was so yummy! i was proud to serve it and will absolutely make it again!,5,1
did not like it at all/,1,0
"i am making this recipe. i am 60 years old, i tell my wife to always remember were 60 years old. because she said that is an old recipe! no, it is a basic recipe most 20-30-40 year olds never made it. very good recipe. thanks.",5,1
"love this salad, everyone asks for the recipe and no left overs ever. i actually get people complaining because i did not make enough after doubling the recipe. the only thing i do differently is i do not add the celery and pepper.",5,1
great tasting. followed directions exactly and will definitely be making again!,5,1
i have made this cake multiple times and my family loves it. i topped it with strawberries and some whip cream and it is an instant success.,5,1
"i followed the recipe, using whole milk and extra sharp cheddar cheese, but made 2 additions. i added a 1 /2 cup of parmesan cheese and 1/2 teaspoon of dijon mustard. came out amazing! will absolutely make this again!!!",5,1
"very good roast, but mine was very salty. i don't know which of the powdered mixes made it so salty, but other then that is was very flavorful. i think the brown gravy mix may have been the culprit.",4,1
"i made this yesterday to take to work today-i really enjoyed making this as it was (as many have said) very easy. one thing i ••didn't••do was follow the recipe to a t. when i read the ingredients it sounded way too sweet (it was going to have a cloying affect). reading all the reviews i found others thought so too after they had made it. decided to cut the powdered sugar in half. didn't add powdered sugar to the pudding either. also a change i made was to cut some of the sweetness by adding some creme fresh to the cream cheese. another thing i did was melted the butter and i broke up the cookies more fine like a pie crust. i knew if i added the melted butter to the cookie crumbs i'd be able to pat it better into the bottom of my container. i put it in the refrigerator overnight because i plan on serving this to my coworkers for the next few days. also omitted putting the cookie chunks and/or the mini peanut butter cups on top because i didn't know how well it would travel on a plane and the top treats would just get squashed plus seemed like overkill.my husband was able to just have one bite last night (and a small bite at that) because his stomach was on fire from mexican restaurant we went to for dinner. he did say this was very good. i actually think i'll make this several more times. i wish i would've known about it last weekend at our 3yr old's birthday party but i didn't. all in all i think this is a hit.dinged a point because of original recipe being too sweet for our taste as written plus additions&subtractions.ps....update: july 1stmade it again yesterday for a neighbor who is having a 1st time swim/pool filling up party tonight. i use the 5.9oz pudding mix because i want to make it a large dessert for this us celebration weekend party. i crushed 'chocolate colored rock candy' on top for color (from winco bulk dept). i won't be here for the party tonight, but hope it will be enjoyed. (ask if you care to know how i changed this recipe to suit our tastes, happy to oblige).",4,1
okay so i substituted garlic for the powder. and also the beef for ground turkey and instead of spicy sausage i used mild and it was great well the meat sauce. i have my lasagna in the ovenext right now but i'm sure it'll be great. :),5,1
my family loves loves lives thesecookies! easy and wonderful.,5,1
i have made this recipe a few times now and it is definitely flavorful! i make it exactly to the recipe and always refrigerate it overnight. this recipe is a keeper! thank you! ??,5,1
"this was such an easy recipe to make, almost foolproof! and makes such a beautiful presentation when cut. people came back for seconds, and my pie was gone in a flash, no leftovers. the cheesecake layer rises to the top, the caramel sinks to the bottom, and the pecans float to the top just like the picture. i topped with extra caramel, i used hershey's caramel syrup, and my pie was not runny at all, just like the picture!",5,1
"awesome recipe, simple and delicious!!",5,1
made this without any modifications and it was perfect and everyone wanted the recipe and seconds,5,1
recipe was easy. lasagna was amazing. i substitute brown rice in instead of the beans and it was still good. will be making again.,5,1
"i found this soup so bland and runny. i even used pepper jack instead of cheddar. i don't understand what all the raves were about. not yummy, just boring.",2,0
we used this recipe for an after-the-wedding lunch for family. it was wonderful,5,1
eady and quick recipe but i added 1/2 teaspoon of baking powder and 1 teaspoon of ground cinnamon also instead of 1 full cup of granulated sugar i used 1/2 cup of granulated sugar and 1/2 cup of brown sugar and they are yummy!,5,1
bravo!!!!!!!!!!! it was the best thing i ever made and had,5,1
as quick and easy to make as it is delicious.,5,1
i'm so used to boiling rhubarb i didn't read the recipe first. mine had rhubarb disributed evenly through them and they tasted very good too. i won'boil them next time i make this.,5,1
so it i decide to use chicken broth instead i don't use any water right?,5,1
"what a disappointment this dish was. i love potatoes and could not wait to try this. too much sour cream and cheese for our tastes. wish i had only made half the recipe to try it. you cant even taste the potatoes that well. made as directed except for the green onions, omitted them. won't be making this one again.",2,0
"my husband, who usually doesn't like meatballs, went back for seconds with these!!! they are great!",5,1
the best strawberry cake i have had. it's so easy to prepare and super moist.,5,1
made it for my daughters birthday.could not justify 1lb of butter in the frosting so used 2 sticks and it turned out great.,5,1
threw most of it down the garbage disposal........not tasty at all.......not cheesey enough.....,2,0
"made this tonight, full well thinking it would be better tomorrow after the flavors blended. i'm sure it will be, but it was pretty darn fantastic right away! i didn't have romano cheese, but used fresh-grated parmesan. very acceptable substitution!",5,1
"this is amazing!! i put a little more apple in it, and use empire apples with peel on some. i too use a little less nutmeg, and double the sauce. everyone loves it! i also use 1 cup br. sugar instead of 2 cups white.",5,1
this is amazing! and don't worry if you don't like guinness or dark beers like that. the beer adds a great flavor to the cake without being overpowering.,5,1
"wow! this is the best lasagna i've ever made! there were actual layers! all my oven lasagnas have been very runny. the flavor was really good!*i forgot cottage cheese so that was vetoed from the recipe. i only had 3/4 lbs of hamburger meat so, i added about .5 lbs of jimmie dean all natural origanl pork sausage, and a small can on sliced black olives.i'm impressed! :)",5,1
"we thought this was delicious! this was my first time using a cast-iron skillet, but it was just so easy. the only thing i changed was that i used spaghetti instead of angel hair. oh and i also used dried parsley instead of fresh. i can understand why the one reviewer said it was ""dry"", but i don't really agree. there isn't a traditional sauce. but the lemon and butter definitely keep this from becoming dry. even the leftovers were delicious. we will definitely make this again.",5,1
while this recipe was good i found it to be a little too sweet. i will make it again but cut back a bit on the sugar. maybe it's because i used honeycrisp apples. my guests raved about it!,4,1
i have made this the past several years. i often omit the brown sugar and pecan topping and substitute crushedbutterfinger candy bars. gives it a different taste with the peanut butter and chocolate. really good this way.,5,1
wonderful flavors and easy to make! this dish will become one of our weeknight staples!,5,1
"i made this over 20 years ago for my kids. i would put the ravioli in individual ramekins and freeze. when they got home from school just take a ramekin from the freezer and bake. great little pick-pick-me-up before after school activities began. this is also good with cheese ravioli, leftover chicken, and alfredo sauce.",5,1
i'm glad i found this recipe!! i was about to prepare a typical soy sauce based asian thigh recipe but was out of soy sauce. in a quick search i found this and had all the called for ingredients. the only addition my family made was some added chinese hot sauce to their's to kick up the heat. great dish.,5,1
"i've been making lasagna for over 40 years for my family, but decided to update the taste and ran across this recipe in taste of home a couple years ago. i use this recipe exclusively now. it's very meaty with the beef and pork and that is the best combination. the seasoning and combination of cheeses is perfect. i had my doubts about the use of cottage cheese, but it cooks down so there are no curds and keeps the lasagna from drying out. i made this a number of times and it comes out perfect every time. i call that foolproof!!",5,1
this is really good and it keeps very well to make ahead of time.,5,1
"i liked this soup. my kids don't like onions, so i used onion power and hashbrowns so save prep time.",5,1
"these bars are so good! i made some alterations and they still turned out great! (cut back on sugar, used 3/4 cup of vanilla yogurt & 1/4 cup sour cream, 3 bananas, added walnuts.) i also halved the frosting and still thought it was a little too much (but soooo tasty)",5,1
i made this for our son's birthday. he loves peanut butter cups and he loved this dessert. everyone loved it. it is rich but oh so good.,5,1
this potpie would have been delicious but i thought it had way too much thyme. i will try again with only a smidgeon of thyme.,4,1
"it took more cooking time then the recipe stated , at least 45 to 50 minutes. and i used seasoned breadcrumbs instead of oats. and the recipe was amazing!!!! i will definitely be making this again!!!",5,1
my daughter in law loves mac and cheese. i've been trying different recipes and stopped with this one. it's creamy and rich. i cooked the pasta less than it called for and it was awesome. love love love it,5,1
i made these following the directions exactly. they were very good.,5,1
"i'm disappointed. i made 2 loaves today and neither of them was cooked through to the bottom even though i left them in for longer than 70 minutes. and, it's not my oven.",4,1
"wouldn't change a thing. not quick and easy but well worth the trouble. i made cream sauce with flour, milk and butter, then added the cheese, then added that to other ingredients. whole family loves it.",5,1
"love this recipe. for picky eaters & kiddos plus mommies trying to watch their waistline. finally, one meal for everyone! i used canned chicken and added some ground fresh spinach leaves- getting in the greens is never easy with toddlers.",5,1
my family loved it!,5,1
"delicious and flavorful! i doubled the seasoning and used one whole each of red, yellow, and green bell pepper and one whole onion sliced (not too thin) just like they do at my favorite mexican restaurant. i made spanish rice to go with our meal. definitely a keeper!",5,1
wow!!! great taste. too many ingredients but totally worth it. :),5,1
"so, not the healthiest corn bread recipe, but it's so good.this is my go to corn bread now. i have reduced the sugar to 3/4 cup a few times, it was still fine.",5,1
"excellent cake. since i don't like nutmeg i added extra cinnamon. yum!! constance, please post the ""apple stuffed french toast"" thanks, connie :+))",5,1
fabulous! anyone know how to convert the ingredients to fit a 9 x 13 pan?,5,1
"a great all-in-one meal. i added some extra seasoning to give it some more zip, but it's a really nice, simple, and hearty meal that my family enjoyed. i will definitely try the tip about putting the pork chops on the bottom next time, because they were slightly dry.",5,1
can't say thank you enough! i was so tired of making my standard macaroni salad and gave this one a try. it was a hit. and thanks to those that suggested miracle whip. will try that this weekend!,5,1
turned out well,4,1
this is such an amazing recipe! thank you so much.,5,1
easy and is very good,5,1
does anyone know if this can be made ahead and frozen? it is delicious and i'd like to have it in the freezer for unexpected company.,4,1
"my rating has to do with the equipment used. this is supposedly a recipe is for ""beginners"". how many beginners have a dough mixer? instructions for making the bread truly ""by hand"" would be wonderful.",2,0
excellent recipe. i used corn tortillas.,5,1
"love this pumpkin bread. read throught the reviews and made the following tweaks: oj instead of water, full can of pumpkin and dried cranberries instead of raisins. delicious!",5,1
this recipe is really delicious but also a favorite because it uses one whole can of canned pumpkin!,5,1
"so easy and so yummy, my daughters husband favorite",5,1
"being a creole girl from new orleans, la., i simple love seafood. i tried this dish but i used real lump crab meat, added the holy trinity (onion, bell pepper and celery), added white cooking wine to the sauce and added a dash of old bay seasoning. chile' my husband still licking his fingers.",4,1
excited by this simple yet tasty gluten-free recipe!,5,1
"this is very similar the recipe i've used for years, except mine does not include the sugar. it also doesn't have the milk; use undrained whole kernel corn for the liquid. (and it specifies to put the corn bread mix in last). always a huge hit wherever i take it. it's my go-to recipe when i need something that mixes up quickly. (4-star review because i've never made *this* recipe.)",4,1
these are yummy! so quick and easy! thanks for sharing!,5,1
great flavor - but double the sauce. i actually made it in a crockpot. delicious.,4,1
"easy to make and sweet. i left off the icing and didn't miss it. had to bake the bars longer, as many other reviewers suggested. tasty, but quite plain, otherwise it would get 5 stars.",4,1
this recipe is fantastic and easy to make. i served asian peanut coleslaw with it.,5,1
"i made this tonight! i did change it up a little bit though! i omitted the carrots, and the roux used to thicken the soup. when a soup has lots of cheese like this one does a roux to thicken things isnt really necessary in my opinion. i added a little bit of dill weed as well, which gave it a little kick. my boyfriend had picked out a hickory smoked bourbon gouda that he decided he wasnt a fan of after i already sliced some for his lunch, so i threw that in there too! we're definitely going to be making it again :)",4,1
"i thought the tomato base tasted on the bland side. so, like one of the reviewers, i added a couple dashes of garlic powder when browning the ground beef, which definately zips it up, plus, i added about 3-4 dashes of worcestershire sauce, and 3 shakes of cayenne pepper to the soup. this recipe is easily customizable to your family's taste buds! i will definately add to my recipe file! thanks!",4,1
"we thought this chili was absolutely fantastic. my husband said he would take this to his next chili cook off at work. although the chili was great it was a bit too spicy for the younger ones in my family, but to be fair they really don't eat anything with any spiciness at all. we will make this again and again.",5,1
"i was looking for more flavor in this soup since this recipe was given such high ratings. our family rated it as good, but average in flavor, so i won't be making it again.",4,1
"the sweetness is what makes it such a treat as a side dish! it adds a surprise to the meal. people request me to make this dish for parties all the time, and it always goes fast!",5,1
very yummy recipe. i did need to add more liquid - 1 cup chicken broth and almost 2 cups milk. i also added the cheese after thickening the sauce and before adding the potatoes. it worked really well and was nice and smooth!,5,1
"i made exactly according to recipe, except doubled sauce. as he was eating, hubby kept telling me how good it was. perfect amount of red pepper flakes. i would maybe not double the five spice powder. will definitely make again. served over brown rice.",5,1
"i am a very seasoned cook, make everything from scratch. made just as written, cake sunk in middle and icing is like soup.",2,0
"of course, i always have to tweak a recipe, but i did add a bit of basil and marjoram to the meat/tomato sauce mixture. i also added minced garlic. i probably strained the zucchini for about 20 minutes. i probably squeezed 2 cups of liquid out of it. it still seemed wet, but when i mixed it with the cheese, it was almost a little too dry to combine until i mixed the eggs in. i also sliced roma tomatoes, sprinkled with basil, pepper, and salt, on top before adding the top layer of cheese. i'll definitely make this again.",5,1
"i added the potato,carrot,and onion too and this meal had amazing flavor! i will definetly be making this again!!! thank you!",5,1
would make again. used approx 1/2 cup sour cream and a little under 1/2 cup for the whipping cream to make it thicker. simmering helps the liquid reduce. made corn bread to go with it. yum!,5,1
"can you believe the people who did not give 5 stars or even gave a review yet did not follow recipe directions. people! if you don't follow recipe directions and change what is supposed to be done and it didn't turn out the way it was supposed to then don't rate low. not recipe fault, your fault.",5,1
"my family devoured this delicious dish. after reading the reviews i made sure to dry the zucchini well, and i jazzed up my sauce with some fresh herbs (basil, parsley and oregano) and garlic, and instead of ground beef i used hot and spicy breakfast sausage i had on hand. can't wait to make it again with a layer of sauteed mushrooms! thanks for this great recipe.",5,1
very good flavor and texture!,5,1
"i was so surprised at how good this is, i made it for a church potluck. i was not so sure about it with the peppers and cucumbers but would not change this in anyway!!",5,1
a nice change!,5,1
"i used egg beaters and substituted half the oil for applesauce. the cake was so moist. everyone loved it. this is a definite keeper. even people who don't like cake, loved it.",5,1
very delicious and was a huge hit with the family.,5,1
this was given a thumbs up by the whole family. easy and delicious!,5,1
i made this today...not hard to make at all versus making pie crust from scratch. this pie was very good! i added cinnamon also as i read in the reviews...goes good with apple pie! thank you for sharing! this recipe is a keeper :),5,1
perfect flavor and texture! strong ginger and molasses flavors. crispy edges and gooey middles.,5,1
"this is the same recipe my 93 year old mother made and it has always been a hit with everyone who is lucky enough to have a slice! the only thing we did not include is the cheese, however i just recently made it exactly as the recipe states and the cheese is a wonderful, rich addition! love this recipe, it's definitely a keeper!",5,1
family loved this soup.,4,1
"i've made this a few times, and i always add diced tomatoes, mushrooms, and garlic. and, i substitute the ground beef with seasoned ground turkey. i top it with more mozzarella and parmesan cheeses. one jar of ragu is enough for me.....but either way, it always comes out good, and beats standing over a stove for hours.",4,1
horrible recipe. i am actually quite surprised it turned out so horribly. i spent $30 on all the ingredients and almost knew it would turn out amazing due to all the great reviews and five star rating. there was not nearly enough sauce to call it lasagna. the flavors were way too strong and the pork sausage was the wrong choice. there was also not enough lasagna noodles in this recipe. so many things i didn't like about this dish. what a waste of food and time. don't waste your time.,1,0
followed recipe as written; the cake was moist and delicious. would definitely make again. only change i would make is to line bottom of pan with parchment or waxed paper to make it easier to remove from pan.,5,1
this is excellent.,5,1
love this pie. it tastes great and only takes 10 minutes to make. sometimes i just make the filling and sprinkle crushed graham crackers over it.,5,1
sauce is very thick. looking for something more creamy,2,0
amazing is all i have to say! i just used a large 5 lb roast instead of the 2 smaller ones. i also threw it in the crock pot frozen and put it on high for about an hour and then down to low for 6 hours and it was great. and don't forget about the gravy it makes! wow and all of our dinner guests (5 people) loved it too!,5,1
"i have been making this for years. i have learned to just mix the hamb, sour cream, salsa, black beans and zesty italian dressing together. then layer with flour or corn shells and cheese. i make this on the weekend and cover with foil to bake during the week when i don't have time to cook. my boys who are picky eaters love it. we call it mexican lasagna. oh, i also use up my green onions and cilantro if i have on hand.",5,1
the best!!! i make my own crust and that is the only change i make.,5,1
"i didn't enjoy the texture or the taste of this dessert, but my kids liked it.",1,0
unmitigated disaster!!!!!!!! followed this recipe to the letter. the potatoes were still hard and the sauce curdly and soupy. i put it back in the oven and it took nearly another hour for the potatoes to soften. i had to finish the serving in the microwave. the sauce just did not hold up. i have no idea why... but i am going with a different ratio of ingredients next time,2,0
"disgusting. didn’t set properly and had to throw it away. waste of ingredients. i ignored the bad reviews and thought i could make it work, but it turned out rubbish! definitely do not recommend. use another recipe",1,0
i've made this several times. very moist and delicious. i did only use 1/12 cups of real butter. it worked fine. the presentation was fabulous!,5,1
the cake is wonderful. the frosting is a mess. next time i will make cream cheese or buttercream frosting and add diced strawberries to it to it.,4,1
just made this. just easy an easy best one definitely for a quick an soft fudge!! negative people cook it your own way then why ya looking if yours is so fantastic!! good recipe give it a try??????,5,1
all i could taste was horseradish. i followed the directions to the letter. i might try again without the horseradish because they smelled so good otherwise and i think they could be without it.,2,0
https://pakrealestatenews.wordpress.com/2019/07/29/plot-for-sale-in-naval-anchorage/,5,1
great recipe - i served with creamy wild rice soup. i also whipped 2 ice cream scoops of country crock butter with 3 teaspoons of honey. even the few extra pieces were great the next day - heated up in the microwave to go with the leftover soup.,5,1
"excellent, easy, fast, and enough to freeze for another time. just hubby and me.",4,1
"since i live alone, this makes a more soup than i can use at once. i didn't like it frozen. i have found that if i make the base(not the cheese) and freeze it into 2 or 3 bowls, i can then just thaw one of these, and add the cheese then.",5,1
"delish! added retried beans, no italian seasoning. even my kids loved it. will make again",4,1
"i make this several times a year and love it. i always make this when i go to pot-luck dinners. unfortunately for me i take home an empty pan; no left overs.i have one problem with it. whenever i make it, and i follow the directions exactly, the jello always slides off the filling on people's plates. what can i do so it stays together on someone's plate? it doesn't bother me but it has bothered those around me.",5,1
super easy cake to make but the frosting was too runny to create froth. enjoyed the cake very much the first day but really dried out in the fridge overnight (and i had it wrapped in plastic wrap). disappointing overall.,2,0
the best dessert i've ever had! they are mouth watering and you can't just have one.,5,1
amazing! perfect comfort food and finally a soup without onion and garlic! (i am currently 6 months pregnant and have had an aversion to onions and garlic my entire pregnancy-trying to find canned soup or a homemade soup recipe without these ingredients is like searching for the holy grail.) i made a couple of modifications-i used my immersion blender to puree some of the soup to make it thicker and add a silkier texture. i also used crushed red pepper flakes to add some spice because franks hot sauce contains garlic powder. :),5,1
a co-worker brought this and used whipped vanilla frosting instead. it was not only a time saver but worked perfectly with the bars. i'm going to make them for the next family gathering!!!,5,1
"for me, a published recipe is a guideline rather than an absolute. i adjusted this recipe slightly, based on the ingredients i had on hand. i added 1/2 t. poultry seasoning (in place of oregano). used minced garlic instead of garlic powder. i only had one can of chopped green chilies, so added a cup of chopped red, yellow and orange bell pepper. we like heat, so i used 1t of cayenne, and we added sliced jalape?o peppers and shredded cheese on top, forgoing the sour cream. i used 2 c. of whole milk instead of heavy whipping cream, and 2 t corn starch as a thickener. there are so many ways to make white chili, that as long as you keep it white and use the right amount of herbs and seasoning, based on the preferences of those you are feeding, you've got a hit every time. our side was a handful of gluten free corn chips, but sweet cornbread would be perfect too.",5,1
this was great! i would add a couple more eggs but even without doing that this was great as in!! it was all gone with no leftovers!,5,1
"clicking on one star just so that toh can correct something in the comment by the submitter of this recipe. as a resident of wisconsin, the correct spelling of the town betty lives in should end with an ""o"", thus, shawano.",1,0
fixed this for my family visiting on a sunday. they all loved it!,5,1
"i make a cake very similar to this - try this, when the cake comes out of the oven and has cooled, poke with a fork and put the crushed pineapple with juice over the cake, taking care to spoon it on all over the top to spread the juices over the cake. it does not get soggy at all! then spread the cream cheese mix over the pineapple and top with the cool whip. i like to top it with coconut for a more tropical take.",5,1
"i loved this chicken! it was delicious and very simple to make! my son and daughter also loved it. unfortunately my hubby didn't like it, so may not be able to make again until he goes out of town!",5,1
everyone loved this recipe. it kind of taste like snickers. it's really delicious.,5,1
made this for our soup supper at church and everyone loved it!,5,1
heavy really awful.,1,0
"we made this and decided it was so good, that we'd have to have it very often. excellent!",5,1
everyone loved this recipe. i think i could have used just 1 tbsp of oil to fry the onions and peppers in though. thanks for sharing!,5,1
"i've made this twice so far. it will be my go-to pumpkin bread recipe. it's a very adaptable recipe and i'll probably make it a little different each time. i'll never use 1.5c of sugar, that's for sure. today i used 3/4th cup and it's perfectly sweet.",5,1
this cake is to die for! probably the best chocolate cake i've ever made. absolutely delicious and pretty easy to make. just don't look at the calories and fat!,5,1
way to sweet for me. the cornstarch and sugar overpowered the apples.,2,0
holy hot wings is right! i thought i died and went straight to [expletive]! it was so hot even my husband who loves anything burning his throat thought it was too hot.i am going to make it again but this time use much less hot sauce. i did use frank's as some others recommended so maybe that was the problem. i love the ingredients for a dip so i'm hopeful the next try will be better.,4,1
i just made it for the second time tonight! it's amazing and the butterscotch sauce and fresh whipped cream are an amazing combination!!,5,1
something a little different but so tasty. i halved the recipe but next time will make a full batch. was well-received at our barbecue.,5,1
"disappointed :( (these are) not bars, this is a recipe for cake!",1,0
"really delicious, probably the best cupcakes i've ever made. the frosting is perfect and a great recipe alone. it's a wonderful blend of a branny taste with a sweet one.",5,1
i haven't tried this recipe but it seems like it is an awful lot of calories for just one piece of meatloaf. that is almost your whole meal worth of calories. donalee 2,4,1
"i've made this pie twice, so easy to make and they came out flawless and scrumptious. my husband loves the recipe and so do i...this is a definite keeper and our families will be enjoying it in the future! i followed the recipe, but also added a little lime juice to increase the ""tang factor.""",5,1
fail!?? followed the recipe to par but the bread didnt rise at all. not sure what eent wrong but the flour didnt rise before or during baking. any suggestion or idea why?,1,0
"i have a similar recipe. my recipe follows as yours, i just add pimentos. great recipe.",5,1
yummy! i’d make it again.,4,1
"sooo beautiful. it was very rich, but my husband loved the richness.",5,1
it was a very deliciooous recipe alot better than i thought it would be,4,1
"i am sorry but this was not good at all. very dry. we threw what was left in the garbage. followed the recipe exactly. i have two other go to meatloaf recipes that i will continue to use. what intrigued me was the crackers in it because mine falls apart a lot. i will not make this again. no flavor either, i felt like i was eating dry hamburgers.",1,0
yummy! this is such a great way to use up leftover mashed potatoes.,5,1
this is always a birthday gift request from one of my grand-daughters. of course they are always made with love.,5,1
excellent recipe altered the timing but over all great thanks for sharing,4,1
"this is the best gluten free bread i have ever had. i did tweak the recipe slightly:1. egg whites only2. added 1 tsp of baking powder3. no sugar or sweetener - it took about 7 bananas to make 2 cups (organic, tree ripened)4. olive oil instead of canola5. added cinnamon6. didn't add any nuts but would have been lovely",5,1
so delicious!!! reminds me of a pastry we use to make at the bakery i worked at in during high school.,5,1
"these are lovely cookies. i used a 1 1/2 inch cookie scoop. it made a 3 inch cookie, so if you want something bigger-change accourdingly. it made 35 cookies. i baked till just lightly browned on the edges. i let cool 2 min on pan before removing to racks to cool.",5,1
these are so moist and tasty and pretty too! i make these whenever i have guests over during the fall season!,5,1
recipe was easy! the hardest part was waiting on each step to chill. it fit perfectly in a 9x13 pan. none left over at all. the grandkids loved it and i will definitely make again! i followed the instructions exactly except my frozen strawberries were not sweetened. i did not add sugar and it was still wonderful.,5,1
i have made this recipe repeatly - have passed the recipe to lots. love it.,5,1
i haven't made this yet but i love rhubarb so will be making it soon and i'm pretty sure it will rate 5 stars.,5,1
good one,2,0
"great recipe. you can substitute pretty much any heartier pasta you have on hand. i personally do not put the tomatoes in a blender, as i like them more chunky. i also don't layer. i just put everything together and top with the cheeses. perfect comfort food!!",5,1
every time i make this candy everyone asks me for the recipe. it is a real winner!!!,5,1
this candy is worth every penny you spend on ingredients and every pound you gain from eating it. delicious and impressive.,5,1
so simple and yet so tasty! i'll make this again and again.,5,1
i can't wait to try this. love zucchini and pizza. this was good. i think i'll use stewed tomatoes next time for more flavor.,4,1
"this a fantastic family, summertime recipe! the chicken is jammed packed with flavor!""a true family favorite!!!!!!!!!!!",5,1
"as soon as i saw this on the cover i knew i had to try it. wow, so simple yet so delicious. i added some extra heat with a few shakes of tabasco because my salsa was mild.",5,1
this was very good. i reduced the chicken broth amount to a bit over a cup and used a white chicken chili boxed mix. it was devoured by our fellowship.,5,1
this is wonderful. really quite easy to make and tastes delicious. i love it.,5,1
this was a hit. i left the sugar the same but used about 9 cups of sliced apples-we like our pie deep dish.,5,1
"doubled this recipe to make 2 loaves. i cooked for 65 minutes, took out of oven and began to cool it. realized that it was not done and put back into the oven. baked for another 25 minutes and took out. still did not seem done. followed the recipe to a t. do not know what happened. maybe too much oil. any suggestions. will not make again.",2,0
i have made this many many times over the years,5,1
this is the best banana bread recipe ever! very moist and great banana flavor.,5,1
"with no offense meant to the creator of this recipe, i felt cheated! with a name like zucchini pizza casserole, i expected some pizza flavors. i didn't get any of that at all!!! it was tasty as made according to the recipe, but disappointing. i kind of thought the zucchini layer on the bottom would be more like a crust, but it wasn't. i will try this again, but i have some other ideas to ramp it up!",2,0
girls at work loved it!,5,1
"my family just loves this delicious, hearty and creamy soup!!! i make a double batch and freeze it for lunches.",5,1
"this recipe was very good. we ate it with biscuits, so we didn't mind that it was a little soupy. it was not as spicy as many chilies, but had an excellent blend of flavors. yum!",5,1
deliciously cheesy.,5,1
"made this cake this weekend, wonderful. it is not a fluffy cake but a moist fudge texture . i was hoping for a much richer chocolate flavor. the frosting goes on smooth and make the frosting cake look nice. i will definitly make this again but next time i will add expresso powder to the cake.",4,1
i have made this many times and had rave reviews. have even baked ahead and froze. still was excellent! if you don't want to spend the money for scallops you can use more shrimp/imitationcrab.,5,1
"a family favorite around here. we substitute real cheese for velveeta, and that just increases the flavor!",4,1
this was a big hit! i used a regular cake mix and made a layer cake. i used the pudding mixture and pineapple as the middle layer and put the whipped cream on the top and sides. added the toasted coconut and everyone loved it! definitely a keeper.,5,1
"outstanding recipe. i used smoked ham steaks, used white pepper, and followef a recommendation of adding thyme. i also used ham stock insteak of the recommended chicken bouillon. tossed two diced stalks of celery in with the onions and carrots and minced a couple cloves of garlic. i also used half and half in place of the milk. i'll make this a couple times every fall/winter. great flavor. even though it's thick, oyster crackers work well.",5,1
this is soooooooo good,5,1
this is a very good recipe. if needed it's easy to change it. i had to make some changes. i cannot have beans so i didn't put them in. i didn't have green chili so i added a can of tomatoes with green chillies. it came out great. i love recipes that can be changed to fit the person. will be making this again.,5,1
"this (sometimes substituting ground turkey for beef) is a favorite 'go to' recipe in our kitchen! cornbread, made from our new favorite mix, 'miracle maize', found at walmart, makes it a meal!",5,1
i really liked this recipes cause it only has... 96 mg of sodium and when u go to make this - use unsalted butter! i added some applesauce and some roasted pecans and every1... loved it!,4,1
"this soup was delicious and easy to make. it is unlike any white chili i have ever had. we did substitute while kidney beans for the great northern beans. we prefer kidney beans--they are a little firmer. and instead of the 1/4 tsp cayenne pepper the recipe calls for, we added 1/4 tsp of chili powder.",5,1
"wow!! this was great!! i used a spicy andouille sausage, so decreased the cayenne pepper a little, otherwise followed the directions exactly, and it was fantastic. will definitely make this again",5,1
"i'm dying at the review below by bob who subbed ingredients and then complained that it turned out bad. this is a fantastic recipe when you have fresh peaches in the summer. it's probably good with frozen or canned peaches too, but i save this for when i have fresh ones. for the topping, you need to let it boil for a bit and reduce before pouring on the batter, think like syrup or even a caramel consistency. i add a little corn syrup to the topping mix just to prevent any crunchy sugar bits. the cream as indicated by the recipe is good, but some ice cream i think is even better. if you have fresh peaches, this recipe is a must-try.",5,1
simple recipe that delivers great texture and taste. my picky eater 14 year old son loved them! thanks!,5,1
"i modified this recipe and left out the mushrooms because i don't care for them. i didn't have celery, so i added extra carrots. it turned out so yummy and flavorful! we ate it with a side of garlic toast. it's a very filling soup.",5,1
this was fabulous!,5,1
"very simple and quick to make! i omit the salt, and use 1/2 mild cheddar and 1/2 sharp cheddar cheese. so tasty!",5,1
"the description says ""maybe it's the cream cheese! "" where is the cream cheese in the recipe ingredients? it says sour cream and whipping cream, not cream cheese.",1,0
this is very good. i plan to make it again for our church potluck. thank you karen johnson.,5,1
i have been trying new recipes to ease the boredom of “covid lockdown”. this recipe was an enormous hit with both my husband and me. the ease of prep in an added bonus. thank you kristi black for sharing your superb recipe!,5,1
"added a beer, hot sauce, extra cup of cheddar and chicken broth to give it the kick we wanted. served with baguette.",4,1
*i made this last night for our girls' game night dinner and everyone loved it! doubled the mushrooms and butter they were sauted in and used 1/2 cup chicken broth and 1/2 cup sherry for more sauce on the chicken. served it with steamed broccoli and rice. excellent! i will definitely make this again!,5,1
"loved it - quick, easy to make on a hectic holiday night! my husband, who is not a fan of cauliflower, even had seconds! made it per recipe - no substitutions. did not have hot sauce on hand, but will try splash in it next time! may try it with some smoked sausage next time, too, for a heartier meal.",5,1
"good stuff! i made it for dinner this weekend. my girlfriend and i loved it! i substituted about 12 oz of recently purchased ""dynamite"" roasted chilies for the 8 oz of canned green chilies. we both like our chili with a tad of ""whang"" to it. the two of us finished off the leftovers the next day for lunch. i will definitely be making this again!!",5,1
i must have used too many apples? i got dried up apple chunks instead of a cake. :( the recipe looks so good and you all have had success. what did i do wrong?,1,0
this was very tasty and relatively easy to make. made with bacon and next time i will try the breakfast sausage.,5,1
"it was devoured at our fellowship. i quadrupled most of the ingredients except for the broth, using only 1 box and used 4 cans of progresso beans, and 12 oz. of cheese. i served it with tortilla strips. very good and mildly spicy. june, 2018 i didn't have cumin but put in trader joe's taco seasoning, chili powder & paprika to taste. 2 cups chicken broth was too soupy; put in 3/4 cup instant mashed potato flakes & 3 cans of beans. tastes okay to me, no fellowship verdict yet.",5,1
"made as directed. it was good, but not exceptional. i thought with all the 5 star reviews it would be better. hubby loved it!",4,1
"i was not a fan of this recipe. i should have noticed when it called for almost all canned ingredients that it would not be too tasty. basically you just throw all the ingredients together and hope for the best. i had to add an extra pack of taco seasoning so that this soup could have a better taste then just canned beans and tomatoes. i also added sugar because the ranch dressing adds a sour taste to the soup that i had to cover up and some chili garlic sauce to give it a kick. i would suggest to omit the ranch dressing all together. matter of fact, throw the whole recipe away and try again.",1,0
"i've made alot of recipes for pumpkin bread but this might be the best. inused pecans as i was out of walnuts, no raisins but did add a bit of cinnamon. the nutmeg and clove ratios were wonderful. full.discloaure i used peanut oil instead of canola. it was delicious!",5,1
"we make this recipe frequently. it's a classic and guests always love it. for a little more flavor, i leave the seeds in the jalepeno. i usually always double the recipe to feed six adults. we prefer the cannellini beans because they're larger and softer. we love to serve it with cheese, sour cream, and tortilla chips.",5,1
"the cake tasted good, but it was not light and fluffy. it was heavey and had the texture of a pound cake. can anyone tell me what may have caused this?",4,1
four out of four adults in this family did not care for this at all. it was too rich and greasy with all the cheese.,1,0
made this in the crock pot last sunday. yummy! this will be my go to recipe. very easy to make.,5,1
i have made this many times.it isalways a great hit..,5,1
"used chicken stock for the water and added thyme and garlic powder to taste. wow, what a great chowder.",5,1
love this recipe!! great on fall camping trips!,5,1
i've made this taste of home recipe for years....i do add garlic....and the mushroom soup adds a little extra something to it! always get compliments and recipe requests!,5,1
so easy and oh sooooooooooo good,5,1
"i tried this recipe out for my extended family and they loved it! now they are asking for the recipe. i did add a little extra potatoes to the mixture, but wouldn't change anything else about it. it was awesome :-)",5,1
"excellent!!! i doubled the recipe to make a sheet cake and a couple of variations to lighten up (hopefully) the recipe. i subbed half of the eggs for whites, half oil for apple sauce, reduced sugar and added more apple sauce. i didn't have orange juice so i added 1 tablespoon of lemon juice per batch. kids loved it... that's all i need to know.",5,1
"love this recipe! not a fan of pinto beans so i leave those out and i use the petite diced tomatoes. the kicker- when we eat it. add corn chips , shredded cheese and sour cream!! omg! making this right now. it is #nationaltacoday",5,1
"for those who like a very sweet banana bread this is excellent. the only difference between this recipe and the one i've been making for years, is my recipe calls for 1/2 cup sugar & still excellent---just less sweet.",4,1
this is a delicious cake - moist with a rich chocolate taste and a lovely icing. i followed the directions and the frosting frothed to wonderful consistency. thanks to ms. kreitz for sharing it- it's absolutely a keeper!!!,5,1
made this for my family last night. everyone said it was a keeper recipe for sure.,5,1
"followed this recipe to the t, it sucked.",1,0
absolutely delicious! fantastic as leftovers also!!,5,1
i have been making this recipe since i first made it in 1999. i love the sage in it. i feel it sets it apart. if you are worried about the salt use a salt free broth- walmart sells one. i alternate corn and flour tortillas - every other one. i feel if they are all corn they are too mushy and all flour to gummy. every other is just right. this is hands down a recipe that people ask me for over and over again.,5,1
"no matter what mac salad recipe i make my husband always rates it ""ok"". this salade he liked and even had seconds! it seemed kind of ""blah"" so i added l/2 cup of sweet pickles, we thought it added alot.",4,1
"yum! if you like really thick chili, i would suggest cutting back on the stock and sour cream/whipping cream a bit (and maybe the cayenne pepper too then) or adding a bit of cornstarch to thicken or pureeing a portion as other reviewers mentioned, but we thought it was really good as written! just the right spiciness- i can't tolerate much heat but this leaves just a little 'bite' in your mouth after eating it. (or...if it's too thin- maybe you're not simmering it long enough with the lid off?)",5,1
i highly recommend substituting coconut oil for the canola. it makes such a huge difference in the moistness of the bread. it also tastes better. and i also add chocolate chips:),5,1
"edemars-2.5 x 16 x 2.5 = 15"" 10 x 1 = 10""",1,0
"it’s in the oven now. sure smells good baking! i checked at one hour and was still gooey in center. checked again in 5 minutes (as suggested by another reviewer) and it was done! i had lined the loaf pan with parchment paper, so i cooled for 10 minutes and lifted it out to finish cooling. smells and looks delicious! my whole house smells like bananas!",5,1
delish!!! will keep it for a regular soup,5,1
"i was really excited to make this soup after reading all the great reviews. i have to agree with the one review i read that said it was basically hamburger helper without noodles. actually, i think hamburger helper tastes better then this. the only change i made was to add a some bacon at the end. my husband and i did not care for this at all.",1,0
"made these yesterday and my family said this recipe is a keeper!i also made the cream cheese frosting but used my recipe: 1/2 stick butter,1-8oz cream cheese,2 cups powdered sugar,1 1/2 tsp.vanilla extract. made my bars in a 9x13 pan and the frosting amount i made covers perfectly also garnished w/ crushed nuts.",5,1
i can't imagine chiken n' dumplings w/o sauteed onions. :-) so i added a chopped onion w/the carrots & celery. yummy!,5,1
"absolutely love this and so easy to make! my grocery store only had hot turkey sausage, so i opted instead for the precooked jimmie dean sausage crumbles. the textures and flavors just go together so well!",5,1
i have made this lasagne many times.it is wonderful but not everyone likes sausage.i replaced the sausage with ground pork and it was excellent.,5,1
i followed the instruction exactly like it was written without adding any salt! the results were still great though i would agree to add a little salt next time! could be as a base for any birthday cake with any thing/flavour added! spongy and moist at the same time! i will make it again for sure!,5,1
"so very disappointed. the cake sunk in the middle and had a crusty looking lighter color brown in the middle. i usually use a hand mixer on a low setting but this recipe said ""combine"" therefore i used a whisk until all was combined. i needed this for our easter dinner. now i need to go to the supermarket to buy a cake. i will cut it in pieces later to see if it tastes any good. i can't serve it as is. i am not too sure if i should even bother making the icing. this turned out to be an expensive cake re: the guinness beer that no one will drink.",1,0
honestly....this was truly the grossest soup i’ve ever made and i was so excited,1,0
easy to make and yummy!!,5,1
"need to bring this to work, has anybody tried to do this in cupcake papers or small cups to make serving easier. thank you",5,1
"yes, i substituted milk and lemon juice also for the buttermilk. some collapsed and some didn't. don't know why. they still were a hit.",5,1
"i had a houseful of company coming and bananas that were overripe and needed to be used. this recipe was perfect! it makes a big pan full, and the flavor was great. since not everyone likes cream cheese frosting and i didn't want to have to worry about having to store these in the fridge, i decided to go with a cinnamon one instead. i got lots of compliments on them from my guests, and i still have plenty to take to work to share tomorrow! i'll definitely be making these again.",5,1
"this is undoubtedly the absolute best chocolate cake and frosting i've ever tasted. i ended up having to add an additional cup or so of powdered sugar. i sifted the sugar before measuring and probably shouldn't have - it didn't say to. i was afraid it might be lumpy if i didn't. sifting probably made it not fill the measuring cup as full when measuring. sandy, i can see why you won the contest.when reading the recipe, it had a few things completely different from all the methods i've ever used and made me want to try it to see how it turned out. it is absolutely wonderful",5,1
great dessert! i will make this again as it was very easy to make. i used only cinnamon for the mixture and the topping as we don't care for nutmeg. the only trouble i ran into was that it bubbled over while in the oven. so be sure there is a drip pan while baking.,5,1
"i had seen this recipe and then lost it so was going from memort. i used 2 pks of yeast instead of 1- it was fantastic!! chewy, soft, and that yeadty flavor i love. this makes a wonderful base for cinnamon rolls- hint hint!",5,1
"this is one of the best wild rice soups to make. it enhances the flavor of the rice and doesn't get all mushy. this is also wonderful with ham, with ham and chicken or with smoked turkey.",5,1
the very best,5,1
"i made these exactly as written and they were amazing! the recipe definitely makes a lot of them (they're rich, so cutting them smaller is fine). i took them to two different events this past weekend and they were a huge hit at both. i'm definitely making these again!",5,1
this was great! even my picky eater husband liked it! i used red and yukon gold potatoes and did not peel them. yum!,5,1
"i enjoys these reviews. rarely make the recipes. jaw-dropping amazing how mean some of these reviews are. that someone would sign in and go out of their way to tell someone “learn to cook”, “ this was terrible”, what’s wrong with you people, this is a recipe site! why do you have to be infect your personality onto this nice place by being jerks?",5,1
i followed this recipe exactly as is except i used 3 bananas and it is so delicious and moist. easy to make and great for potlucks.,5,1
i've been making this recipe for twenty years. i only use one boneless chuck roast and put potatoes and carrot chunks under it and cook at 325 in the oven in my covered dutch oven for about two and a half hours. i also use a bit more water to make sure i have enough of the gravy,5,1
"crowd pleaser! so juicy and tender, even better the next day. yum!",5,1
made according to recipe and we found it extremely spicy and salty. not sure what happened here as i can see all the 5 star reviews. glad everyone else enjoyed it!,1,0
"this recipe tastes so good. i use garlic cloves instead of the powder, and skip cayenne. i already take cayenne caps each day. loved it!",5,1
incredible soup! i cannot believe how good this is. i used leftover taco meat and something about those taco spices in the soup put this over the top!!!!!!,5,1
"love, love, love this recipe!! it is so delicious, everyone raves over it. will never make another lasagna recipe....ever!",5,1
can't wait to try,1,0
"i have been making this recipe for years - it's our favorite soup, comes together in no time and is just wonderful!! i double the veggies and also add celery to it. yummo.",5,1
outstanding!some changes i made:i browned the ground beef with a diced onion;i also used one 14 oz can of diced tomatoes and one 14 oz can of diced tomatoes with habaneros for a bit of kick;and used more rice to make the soup thicker.,5,1
"based on previous reviews that it was too soupy, cut the chicken broth to 2 cups. also substituted 1 10 oz can ro-tel original plus 1/2 of 8 oz can tomato sauce for the diced tomatoes. used rotisserie chicken instead of turkey and replaced the yellow pepper with celery. garnished with sour cream and crushed tortilla chips. didn't really taste the pumpkin as much as it just gave it a wonderful earthy taste. the whole family loved it!",4,1
"i just made this tonight. it was a hit! great taste, easy and healthy!",5,1
amazing! growing up....stuffed green peppers were my favorite! i did not (wish i had) know there was such a thing as green pepper soup until i was at an upscale restaurant a few months ago and it was one of my choices for soup. i tried it and was blown away how good it was... it reminded me of my mom's! that night when i got home....i searched online to find this v recipe. i had all the ingredients.... so the next day i made it and now it is a monthly dinner plus enough for my lunch the next day! i did add a few splashes of .... worcestershire because that was something i remember my mom putting in her stuffed peppers & with my eyes closed it was liked eating my mom's stuffed peppers! amazing!!! to put a slice of american cheese on top of each bowl..... will blow your mind.... makes it creamy and delicious! i am a picky eater.... so to find this recipe is the best! to make it thicker add a little more cooked rice other than that enjoy!,5,1
now if there was just a way to convert to metric---great recipe---thanks.,5,1
another amazing bread recipe. they came out perfect!,5,1
the only problem with these cookies is how fast they were consumed. delicious.,5,1
made this soup and ate almost all of it myself because it taste fantastic.,5,1
good quality recipe and bread :) thank you.,4,1
the best apple cake ever!,5,1
too sweet for my taste and not as good as i thought they would be...very disapointed...will not make again,1,0
"sounded good, but, sorry didn't care for it",2,0
"this was good, but i think i like lkimk77 recipe so i'm going to try it except for home made sauce, i'll use pizza sauce and no bell pepper (we can't eat them) i'll use a banana or sweet pepper",5,1
"i made this for the first time, and my girlfriend absolutely loved it! it's delicious, and the crust.... words just simply can't describe how incredibly delicious the crust really is!!!!!!!!!!!",5,1
this was just ok. the sauce was watery from the frozen raviolis and they were doughy. my husband who loves lasagna couldn’t eat this. i reheated the next day and the sauce was less watery and the taste was slightly improved but i will not be making this again.,1,0
oh my goodness this is so good and super easy! the change i did make was not in ingredient but in preparation. i mixed the salsa and sourcream together which made it much easier to layer than sourcream by itself. will definitely make again!,5,1
my husband loved it. i think it could use an extra half pound of beef. the only thing i changed was adding paprika to the finished product. a bread bowl wouldve been nice to as it is very cheesey. get the good cheese!,4,1
this was not one of my favorite cakes.,2,0
won the office pot-luck with this great recipe! i think next time i'll add more cinnamon to the frosting. i also suggest that you keep the frosting @ room temprature until you're sure you're finished with it as it's super sticky and very hard to work with cold.,5,1
these were really good. they turned out much more spikey and porcupine-looking than the picture shows.,4,1
"this is a wonderful apple pie recipe, best i've made. ive seen some reference to the pie being soupy. i didn't experience that at all. we let the pie rest for a few hours after it came out of the oven. it was perfect when we sliced and served (a la mode of course! )",5,1
"this is really good. i usually make a potato soup similar, but my husband has type 2 diabetes, this is a great alternative! actually i think we like it better. i wouldn't change a thing. i serve it with crispy bacon and cheese on top.",5,1
"this was one of the first recipes i made when i began subscribing to the taste of home magazine in the 1990's. i made the cupcakes for a outdoor concert i was going to on a summer evening. delicious, moist spice cupcakes with a wonderful butterscotch icing. they were a big hit with my friends. couldn't eat just one.",5,1
"funny thing, i saw this recipe less than 2 days after i saw another very similar recipe on another website.... and it wasn't what i was looking for at all. so i took it as a sign that i should give it a try. the other recipe didn't use any meat, but it had carrots & celery with the onion, and it also used zucchini. i mixed both ecipes",5,1
this has to be the best cake i have ever had. i made this for a family gathering. i followed directions exactly and it came out perfect. it even looked like the cake in the pic. everyone at the party commented on how delicious it was. (even my sister that is the district manager of the bakery's for a very well know grocery chain that trains employees)i am wondering if i could make a vanilla one using this recipe and subbing white cake mix and white chocolate chips... i think i'll give it a try.,5,1
this was fantastic! followed the recipe exactly as suggested and it came out great. i am also a weight watcher and i was able to fit this into my points. my non-ww husband loved it too!,5,1
"made this pie for thanksgiving dinner. i should have read the reviews. i have made many pies, this was the absolute worst i have ever produced. i used my normal crust recipe with this one for the filling. like the others, my crust looked beautiful, but when we cut into the pie, it was a mess of undercooked apples with a ton of runny juice. it never set up! this recipe needs to be removed, it definitely does not work the way it’s published. you guys should be ashamed of it! readers should not have to tweak your recipe in order to make it work! remove please!",1,0
this was awesome! i didn't have the big pan so i did as someone noted and made in 13x9. it was very moist and had good banana flavor. i would definitely make this again. thanks for a great recipe.,4,1
omg! made for a bar-b-que.... all i haveto say is everyone was asking 4 the recipe. they lasted a whole hr on table... friends wanted more lol i made 3 batches for 30 people ..,5,1
"i like this recipe a lot,it's so easy to make,and makes enough tasty leftovers for a few more meals.",4,1
"such a easy, quick, delicious soup. didn't have any tortellini, so i used cheese ravioli. my husband loved it!",5,1
"this receipe is is terrible, very heavy texture, and very sweet. would not recommend this to any one, it`s was a big waste to make. it make out heavier than a brick!",1,0
"i made this, but may have made a mistake doubling the recipe (to accommodate my bounty of overripe bananas). i thought my pans were the right size, but one of the loaves ran over in the oven. and even though i greased the already non-stick pans, i couldn't get either loaf out of the pan intact. having said that, the flavor was good, and i will try the recipe again and re-adjust my star level.",2,0
"~loved it~ i thought the recipe called for too many seasonings with the taco saeasoning,italian dressing, and cumin so i discarded the cumin, and italian seasoning and thought to add only one tbsp of taco seasoning.my husband hates beans and he loved this recipe. i thought it was very, very good and would deffinately make it again! even better hours after baking.",5,1
this is very good i have made it twice very good and very easy to make cant get enough of it thank you.,5,1
"sonya love, love, love, this salad! ..... have shared this recipe with family, friends, and their friends! thank you soooo much for printing this delious salad !",5,1
"i made this for a party of 50 and had many compliments. it easy to make and if you like a tangy dressing, you'll like this!!",5,1
really enjoyed this. i added some sliced olives because i had some open. very tasty!,5,1
i've taken this to potlucks and always get rave reviews on it and requests for the recipe. i love it!,5,1
"it was the first dish gone at the potluck (i fed ~ 20)! super easy to make. i added a few spices and put parsley on the top, it looked 5 star! everyone was looking for seconds, planning to make it later this week!",5,1
my husband's favorite soup ever!,5,1
these cupcakes were so easy and delicious! perfect for fall :),5,1
"this pie was a soupy mess! i even followed the advice of another reviewer and reduced the juices and sugars of the apples before assembling the pie. also, the apples were very thinly sliced and did not cook through after 50 minutes of baking when the crust was done. the flavors were very good but the way it baked up was unacceptable, especially for so much work. i'd be less disappointed if i had used a store bought crust and saved the time and effort. will not make this again.",2,0
amazing! i made it with gluten free flour and substituted 1/4 cup apple sauce for the egg. it was super moist and delicious! next time i will add some blueberries.,5,1
delicious! i upped the broth since some thought it was too cheesy.,5,1
absolutely delicious!!!,5,1
"family favorite! i have made this with both beef and chicken. i also add a half of a can of corn and a half can of diced green chilies. i prefer to use organic whole grain white corn tortillas and sometimes i skip the last layer of tortilla altogether, as well as one of the cheese layers. cutting a layer of tortillas and a third of the cheese does nothing to reduce the taste. serve with tossed salad and corn bread. so good!",5,1
this one is a keeper!,5,1
this recipe was quick and easy. these muffins were delicious and were gone quick. i'm making more and have already saved this for future bananas. ??,5,1
"hadn't made fajitas before. these were very good. i thought it was a lot seasoning at first for the chicken, but blended well together. i did add tomatoes with jalape?os to the veggies for more flavor and my husband and i like things with a little heat. i did not put taco sauce on the fajita as i thought it would overpower the flavors. will definitely make these again!",5,1
yummy! i used mayonnaise instead of miracle whip.,5,1
love the use of provolone cheese. i added a little more sauce.,5,1
"very, very good!!!",5,1
this banana bread tasted great and it was very easy to prepare. i love that it uses oil as the fat - makes preparation so fast and easy!,5,1
"pretty easy and delicious! i didn't use the brown sugar, colby jack, or lemon pepper. i used mozzarella because that's what i had and garlic seasoning mix because i don't like lemon pepper. i followed others' suggestions and did the bacon and onion first. i think it would have been better with the colby jack so next time i'll make sure i have it and i'll crumble the bacon because the strips just slide off.",4,1
we love these bars at my house! i have made them several times and have even taken some to school for a bake sale.,5,1
"we really liked this dish. i didn't even serve anything else with it because it is a complete meal in itself. until this recipe, i thought all shepherd's pie dishes were baked in the oven. pretty easy to make . i even used venison ground beef instead of regular ground beef.",4,1
my family and i were not a fan of this recipe. it was so thick with all the flour and we couldn't taste anything but thyme. it was a bit salty as well. the seasonings were just overpowering. i think this would better suit my families tastes if the seasonings and flour were cut in half.,2,0
this soup is so easy and my family loves it! my 5 year old rarely eats leftovers but has eaten this one 3 times since the first night i made it!,5,1
excellent recipe!! made as is except for using a bag of frozen bell peppers and onions. definite keeper!!,5,1
"very moist. light texture. delicious. only fault with this recipe is that it was entirely too much frosting. next time, i will make half as much frosting. great recipe. made 27 cupcakes.",5,1
"i can see why this recipe is contest winning! i followed the original poster's suggestion about doubling and adding an extra can of beans and it is extremely good. i have made this for guests and they always want the recipe. we have this at least once a month, but i could eat it every week.",5,1
"thank you i am a newly diagnosed diabetic finally i found something i like with low carbs. i made it with almond milk b/c my doctor wants me to switch from ""real milk"" to this stuff and it was still really good. i am actually eating it right now for breakfast!",5,1
"made this for the first time today, followed the recipe exactly ! delicious, moist, perfect! ?????? i will definitely make it again.",5,1
"5 stars for quick, easy and tasty. i didn't grow up on chicken and dumplings but my husband and kids liked this recipe just fine!",5,1
great,5,1
"i made this two days ago and it's a keeper for sure. i put a four ounce can of mild chiles in it. i would have preferred hot chiles but my husband didn't. it was very easy to make and it didn't take long bake. we have been eating it for the last three days and i not one for left-overs. every day when we heated it up the aroma was wonderful. my husband raved about it and when he finished eating he told me he loved me. make this recipe!, i will. thank-you thank-you! jennifer",5,1
this was a super great jumping off point for those of us that can’t remember the last time we’ve made clam chowder ??. i made this on a late night craving,4,1
this recipe is great. i made one pie then froze the rest to use in a new pie crust later.,5,1
"not sure why, but we just didn't like the flavor of this. it does make a lot of gravy, so i understand why mashed potatoes are the suggested side. i added carrots and potatoes to the crock pot, and the flavors just didn't work well together.",1,0
marvelous!,5,1
what a wonderful surprise! very easy to make and tastes fabulous. a nice addition to my gluten-free menu.,5,1
this is such a great recipe!! i prepared this for a pool party we had and everyone loved it!,5,1
i have made porcupine meatballs many times in my life but decided to look for something different. i followed this recipe exactly and my husband and i found it almost inedible. this was very disappointing.,1,0
everyone in my family loved it and it has a kick without being overly spicy.,5,1
add cinnamon and a splash of vanilla extract and they are perfect!,5,1
i make this dish regularly in the cold weather months. love it!,5,1
i have made this recipe many many times to rave reviews. i made a few changes like adding a streusel topping along with chopped walnut on top. the crumbly nutty top tastes very good with the sauce. =),5,1
i think this is the recipe i used the other day. i used 3/4 c. of flour and substituted 1/4 c. of quinoa flour for the remainder of the flour.they came out delicious and left me full of energy and a lasting feeling of fullness.i think this would make an excellent pancake for our children going off to school and their parents going off to work.,5,1
"sure to cook on low heat otherwise pancakes come out tasteless and burnt, other than that, great recipe!",5,1
"these are the best bars i've ever made and tasted! so easy,super delicious!",5,1
these treats were so easy and delicious. the recipe is simple to follow and the peanut butter cups look professional. i made them for valentines day and my family keeps asking for them again!,5,1
"having never made a chicken pot pie before in my life, i was thrilled with how easy this recipe was to make and how delicious it turned out. we halved the recipe to make just one pie. the nice thing: this was a forgiving recipe. we had slightly less chicken then called for but slightly more potatoes. and didn't have any onions (because that's pandemic cooking!) so just used some onion powder for flavor. really: as long as you fill the pie and have the right amount of the gravy mix, it's okay to have some variation on the fillings and will still turn out great. will absolutely make this again and again!",5,1
"this family favorite is requested often - i usually follow the recipe as written, but have substituted bulk sausage, frozen tortellini or frozen spinach based on what i have on hand",5,1
this was a disaster for me. the jello turned into little balls when i whisked in the yogurt. the only thing i can think of is that the yogurt was too cold and caused the jello to start to set. maybe it would have worked if i had allowed the yogurt to warm up a bit first. i had to throw it away.,1,0
"very disappointed with this recipe. i bake a lot and this recipe looked very interesting, but not what i expected, it was very dense, i was expecting it to be much lighter. i followed the recipe exactly. if you want light and fluffy and moist, this is not the cake for you.",1,0
"this is a keeper recipe. all my family enjoyed it. i doubled the recipe and made two loaves, somehow missed the timer and thought i overbaked it. but the bread was still moist and delicous.",5,1
"was disappointed in the runniest of this pie. had to use several paper towels to sop up runny juices. did not read reviews before putting top crust on. would suggest taste of home re-write recipe. it for sure needs more flour. on the upside has a good flavor. we used honeycrisp, gala, macintosh and some sort of fancy apple. just disappointed it was runny.",2,0
so good! really rich though.,5,1
"i always follow a recipe exactly the first time i make it, then make my own changes. here is what i changed. it was too watery with 2 quarts of water. so i used no water and a 46 oz. bottle of v-8. also instead of all that rice i used half rice and half quinoa. instead of beef bouillon granules i used roasted beef base. absolutely delicious!",4,1
"delicious soup! i added 1 medium onion diced. i also saut?ed the onion, celery, carrots and cauliflower in 1 tbsp butter for a few minutes before adding water and bouillon.",5,1
i followed this recipe just as it says and my whole family loved it!!! thanks so much for sharing,5,1
i made these last night for v day. they look great and the one i ate was delicious! i am glad the weather is cool as i am sure they have a low melting point. the piping bag suggestion for the filling was so helpful. i wonder if that would work with the chocolate also?,4,1
these pancakes were so terrible. they had absolutely no flavor even with me adding vanilla extract. the texture was fine but they tasted like nothing.,1,0
we got snowed in so i made this it is so easy,5,1
i love this recipe. i use frozen peppers and onions which makes it quick. i also let them defrost and drain them so the dish is not watery. i consider this a quick meal. and so good.,5,1
my husband really liked this. very spicy and flavorful.,5,1
"i made these today , it’s wonderful ! didn’t change a thing, i added cinnamon because i thought the recipe called for it ! i love banana cake, bars, bread, this is terrific!!’",5,1
"great recipe for a basic meatloaf. i used 2# hamburger and increased the other ingredients a little. i made 2 small loaves, and poured all of the sauce on top before i baked them. my family thought this was delicious. i'll definitely make this again.",5,1
this is the recipe that our family has been using this for all the other cobblers that they made. i am 62 years young and i remember all family functions with were always just “get together “ and everyone brought food. i remember back to my great-great- grandmother making it. the water is what makes it. it makes the crust so crispy and good.,5,1
"very good, we especially liked the sauce.",5,1
"definitely not a keeper for our house. made exactly according to directions and our 2 year old pushed her bowl away saying “no, thank you! yuck!”, the teenager tried two bites and decided on a sandwich, and the two adults ate it but said never again. will stick to a traditional potato soup.",2,0
good stuff for breakfast,5,1
super simple and delicious. i followed the recipe/directions to a “t” and they turned out perfectly. you literally drop a spoonful of the batter to make a cookie. there is no secret method to doing this. they are not as crisp on the top the following day (after being stored in air tight container) but are still absolutely delicious. make sure your eggs are room temp!,5,1
is a very tasty moist banana bread.,5,1
"these cookies are amazing!! i am a chocolate lover so i used chocolate pudding mix and hershey's dark chocolate chips, also left out the nuts and replaced with nestle chocolate chunks. the cookies didn't flatten out much for me either, but still very tasty! will definitely be making these cookies many more times :)",5,1
made these and they are more of a ginger snap taste than a gingerbread but that was fine with us! very easy. 2nd batch seemed a little dry to roll but added a little more butter and it came out easier to roll. definitely will make again!,5,1
my family loved it! it was delicious and creamy! finally a mac and cheese recipe that's a keeper! thank you cindy!,5,1
taste like the real thing!,5,1
"my dh absolutely loves this. the first time i made it as written and he was smitten ;) i've tried multiple variations, with italian sausage and pizza sauce, with taco meat and salsa, with pepperoni on top, and he always wants me to go back to the original! so...i have a pan of the original in the oven right now! thank you for a great recipe!",5,1
"i have made this several times over the years. it's delicious as is; i usually halve it for our smaller family. also, it's delicious to bake the zucchini base, and sprinkle on top diced chicken, green and red peppers, onion, olives, and salsa to taste (i use about 1 cup for half the recipe) to make a mexican pizza. yum!",5,1
this a wonderful dish and very flavorful.,5,1
this was very good but a little runny. maybe if i drained the salsa it would have been thicker. also would swap out flour tortillas to corn.,4,1
"delicious! i need to know how to make the ""boston clam chowder"" or do i just add some(few) tomatoes? carolyn",4,1
"i made this for my sister and brother in law's birthday. he likes anything that's peanut butter and chocolate! i found it very easy to make. it was a little tricky getting the oreos on the bottom. i think next time i would omit the butter and just sprinkle them in the pan. i used fat free cream cheese and light cool whip, still came out great! my brother in law thought it was very rich but i thought it was perfect.",5,1
this recipe is awesome!!!! simple and easy to follow directions.,5,1
i substitute sliced cranberries instead of blueberries in the fall!!,5,1
"every year for our family picnic my sister-n-law brings this pastry. it doesn't make any difference if there is 20 or 40 in attendance there's always at least 1/2 to 3/4 of the pastry left over. you would think that would be a hint that most don't care for it. this july is was a goopy mess. it had to be scooped out of the pan. it was certainly under baked. if you like the store bought kuchens/danish/streusel that is baked in the foil tins, then you'll probably like this because in my opinion that's exactly what it tastes like.",1,0
"instead of using prepared mustard i used yellow mustard. it was very good, i will make it again.",5,1
"absolutely perfect! i have been searching for an easy picture perfect yeast bread recipe for 50 years. the first recipe i tried i threw away the loaf. this is fool proof. and yes i did modify, used only 5 cups flour then extra for dusting, only used 2 tsp of salt. if i could add a picture i would. i drove in a thunderstorm to take slices to neighbor because i needed a witness as how wonderful it was ! a man would marry you in a heartbeat if you served this.lol",5,1
"i baked this bread earlier today, and it was so easy. it turned out great and is very delicious! my 2 year old loved it.",5,1
made this pie and brought into office. went over really well. this is so easy to make and so tasty. i made a raspberry the next day and i want to make it in strawberry next time using strawberry cool whip.,5,1
"i just didn't like this one:( too rich and too seafoody, and i love seafood!",2,0
wonderful bread...it replaced my all time favorite recipe. i'll never try another!,5,1
"i use sweet baby ray's bbq sauce instead of ketchup to give it a more sweet and smokey flavor, but other than that i keep it the same. always gets high praise from freinds and family at cookouts!",5,1
"the taste was good, but i had trouble getting them completely cooked. i baked for 45 minutes until the top was golden brown. when i went to cut them, the lower crust was not cooked the whole way through. i had to put them back in the oven for 10-15 minutes more. next time i will try baking the bottom crust for maybe 15 minutes before putting the cherries on, similar to how lemon squares are baked.",4,1
made this recipe as-is and it was delicious!!! my chicken tasted better left over the next day too. i will be making this marinade again!,5,1
this gets rave reviews every time i make it! everyone wants the recipe. i've had my kids request this for their birthday cake!,5,1
"love love love! this is a go-to for dinner guests! my husband will not eat tomatoes, but will eat them in this!",5,1
"okay, here's the thing...i made this and ate a piece right after it had cooled and i thought ""what are these people talking about, that this is the best banana bread ever?"" but, then i stored it in my fridge and tried a piece the next day and wow, i was hooked and so was my nephew who comes to my house before school (he probably finished off a loaf by himself!) i do not eat nuts so i left them out and it was so amazing! thank you so much for submitting this recipe!",5,1
"i made this yesterday and it is delicious! a friend of mine stopped by our house today and tried it, she loved it too and demanded the recipe. i added a little extra celery salt, and a splash of apple cider vinegar. i also wasn't sure which type of mayo to use, so i used half hellmans and half miracle whip. it was simply amazing!",5,1
"ugh! black forest ham with a good aged swiss cheese should be left to enjoy on your favorite bread. caramelized everything else over powered the ham and cheese. too sweet and greasy. high in calories, time-consuming and costly. a very poor use of poppy seeds.",1,0
i have made this recipe for years. it is delicious.re: one of the reviews this recipe is correct as written. there is another recipe for frosted banana bars on the toh site.that has 1 1/2 cups sugar and sour cream.https://www.tasteofhome.com/recipes/frosted-banana-bars-2,5,1
"this is the best apple recipe ever! there's no need to make an apple pie with crust after making this gem. it is extremely simple and the taste is phenomenal. if you love apple pie a la mode, this is the recipe for you! i get requests for it over and over again. the only change i make is adding an extra apple or so until the apples are piled high in the pan. i also split the apple varieties and use honeycrisp and granny smith. i use a little more granny smith than honeycrisp. usually about (3-4) honey crisps to (4-5) granny smiths - dependent on apple size.",5,1
i'm always looking for new macaroni salad recipes. my family loves pasta but not the classic mustard/mayo based mac salad. this recipe for a huge hit with my picky family. the flavors blend together well once you give it time to sit together.,5,1
i make this fudge a lot and sometimes i will add a small mashed banana,5,1
"great basic bread recipe. easy even if you are so so at following directions. i left to rise a bit too long but it still turned out like the photo. not too many bubbles for me on the yeast either, but again, turned out like the photo. i baked 35 minutes. the hollow sound didn't sound hollow to me, it sounded dense to me but then again i don't know what to listen for as an amateur. either way, it turned out great despite some slight deviations on my part. this really makes you think about wtf they are putting into store bought bread to make it that light texture, talk about diluting the mixture with garbage! the store bread you pay $2 or more per loaf for and is marked up and low quality. it is worth way less than that and i made this quality bread for about 1.66 per batch . 83 cents per loaf at 33 cents for yeast, 2.50 for 5 lb bag flour, divided., at 3 1/3 cups per pound, using 6 1/4 cups. you could get even cheaper if you wanted to buy in bulk but that isn't necessary as you only save a few cents and then you have to make a lot of bread before the yeast expires. i'd experiment by putting everything seasoning on the top of it, caraway seeds, pumpkin seeds, sunflower seed pits, the list goes on. the bread is hearty for refined white bread flour and crusty, not soft and easy to puncture than the store crap! good luck! youtube: lcatrn",5,1
so much flavor! was a huge success at father's day barbeque. everyone couldn't get enough! i used both thighs and skinless boneless breasts. i used chicken broth and 1/4 tsp of ground ginger. will definitely make this again and again!,5,1
my kids loved this! i added the sour cream to the meat mixture to save time and to make sure the sour cream was evenly distributed.,5,1
my family loves this salad.,5,1
"this recipe is great! i just changed up a couple of things because i wanted to substitute the sugar and oils with something more healthy. the bread was more moist than i have ever had in any banana bread! so i used honey and coconut oil instead of sugar and canola oil. i also added way more applesauce than is called for. banana bread should be more of the consistency of something you can pour out into a baking pan. initially the batter was too thick to pour out but as i added applesauce, it became pourable and spreadable. otherwise i really like the recipe and i only added walnuts, not chocolate just walnuts and it was refreshingly not too sweet but just right and like i said really moist! delicious!",5,1
add milk next time you bake these.,2,0
"loved the soup,! i will cut back on the water next time, just for more flavor. i added sliced fresh mushrooms to mine. i may try to add pasta next time instead of the tortellini jut to see how it taste .....",5,1
so creamy and delicious!,5,1
so easy and really good. i left off the capers b/c we don't like them. really good and easy week night meal.,4,1
needed a quick and easy meal on a cold rainy evening and this turned out really great!,5,1
"delicious! i made the cookies a little smaller than the recipe said and cooked them for about 9 mins. made 48 cookies... smaller ones are perfect as a snack or to give with a thank you note. the smaller ones are a tad bit crunchier on the outside, but still have a soft center.",5,1
"since it's the first time i made this, i followed directions exactly as written, made no modifications. it was good, but the italian dressing clashed with the rest of the flavors and i didn't care for that bit. will make again and omit dressing.",4,1
"i made this for lunch today and i have to say it is one of the most delicious soups i have ever made. creamy, cheesy, potatoes and beef - heaven in a bowl!",5,1
"i made this pie today and it turned out very nice but next time i'll skip the ginger. about apples, if you live in an area that has fresh picked apples you are very lucky. apples after being stored lose moisture and this will cause your pie to be dry unless you add a little fluid or less flour. used fresh picked granny smith (4) and only (2) honeycrisp because they were huge and so sweet and tart too. all in all, this 85 year old man is glad he found this recipe.",5,1
"i have this recipe in a 1982 church cookbook i purchased in kentucky. the recipe calls this cake pig-licking cake, another recipe in same book calls it pig pickin cake but it adds orange juice in the mix. whatever you call it, it is a very good cake.",5,1
i followed this recipe exactly and it turned out...amazing!!! my husband and i enjoyed it immensely!! thank you very much for sharing - i can't wait to make it again!,5,1
i put this recipe in my favorites book and have made it several times already! the only change i make consistently is to omit the ground mustard and use 1 tbsp dijon mustard in its place. this is one of my favorite comfort food recipes!,5,1
this is a favorite and so easy. always comes out perfect!,5,1
i have to join the other 5 star raters with this one. its very rich and wonderful. impressive and very satisfying. i did use a few suggestions. i feel that this recipe will do just fine with just 2 seafood choices. if crab is one of them use fresh. next time i will just use shrimp & crab. i also reduced the clam juice and used a dry sherry.this recipe will serve quite a few so i downsized it to just 2.i also feel that this would be perfect for stuffing pasta shells * next time for sure.janietaste of home volunteer food editor.,5,1
not sure what everyone was so impressed with. i made these and they were really dry. maybe i just didn't add enough zucchini but still i had to smother my cupcake in creamcheese frosting to eat it. to be fair i did not try the caramel frosting.,2,0
this recipe needs fruit to add to taste and eye appeal.,2,0
wonderful!!!,5,1
i made it today and it was so yummy. my husband and i had to go for seconds. i did change the recipe a little i used regular chicken bouillon and regular half and half. and i followed the instruction the same way.,5,1
great recipe and really easy to make hotdish. (can't believe anyone from minnesota would call it a casserole),5,1
i made this exactly as written. soooo good! this soup will definitely be in the rotation often.,5,1
i followed the recipe as is. it is the best corn bread i've had. it is not overly grainy. i'm am very pleased and will keep this recipe.,5,1
"<p>this is quite literally, the best recipe i have ever found. i am looking it up for the 30th time as it has been requested for a birthday dinner tomorrow. by now, i should have it memorized! it does not disappoint. </p>",5,1
"i just love this cornbread. i served it during a get together at my home and everyone had positive comments and just loved it. i did change a few things; 1) substituted 1 cup flour with 1 cup cornmeal, 2) only used 3/4 cup sugar, 3) substituted 2% milk with butter milk, 3) did not cream butter with sugar, melted butter and added sugar and the directions where the same through out the procedures. i discovered that if you cream butter with sugar it will be more of a cake than cornbread. same as substituting 1 cup cornmeal for 1 cup flour. you can try this if you want more of a bread texture than a cake. still it's an excellent recipe... enjoy ...",5,1
"in response to simplefoods - yes, you could bake this in the oven or even cook in a crockpot. it is a very good recipe.",5,1
i tried this recipe the other night since i had all the ingredients on hand. my family just raved about the flavor and it looked pretty too..my husband said it was absolutely delicious. it was easy to prepare and will definitely make it again. thanks taste of home!,5,1
just want to say i like buzzbombz suggestions. keep up the good work.,5,1
"wow, susan, that is so rude to rate a recipe that you didn’t even bother to try because you are some kind of lasagna snob. if the recipe is “beneath your standards”, just pass on by and find recipes more to your liking. some of us are more interested in the food than in the tradition you use to make your lasagna.",5,1
"i made this for a girls/cousins get together yesterday. there was also chili, some spicy chicken taco soup and some corn chowder....this was the biggest hit",5,1
my family loved this recipe! yummy!,5,1
this bread was delicious. i doubled it to make for a brunch....everyone loved it and wanted the recipe! yummy!!!,5,1
delicious! i've made these several times and have taken to work. everyone raves about them and comes looking for more! my children also love them! people who don't like pumpkin have tried them and say they are awesome!,5,1
make sure to warm up your milk and to 'temper' the egg and butter so it doesn't congeal.,5,1
"here's another one that i followed the directions right down to the letter. first of all it was to 'eggy"" for me. so i'd strongly suggest that you not use a dozen of eggs that this calls for! that's just way to much egg. the ladys at church liked it but i can't believe this is a grand prize winner. i won't be making this again. i was so disappointed! one lady at church had to actually spit it out of her mouth. she said sorry but there's way to many textures going on with this. i did really like the homemade blueberry syrup however. i would rank the syrup only a 5 but not the casserole. i find it surprising that so many of ya'll like this so well.",2,0
easy to make and family loved it. delish!!!!,5,1
"great recipe, simple and very tasty. i will definetly add this to my go-to meals!",5,1
"have a very picky family, and this one is definitely a hit. we all love the sauce: absolutely agree with the low-sodium soy recommendation. have made it several times with chicken thighs - has anyone tried it with pork chops? seems like it would work well...maybe with noodles and broccoli?",5,1
"i have made this at least once a week for the last month. i will tell you how i changed it just a bit and it is amazing!!!! i always use low sodium chicken broth. i add some broccoli and zucchini. and at the end, i always pur?e at least 2 to 3 cups and it is simply the best soup. i also double the recipe because in my household it disappears quickly!!!!! oh and i always use reduced fat mexican mixed cheese, like sargento. bon appetite!!!!",5,1
the family really like this one!,5,1
doubled the recipe and got 5 pies out of it!! cooking for a very large harvest crew and it was a hit! they all loved it. to save time i used canned chicken. great recipe! love that it makes lots. i will use this recipe long after harvest. its great to have extra in the freezer for those days when you dont feel like cooking!!,5,1
haven't made these due to the huge amount of cream in both filling and frosting. has anyone made them with half and half in the filling?,2,0
"agree with john- this looks great, very easy to make, but despite how wonderful it looks, it doesn't have a lot of flavor. for folks who can't have a lot of flavorful things due to diet restrictions this may be a really good recipe. good recipe to build on- perhaps fry the potato slices some to golden brown in the leftover pork chop drippings, add some garlic somewhere - it needs more umph for me. r-",2,0
thanks for that tip----didn't think about that-as i'm sure other hadn't.,5,1
omg! this recipe is amazing!! i followed all the directions and it was delicious!! thank you!,5,1
i just received my toh magazine on friday and i couldn't wait to try this recipe. i always see chicken bruschetta grilled not baked. my husband loved it and said fresh tomatoes make all the difference! i used whole wheat bread crumbs to add a little extra fiber. next time we might kick up the heat with using hot pepper oil instead of olive oil or throw in some hot pepper flake.,5,1
"i made this last night (exactly as written) to take to an ""italian night"" potluck. it was so good and so easy, i'll definitely be making this recipe again. one lady even asked me for the recipe!",5,1
made this for my family,5,1
i liked this pie but i could not figure out what is between the crust and cream cheese. it is not in the recipe. i rate it a 5 star,5,1
made this into cupcakes so it was less time consuming for a cooking class in my cooking school. everyone loved them!,5,1
"what's not to love? guinness + chocolate = yum! ""it was great, we love it!"" says my 6 yr old. the cake came out perfect, great crispy edges, and the frosting was a nice compliment, although just as good without it. will definitely make this again!",5,1
this is by far the best shrimp scampi recipe i’ve ever made! my family loved it & we’ll be making it again!,5,1
"this wasn't terrible, but wasn't good. it is greatly lacking in flavor. i would add more celery, carrots, parsley, onion, salt and pepper. it needs a lot of help. 2 stars",2,0
"made this exactly as called for, and had a couple of problems. first, it would be way better to cook this in a wok rather than an ordinary skillet. second, it was extremely dry; the addition of more soy sauce and more sesame oil -- about a tablespoon each -- was perfect. will definitely make this again, and perhaps try it without the protein at all. very quick and easy recipe.",4,1
"this recipe was excellent! it was easy to make, too. my husband even gave it 5 stars and he doesn't give many recipes that high a rating. it would make a great dish for company. served it with brown rice, lemon butter green beans and strawberry spinach salad.",5,1
"wish i had read more reviews. it was awful ... i baked it 20 minutes longer than indicated and still the apples are not cooked, the filling is liquid. i used a mix of honeycrisp and granny smith. i've been baking for 45+ years but am looking for a no fail apple pie. it was a beautiful pie, unfortunately it was inedible. a huge waste of an afternoon.",1,0
this soup is absolutely delicious! my husband can't wait for me to make it again!,5,1
"excellent!! it has already become a family favorite, & i've made it several times. i added some pizza seasoning to the sauce to make it take even more pizza-y.",5,1
i make this often and it never fails. it is so easy and so delicious. it is even better the next day. real comfort food for fall and winter. serve with warm bread or rolls and you have a great meal.,5,1
"the only changes i made were using rice vinegar and omitting the 5 spice powder and cornstarch. as others commented, it thickened up fine without it. i also doubled the sauce, which is a must to pour over the rice! everyone loved it and wanted the recipe.",5,1
not a fan of this cake. was quite dense and tasted like dark chocolate with all brown sugar and cocoa. the frosting was excellent.,2,0
"you should use milk, not egg white to brush on the pie crust. pie crust edges do not need to be covered with foil until the end, if they’re browning too quickly. time given is not long enough to cook the filling. it needs twice as long as stated here. it also needs a higher starting temperature. it should be baked at 425 degrees for the first 20 minutes then turned down to 375 degrees to bake for a further 40 minutes or so. also, i used bramley apples and it came out a bit tart so i’d increase the sugar and also the flour and it is liquidy.",2,0
"i tried this using less sugar and more apples. different than any recipe i've used in the past.turned out fabulous. this is the only way i will ever make it from now on. i'm sure other types of fruit would be good, also! thanks so much. 10*'s here!",5,1
delicious..delicious..delicious,5,1
this dessert is definitely simple- but it tastes exactly like what it is... just yogurt and coolwhip sweetened with jello mix.,2,0
"to bad it's not healthy, because its absolutely the best corn casserole i've ever made.",5,1
"don't call it ""traditional"" and include cottage cheese. what a disaster.",1,0
"made without changes, except adding some chopped sweet red pepper. really nice for the summer - quick and light!",5,1
added chocolate chips on top. really delicious!,5,1
"great recipe. since there are only 2 of us, i halved it with no problems. also made with like amount of chicken broth made with bullion since i was out of broth. tasted great and met with husband approval! watch the salt amount if using bullion or not homemade chicken broth. skipped extra 30 min uncover time as they were done already.",5,1
these are great! my kids love them! we added 1 tsp. of cinnamon because we love cinnamon in our banana muffins!,5,1
"very good. i think next time, i will add more pepper, but really really good..",5,1
i was disappointed in this bread. i wonder if the 1 tablespoon of salt is correct - i don't think i have ever added 1 tablespoon of salt to anything i have made. i thought this bread tasted too salty. i didn't have canola oil so i used olive oil and sprayed the pans with pam - not sure if those things had anything to do with the salty taste. i will not be making this again.,1,0
"fantastic flavor, chowder consistency...my husband and i loved it and will make it again!",5,1
"excellent! i used brown sugar instead of white, upped the garlic to two cloves and the ginger to one teaspoon, and added 1/4 cup chopped shallots. i servd it over brown rice and my family loved it! a definite keeper!",5,1
absolutely delicious!!!!! i love this recipe. this is 2 of my favorite parts of summer. coleslaw and pasta salad. i never thought of putting them together. this was an instant favorite in my house. the only change i made was i grated fresh carrots and used fresh cabbage.,5,1
awesome way to use up all that zucchini!,4,1
pure yumminess,5,1
delicious soup. definitely a keeper - made exactly as written and will make again.,5,1
our family loves this recipe.. we do however replace water with beef broth and green peppers for sweet peppers. cook the rice separately. it is a nice heart bold soup.,5,1
<p>i made this and it is mmm...good. next time i will make it without the white wine and just use the chicken broth. the wine made it tangy and took away from the flavors of chicken and earthy tone from the mushrooms.</p>,5,1
i just made this tonight and it taste great. i did add some pork sausage to it and it tasted great with it. this is a keeper,5,1
followed recipe to a tee. broth was very very thin!!! i used the chicken broth to boil veggies!! ??? might add some corn now..?? when i added broth,2,0
"i've probably made this recipe a dozen times since i first found it. it gets raves from everyone i've served it to, and i find it velvety and absolutely wonderful. thanks for posting, debbie!",5,1
really nice cake. you have really done a nice job. as you have shared the best things for me. even this recipes can be made in busy time also. it's really special for me. thanks for sharing it here on this site.http://cake-delivery.in/gurgaonhttp://cake-delivery.in/delhihttp://cake-delivery.in/noidahttp://cake-delivery.in/kota,4,1
"my husband and i didn’t like it because of the flour tortillas. should use corn tortillas. he thought bottom tortillas were hard from the baking. i had leftovers next day and the tortillas were mushy, pretty gross. also, it bubbled over onto the bottom of my oven the last 5-10 minutes, uncovered, in an 11x7 pyrex.",1,0
made it and he lovedit.this is a very good soup.,5,1
"amazing!!!! seemed like the outside of mine was getting very dark, wile the middle was still a bit to moist? anyone know why that would be? i followed the recipe with no changes.",5,1
"yes, butter and flour a glass bread pan. 50 minutes baking seems pretty fine, in my oven (test with toothpick). then 10 minutes rest time in the pan on a wire rack. finally, cut out of the pan and cool on the rack. the bread is super, and glaze is not needed, but would probably be excellent, too!",5,1
"i have made this cake time and time again. my family loves it and i have shared it with many friends. i did adjust the temperature up to 350 from 325 and bake time to 35 minutes. i still check the center at 30 minutes but that's just a habit. the frosting is so light and fluffy. if you start the first half of the frosting before you begin putting the cake ingredients together, it saves time.",5,1
"this cake was moist, i'll give it that. but as far as taste goes, the flavor was very lacking. i tasted almost no chocolate, and that was after i added more cocoa than it called for. i would not make this again. to me, a chocolate cake should taste more chocolatey than this cake did.",2,0
i have celiac so finding cream soups that don't contain flour is next to impossible. i used cornstarch instead of flour and i will never buy any other mushroom soup. this can be used for anything and i absolutely love it.,5,1
"my family is very pleased with this recipe! i did read through the reviews before making and decided to make some adjustments of my own. i started off by cooking the green peppers with 1lb of ground beef (not 2), which i seasoned with garlic powder, onion powder, and a little seasoning and kosher salt. i also used beef stock instead of water and cut it back to about 46.5oz (1 32oz box container and one 14.5oz can) instead of 2 quarts. my family and i like a thicker consistency with our soups so i added a little at a time, making sure it was just right. i also used 3c of (cooked) instant brown rice (that's what i had in the pantry) since another review recommended it! this soup turned out way better than expected and my so says it's definitely a keeper! i also liked the idea of serving it with bread so i added hawaiian sweet rolls to our meal! yummy!",5,1
it tastes so good and so easy to make,5,1
i have made this for years and it is a family favorite! i do add a little cinnamon to apples.,5,1
"my husband absolutely loved this!!! it's so easy and has wonderful flavor. plus, it serves so many or leaves lots of leftovers :)",5,1
our family thinks this recipe is great.,5,1
this is so yummy! i used real pumpkin instead of canned pumpkin and i did not put in the raisins. i will definitely be making this one again and again!!!,5,1
"absolutely horrible cake recipe! i've been baking for a long time and this has to be the worst cake recipe i've ever tried. a total waste of ingredients. i followed the recipe to a t, didn't over mix/ over fold and it had the worst texture! very dense and almost gummy feeling. i wish i could give this 0 stars. this is the first time i've been truly disappointed by a recipe on this site.",1,0
"this is one of my favorite recipes! i make it all the time in the fall/winter. it tastes like it took hours to make, but is very quick. since i live alone, i usually make half the recipe - which gives me yummy leftovers for lunch the following day.",5,1
"i had great hopes for this recipe after reading the reviews, but we were very disappointed. i made it for dinner last night and the only adjustments i made were to add white wine to produce more sauce but it was still far too dry and to top the pasta with the shrimp mixture before broiling we also thought it was very bland; with the amount of garlic and lemon juice we thought it would taste better. i've been thinking about how to improve it: add lemon zest? saute the shrimp in the butter/oil instead of simmering in the liquid? i've decided to use other shrimp scampi recipes instead. the crispy broiled topping was wonderful so will try that with another recipe.",1,0
"was looking for something different to make when i ran across this fajita recipe. sounded very good and after reading several reviews decided to try it. i used less chicken than it called for i used yellow, red and green bell peppers and cut the onion in larger pieces. did not have cumin so put in cilantro 1tbsp of lemon and 1tbsp lime juice. marinated for about 2hrs. i love cooking in cast iron and i use a counter top hot place that i can adjust the temperature to precise numbers. i used 375 degrees. the flavors were absolutely wonderful. my husband said that was the best fajita he has ever had. thanks for this fantastic recipe.",5,1
"the meat sauce ended up very thick but still delicious! i left out the provolone and used dried parsley instead of fresh. also, i used an aluminum lasagna pan so overflow wasn't a problem.",5,1
"this was an instant favorite! instead of the cookie crust, i broke up some leftover brownies. i also layered mine in a clear, glass bowl, alternating each layer at least twice...it just dressed it up a little and added some eye-appeal.",5,1
"made this soup yesterday, added green chili so now we have the recipe green chile cheeseburger soup. was really good.",4,1
"excellent! this truly does taste like ""normal"" banana bread. you would never know it's gluten free. i had to use 6.5 bananas to get the required 2 cups.",5,1
a delicious way to use overripe bananas. the sour cream makes the bars extremely moist.,5,1
awesome...very very good....and a great leftover!,5,1
i cooked the sugar and milk 3 minutes and it was too dry after cooling. the taste was ok.,2,0
didnt like the taste was kinda blaw,2,0
love this recipe. my mother has been making this baked spaghetti for over 20 years and now i am making it for the holiday get together.,5,1
"excellent dish! i've made it with (ground) beef, turkey, deer, and today i used elk. i also make homemade tortillas (another taste of home recipe) just to make it as healthy as possible. thanks for sharing!!!!",5,1
"i have made this recipe numerous times since first discovering it last year. i followed other reviewers' suggestions and used coconut oil in place of oil and butter. i also used half and half in place of the heavy cream. i use shrimp, scallops and real crab meat (living in maryland this is a must!). the recipe is rich but bursting with flavor and is oh so yummy. my husband, our 12 year old and our 7 y.o. love this. my parents in law and siblings love it as well. if you are seafood lovers, this won't serve 12, maybe 8. i highly recommend this... great!!!",5,1
"tasty but otherwise a flop! top layer separated from caramel. by the time i sawed thru the caramel the nougat layer was smashed. am an experienced cook but these bars made me look like a beginner. i would love to hear if anyone was able to cut these neatly enough to put on a serving tray. if someone did--add details to the recipe. as it stands, i will never waste the time and money on this recipe again.",2,0
"i had to bake for 15 minutes longer than the directions and still it was not fully cooked. this recipe is the worst gluten free banana bread recipe i have ever cooked. i have made so many different gluten free recipies and they were all pretty much fantastic, i didn't relize it was possible to be this heavy gooey mess.",1,0
"omg this is so good! instantly became a new family favorite! will definitely be making this often over the summer, and all year through. excellent!!",5,1
this will be my new go-to apple pie recipe - it's great! i used all granny smith apples and added two extra tablespoons of flour as recommended here by some and it came out perfect. i served it with a scoop of vanilla ice cream and a drizzle of caramel sauce and it was a huge hit!,5,1
this dish was delicious and one i will make again and again! i used cherry tomatoes as that’s what’s in our garden.,5,1
these were so easy to make and so very good! nice and cheesy. i shredded my own sharp cheddar cheese and the taste was fantastic! this recipe is a keeper!,5,1
"i love asian flavors and this recipe did not disappoint. i followed the recipe but i did substitute sweet baby ray's sweet red chili sauce for the ketchup. i just don't care for ketchup except on fries or meatloaf...lol. i will add some fresh pineapple chunks and maybe some sweet peppers for texture next time but overall, this is a keeper as written!",5,1
this soup is a winner ..wonderful and filling soup on a cold day;... replaced the water with swanson's chicken broth and used half n half... really satisfying..this is a quick and delicious soup.,5,1
didn't turn out well.,1,0
sabrossimo!,5,1
my wife and i made this just by the recipe and it was nasty. thought we had made a mistake so we did it again. this is the worse tasting meat loafs i have ever tasted. i'll never make it again.,2,0
the cake s very moist. topping is a little runny and you don't need as much as recipe makes. but very good.,5,1
"my newest favorite soup. just gotta be careful when making the rue (butter with flour). if you overcook it, the recipe won't turn out right. like others said, it wasn't hard to make at all. helps to use the food processor for the veggies for quicker preperations.",5,1
"great recipe! the first time i made it, i followed the recipe. excellent. made it again, but added an additional taco seasoning packet and a can of corn (and upped the cheese to 4 cups). even better. used two 8-inch round pans, and had enough left over to make a handful of burritos. a definite winner!",5,1
best banana bread i ever had!,5,1
is there such thing as too fluffy of a pancake? the batter was extremely fluffy to the point i that they would not completely cook through on the stove top and had to be finished in the oven which resulted in a flat heavy pancake once completely cooked through.,2,0
"very good!! i served it with sour cream and that's tops it off to great! i changed the original recipe: ground turkey breast, canned diced tomatoes, canned green chiles, added mexicorn, used la tortilla factory tortillas, ff refried beans and 16 ounces (vs12) cheese. i baked @375º for 30 minutes covered, then uncovered and baked for another 30 minutes. the top got nice and crispy. so good and would serve 12.",4,1
"the ricotta cheese is what makes this dish so fantastic. i love to add additional shredded cheese, however, on the top! delicious. this also freezes well.",5,1
"quick, easy, and yummy recipe! lime in dishes is a favorite at our house. cooked the chicken until tender and done on the stovetop then added the rest of the filling ingredients to heat through. topped filled tortillas with sour cream, shredded cheddar cheese, lettuce, tomatoes, & taco sauce.",5,1
"these were delicious. i reduced the rhubarb and added some chopped strawberries because they are a great combination. i also used an entire package of cream cheese in the frosting, i think it helps it from being too sweet.",5,1
it is the best recipie ever. i even used 3 old frozen runny bananas and it was delicious!,5,1
this is the best banana bread that i have ever made. it gets lots of compliments wherever i take it!,5,1
i modified this recipe to a keto cookie substituting coconut flour and keto sugar. i whipped the egg whites to a peak added vanilla and folded in the other combined ingredients they turned out crisp and very good,5,1
"this is handsdown the best roast recipe i have tried. it is simple, easy and full of flavor. just the memory of it will make your mouth water.",5,1
i made this and followed the instructions as directed but the rice did not cook all the way. i had to throw it all away. perhaps switching to instant rice would solve e this problem.,1,0
great flavor...cakelike texture...not moist and dense,4,1
made this for christmas day and everyone loved it. definitely a cake that gets noticed. thinking of making a 4th of july version and make white frosting and white choc swirl sticks and then have blueberries and strawberries. such a great recipe!!,5,1
"quick, easy, and quite tasty. if you are going to make 5 or 6 thighs, i would at least double the sauce especially if you are going to serve with/over rice. i served with asian fried cabbage and plain(no meat) fried rice. was all very easy and very good.",5,1
"very moist, exactly what i was looking for.",5,1
"since there was no cinnamon, nutmeg, or apple pie spice in this recipe there was really no flavor. crust was good but if i make again i will be adding the spices.",2,0
"delicious. yummy frosting. i have been making these for s few years now. as soon as zucchini appears in my garden, the cupcakes are never far behind!!!",5,1
"stupid easy to make! i forgot to grease the top of the bread, but that didn't seem to affect it much. also, for those curious, you can definitely replace canola oil with olive oil, and regular sugar with brown sugar, or truvia brown sugar blend if that's all you have. if using truvia blend, make sure to follow the sugar to truvia conversion in the back of the bag.! thanks so much for this awesome recipe, will try making these on a weekly basis and see if i can save money on store bought bread!",5,1
"for those asking about the cream cheese, they changed the recipe online. it used to have cream cheese in place of the sour cream. i’ve made this recipe for years. i always look it up before i buy the ingredients to make sure i don’t miss anything. i search by “white chicken chili cream cheese ” to make sure i pull up this recipe. i was surprised to see sour cream now, especially because they specifically mention cream cheese in the description. i will continue to make it with the cream cheese because this is a family favorite and i don’t want to change what’s not broken. i make this close to the post recipe, but i do slow cook it on the stove with boneless skinless chicken breast and i also add cilantro when i mix in the cream and cream cheese. my picky boys love it!",5,1
"great recipe, our new favorite!",5,1
"<p>this gluten free banana bread was fantastic. i used the cup for cup king arthur flour. i added cinnamon, nutmeg, and allspice. i didn't have any walnuts, but i did have chopped pecans, and they were wonderful. it came out moist and flavorful. my gluten tolerant family loves this bread too!</p><p></p>",5,1
"this is absolutely the worst key lime pie i have ever tasted. maybe it's because i am a native floridian but this is terrible. no one in my family would eat it and i had to throw it away. i made it on a trip to st louis because i couldn't get key lime juice, but it was a waste of time and money. disgusting. by the way, key lime pie is never green. if it's green, it's not the real thing.",1,0
"after reading the reviews about the batter being stiff, i was a little concerned. the catch is that the moisture from the apples cooking puts the added moisture in. it is very moist and full of our favorite fall flavors, apples, cinnamon and nutmeg.",5,1
reduced sugar to 1 1/2 cups and left out cinnamon as i don't care for it. it turned out really well. loved the butterscotch sauce which was wonderful with the whipped cream. good compliments were received!,5,1
horrible in every aspect possible. i thought i'd try a new recipe for pancakes that were a bit fluffier but the batter was absolutely worthless.,1,0
i run the oats through my magic bullet so it is more of an oat flour.,5,1
very yummy! i did not use the dressing and subbed out the sour cream for cottage cheese. i used the sour cream for a topper instead. will definately be making this one again!,5,1
"these are some of the best cookies i have ever made! i doubled the vanilla, decreased the flour, and used sugar free pudding. delish!",5,1
"nice flavor and pretty presentation. i used a full-size cake mix in a 9 x 13 pan, which made for a very tall dessert. i thought the flavor of the cream cheese/pudding mixture might be improved with just a little added sugar.",5,1
made just as written (except for subbing pasta sauce for tomato sauce). a keeper for sure. love the low carb!,5,1
this moist corn pudding recipe was quick to prepare and everyone loved it. i doubled the recipe for thanksgiving and will definitely be making this again.,5,1
made this for a pie contest at work - went over really well. not as sweet as i thought it would be which suited me fine - don't like overly sweet things. will definitely make it again.,5,1
"great flavor! once i gathered everything, this came together really quickly. i would definitely make this for company. i might try to swap out the velveeta for a white cheddar, but as is it's very good!",5,1
at a loss how this recipe became a contest winner....had better in a hobo camp,1,0
"the soup went over well with the family. the only changes i would make would be to use the full pound of hamburger and change the ratio of butter to flour to make the roux. the recipe's directions made a thick dry paste. i could actually taste the flour in the soup. so, when i make this again i will use 4 tbsp of butter to 1/4 cup flour. i may need to tweek it a little so the roux is pourable instead of a lumpy paste.",4,1
"this is my first enchiladas that i made and i'm glad its came out great., even i misread the last two directions (i didn't put cheese in the tortilla and i put all the cheese on the tortillas before the first bake). my husband was raving it and he even brought the leftovers for work. i lessened the amount of flour as what the other reviewers said. i also lessened the amount of chili because my husband is not fan of spicy and for my 2 year old son. this is a keeper and next time i'll read the directions very carefully.",5,1
"i made this last night and declare it a winner. i made just a couple small changes. first i halved the recipe. i omitted the brown sugar and added chopped onions. even halved, it made a lot of soup. this is a delicious soup and i will definitely make it again. worth five stars!",5,1
excellent! it's a meal in a bowl. i used a pound of ground beef. makes it a heartier soup.,5,1
"i could not believe how good this was and it's so easy! i had all the spices in my pantry for the marinade and always have lemons on hand. this is definitely a keeper. i'll even make this for company sometime, too!",5,1
this recipe is a big hit with my family and me. it is easy to reheat and carry in lunches unlike twice baked potatoes.,5,1
my husband and i loved it. since we live in new mexico i added chopped green chile. it is a keeper. next time i will also add fresh mushrooms.,5,1
these are outrageous!,5,1
"i have made this cake for years! we love it and it is a staple for our birthday cakes. i sometimes try other recipes, but this is the best.",5,1
"i have made these often for potlucks at work and often get asked for the recipe. i usually put a tiny bit more ham on each bun, and tend to go lighter on the horseradish so it doesn't overpower everything.",5,1
this was easy to pull together on short notice and super-tasty. a great way to use leftover bananas!,5,1
"this is a quick and easy homemade mac n cheese recipe. not one i'd make for company, nothing really special, but perfect when i want a quick mac n cheese fix!!",4,1
"this was wonderful! i got many compliments on this dessert. i'll be sure to make this again, yum!",5,1
this soup is amazing! i made this last night and even my daughter who will not eat soup loved it! i just ate some of the leftovers for lunch and it was even better than i had remembered. it was so full of flavor and i felt like it was from a high quality restaurant! you won't be disappointed!,5,1
this is the most wonderful white chili. i have made it over and over. it is my families favorite. i make it with the spiciness or without.,5,1
this is a fantastic recipe. great way to use zucchini. wasn't much left for leftovers!,5,1
"this was quite good. i used one 600g bag (3 cups) of frozen peaches, thawed. we did find it a bit too crusty for us, but tasty nonetheless.",4,1
very good. moist and rich. i replace half the cocoa powder with dark cocoa power. i didn't use this frosting recipe.,5,1
first time i ever made a chicken potpie. it was excellent. my husband and kids enjoyed it and want me to make it all the time. thank you for sharing.,5,1
"my daughter does not like chili, period. except this one. she can't digest chili-powder foods very well, but we have found that when i substitute pumpkin pie spice for most (not all) of the chili powder, and add some brown sugar and a bit of cinnamon i have to make a double batch or we won't have any leftovers. also, when i use ground turkey we like the texture more. great dish!",5,1
"unfortunately i have to rate it before i can ask a question... sounds delicious and i want to make it, but what brand/kind of cocoa powder is everyone using? from reading up on cocoa powders, dutch seems to be the best/most flavorable, bug of course the most expensive. appreciate any feedback!",4,1
"banana bread has never been my favorite. turns out i had the wrong recipe! after making this, it's now my favorite! title didn't lie, this is the best ever banana bread!",5,1
"these taste great, but my husband said that he would prefer the corn tortilla over the flour as he found them too soggy.",4,1
this is the recipe i've been looking for as mcheleclow has said don't need concensed milk. very goood. by the way the batch does need to be doubled when you cook the recipe. the first batch i cook as according to the recipe they were excellent but the egg white seem to run out of the cookie. the next batch i beat the egg white slightly and added a little coconut flavoring alone with the vanilla. they came out perfect and tasted a little better. this is a delicious cookie. the first batch i removed from the oven 1 hour ago and my husband has eaten almost half of the first batch.,5,1
"i first made this a week ago without bouillon, which i didn't have. i chose this recipe after reading several others because of the nutritional values. then i read a review about substituting chicken broth for the bouillon and water. i have type 2 diabetes sooo...low sodium chicken broth, low fat cheddar and milk, and it's a solid 5 star from ingredients that are usually in my kitchen. thanks for posting, debbie!added after trying this a few times: great base with almost endless possibilities! i've also done this as potato soup and chicken soup and still experimenting.",5,1
"this recipe was easy and full of flavor. the only thing i did different, was add a little white wine. delicious!",5,1
this is one of my favorite chocolate cakes and really easy to make,5,1
yummy! have been making for years. very moist. was great for feeding my son when he was a toddler and wanted to eat what we were eating. also like the extra dairy in there. great way to sneak into my son's diet as he's not a very good milk drinker.,5,1
great dessert,5,1
these cookies were delicious. the only difference is that i cut the sugars in half. everyone raved about them.,5,1
"very good potato soup. husband kept saying 'this is so good'. glad i doubled the recipe, will print this one.",5,1
"i have been looking for a recipe that fits the picture description of this cake for quite some time. firm, fine crumb, spongy soft texture... and this recipe delivered!!! it is fantastic. worked as a cake, worked as cupcakes. i have 150 pages of yellow cake recipes and this one immediately has jumped to page#1. i do have a question. does anyone have baking times for baking 6"", 8"", and 9"" round versions? my first attempt at a round (6"") was still not done after 25 minutes, and unfortunately, i could not leave it baking any longer...any advice would be appreciated!thanks again for the great recipe.",5,1
i just had my first piece. absolutely delicious. even my husband (the skeptic) loves it. thank you so much,5,1
move over lipton onion soup mix recipe.,4,1
"lynn's recipe was fantastic! my whole family loved a new dish, which i feel doesn't happen that often :) i forgot the red or green pepper, but it still tasted great. i added a little drizzle of olive oil to the zucchini part just before layering on the meat sauce. really really delish--and easy.",5,1
"tastes too much like cake and not cornbread. has a good flavor - but if you are looking for cornbread, this doesn't really do the trick.",2,0
update to earlier post. i did not use ginger /nutmeg- only bc none on hand .. still 5????,5,1
excellent recipe! very moist and delicious!,5,1
this recipe holds up well even with nuts added.chopped walnuts added a little extra texture and worked out fabulously!,5,1
i've made this many times over the past few years and it's a hit. my family loves this!,5,1
this is truly the best banana bread recipe i've tried; and i've tried a few. it is versatile and good just as it stands.,5,1
made this last night to bring for lunch today. it was awesome! i used cole slaw mix and will be using that from now on. turned out just perfect.,5,1
disappointing. all you could taste was citrus! :( not sure what i am going to do with the leftover chicken now as it wasn't enjoyed.,2,0
"very tasty with a few tweaks. used 1/2 c. water, added 1.5 tsp dry italian seasoning, used regular noodles (not the no-boil kind), used 7 cups italian 5 cheese blend instead of the individual mozzarella and parmesan. was a little salty but otherwise was awesome!!!",5,1
these are great....we love them. we used chicken once and then skirt steak the next time.,5,1
this is my all-time favorite white chili recipe. i make it as is except i will add a can of hominy and occasionally substitute pork for the chicken. great with a spoonful of pico as well. so good!!,5,1
<p>my co-workers love peanut butter cups so; i made these for treat day tomorrow. i had to taste one they are great. i made them exactly as the recipe is written.</p>,5,1
"made this tonight, i love it . i did follow the recipe but have a deep dish pie plate and made just one. hanging onto this one for sure.",5,1
i cannot tell you how many times i've made this and it is fantastic each time! i do add italian sausage to the hamburger to kick up the flavor a bit.,5,1
"this was excellent. i thought it would be bland but it was full of flavor and my guest raved about it. i used frozen cauliflower, almond oil and basil olive oil because that is all i had on hand. i pureed the vegetables and served it as an entree. there was enough for four people, not eight but we were all satisfied. everyone asked for the recipe.",5,1
wonderful recipe. even those who don't like rhubarb like this dessert.,5,1
fabulous! turns out perfectly every time.,5,1
i thought it was just ok. won't make again.,2,0
i made this for a work potluck last week and it was a hit!,5,1
"wonderful lasagna, i too used oven ready lasagna perfect!",5,1
i make corn pudding with fresh corn cut off the cob. i have no use for canned crap...,1,0
"not that this recipe needs another 5 star review but this truly is a delicious chowder. i avoid chowders because they're usually way too thick and heavy. this was neither, just a perfect balance. i used 2% milk and reduced sodium chicken broth for the liquids and i added celery and thyme as suggested by other reviewers. i will make this again.",5,1
"i made this for my wifes birthday. it was great! i used a bundt pan, but didn't prepare it well enough and it sort of fell apart, so we ate that one and made another one which came out nice. yum yum.",5,1
these are wonderful. my husband agrees. they will now be our go to meat loaf recipe. just delicious. i wouldn't change a thing.,5,1
"easy, quick and amazing! the family ate them all up. my daughter is always asking for augratin potatoes and since we stopped cooking from a box, this is the first recipe i tried and it's a keeper.",5,1
"i followed the recipe exactly except that i omitted the nuts. the dough is so dry it won't hold together. i added 2 tbsp of water. i was expecting a much much nicer tasting and nicer looking cookie. i went with this recipe because of a) the reviews and b) the ratio of oatmeal to flour. will. never make them again. i got 6 dozen ""buttons"" about 1.5 "" diameter. i see the other reviews and shake my head as to what went wrong. maybe i should have added another egg or two but won't bother trying this recipe again. sorry!",1,0
"i never add baking soda or powder to my baked good because it makes it taste like soap so i didn't add it. it's similar to pound cake, very moist.",5,1
i would like to know if these will freeze well. thanks,5,1
this is a great recipe! i added 8 cups of apples and 2 tbls of butter. next time i would add 1/4 tsp of ground cloves to add a little zest to it. it came out soupy but i let it sit overnight and it was fine. i will be making this again for sure!,5,1
delish.everybody loved them.,5,1
"i am definitely in the minority here. i really, really disliked this recipe. i made it exactly as stated using a bag of ""angel hair cabbage"". it was so wet i added a second bag and it was still too wet. it was so sweet i added three tablespoons of horseradish and could barely tell i added any. i gave up and took it to a gathering with a sprinkling of smoky paprika on top. very little of it was eaten. it continued to get more watery with standing and looked less and less appealing.",1,0
loved it and it was easy!,5,1
"i prepared this for a party of 50 yesterday following instructions exactly with the exception of the ""low fat"" 1/2 n 1/2. i used regular and cut out 1/5 of the recommendation. it turned out to be an absolute crowd pleaser! i received favorable remarks all afternoon and was asked by several to add it to my menu. i doubt that i'll add it to the cafe's menu, but i will definitely offer it on the catering, there is no doubt about this recipe winning contests. thank you for sharing it",5,1
reminds me of cheesecake! i have a new potluck dish now.,5,1
"ashen, i think you're new on toh. some suggestions for you, kiddo! 1) after you've cooked, baked, etc. for some years, you'll realize that 3/4 measurements are common in recipes, so you're going to have to accept that. find a 3/4 tsp. measuring spoon., or use 1/2",5,1
"wow, this is a fantastic cornbread. light, sweet and moist!",5,1
switched milk with tomato sauce and it was amazing!my very picky family loves it and ask for it often ?,5,1
"i have made this a few times now. i have made a few adjustments, i add only 1 can of tomatoes, also i add garlic salt and mrs dash spicey seasoning (2 tsps each) to the mixture when i add the oregano. i also add a little paprika to the cream if mushroom sauce before i spread the soup over the casserole. i feel this adds enough extra spice to give it alot of taste. everyone in my home loves this dish.",5,1
my family loves this recipe! the main changes i make is to add a little more hamburger and to use 2% velveeta and cut the amount in half. i add 1 c. of shredded cheddar in place of that. love it!,5,1
"i tweaked the recipe a bit. i only had 1 lb of ground beef. i did not use tomato sauce, just the diced tomatoes (28 oz). i used only about 3 cups of water and only 1/8 c of brown sugar. i added a diced onion, minced garlic, about 1 tbsp of worestershire, and a few dashes of hot pepper sauce. since i reduced the amount of brown sugar, i added just a dash of clove. instead of rice, i added 1 c of barley. it was amazing!",5,1
"winner of a recipe, perfect for the summer garden abundance. i did not have ground burger, so used pork sausage and it was great. and, i confess to using pasta sauce for the tomato sauce as i had a half jar in the fridge. but, this was super tasty and will go into my files for the future",5,1
"i've been making this for many years; however, i used the full fat/full sugar versions of everything except the milk. i only keep fat free milk on hand, so i will use that. also, i will dispense with the maraschino cherries. although i like them, they do add extra sugar. nevertheless, i'm glad i encountered this recipe again. this will make a great dessert for my husband's upcoming birthday!",4,1
i add green chilies and mash 1/2 of the black beans and leave the rest whole. i also use corn tortillas and fry them in olive oil before layering to add texture to the dish.,5,1
a delicious change to any meal especially take to potlucks.,5,1
"since mayo is loaded with soy oil, i use quite a bit less of it than this recipe calls for. i use about 3/4 cup and mix it with some sour cream. i also use the spices to taste - that's not nearly enough salt and pepper. my mom always added a dash of nutmeg to her potato salad and i do too. it adds just a little different flavor but don't use too much - just a dash or two (maybe equals about 1/8 tsp or so). i know a dash is different for everyone! if i'm feeling lazy or don't have a lot of time, i sometimes add the pre-cooked bacon bits. this is very similar to the kind we grew up with.",4,1
added cinnamon & nutmeg like others. a little water because batter was so thick too. but it is nice to eat a substantial pancake and not one that is tasteless. have made it twice. so hearty and good!,4,1
"although i am sure that some people would like this,it is not traditional in any sense of the word. it is fusion cooking. this is tex-mex cuisine which obviously has been tweaked from traditional mexican food made to please those north of the border. here, in texas, people put beef in just about everything. we always use cheese in our rellenos and enchiladas.traditional enchiladas are made with corn tortillas as the author noted.the sauce recipe here is very much the same as canned sauce in that both use tomato products. i can tell you with authority that most restaurants and mexican homes such as ours never use tomato products in our enchilada sauce. california, northern and central mexico don't use tomatoes in this way traditionally.as we live in texas, i encounter all sorts of deviations from traditional mexican food. some are o.k. but hubby will not eat enchiladas anywhere but at home due to the fact he is always disappointed in their preparation. the same is true with many mexican families here.for my enchilada sauce i only use diced onion cooked in oil until transparent, then i add the flour and spices to create a roux and cook for at least 4 minutes. i then add the broth (better than bouillon chicken) and simmer for 30 minutes. i don't add salt as there is enough in the broth. my spice mixture is secret and handed down so i will not offer it here.",2,0
"i have made this several times and always love the creamy chili on a cold day! i replaced the whipping cream with canned evaporated milk. (skim is what i like- caloriewise) l also add 1 can creamed corn, and stir in monterey jack cheese. with great results! i top with light sour cream, and chopped green onions. serve with your favorite corn chips. my family requests it all the time.",5,1
this soup is excellent. it's quick and easy and very creamy. will definitely make this again.,5,1
"this recipe deserves four stars. it is the only corn bread recipe i baked & served in both of my restaurant journeys... moist, delicious& flavorful. thank-you for this awesome recipe. ---ginger meeder",5,1
delicious!!! i even used drained petite diced canned tomatoes and it came out great.,5,1
tastes excellent. rich flavor from the cinnamon' cloves and ginger combination,5,1
"i have made this pie for years, and it is one of my favorite fast homemade recipes. it's a good one for new or young cooks to try because it's easy, yet it looks much more difficult than it is, so it's a good one to use to impress the in-laws or others. i also add a little cinnamon to the apples.",5,1
"i made this just as the recipe called, except used a generous teaspoon of chopped fresh oregano because i have an abundance of it in my garden. i also used the thinner fetticini noodles because my husband hates angel hair pasta. the recipe was fabulous and will definitely be making this the next time all my children are home.",5,1
this dish has become a frequent dinner in my house hold. my kids and husband love it.,5,1
fabulous soup! my husband and 9 year-old grandson request this soup often. the only changes i make is to use better than bouillon chicken flavor mixed with water rather than broth and mexican velveeta cheese. a friend said she combined sweet potatoes and white potatoes in her soup and loved it.,5,1
"very, very good! will definitely make again, although hubby asked to skip the red pepper flakes next time.",5,1
i have been making this for years. i add a big can of tomato juice and lots more peppers to it. we love it and have had many requests for the recipe.,5,1
wowwwwww so good! love it!,5,1
very good soup. i added 1/4 tsp. nutmeg because that's what i do...to cauliflower soup. i also used store brand extra sharp cheddar cheese. told once to always use extra sharp cheddar ...to get more taste for the buck!,4,1
"i've been making this for many years. my kids grew up eating this and they still love it today! the only change i've made is that i use american cheese from my deli, because i prefer it's taste. wonderful comfort food!",5,1
"i have made the cream of chicken soup version and this one, minus the vegetables because the kids will only eat veggies separate. i honestly thought they would like the cream of chicken soup better but all three of them and the hubby liked this one much more.",5,1
this was terrible it looked good when i took it out of the oven and when i cut into it a ton of liquid came out. i was so excited to make the pie and ended up just throwing it away. would not recommend.,1,0
"i spent two years in the toscana region of italy. the italian snobs in here have no clue that this is actually better than any lasagna to be found in firenze (florence), bologna, or milano (milan). cottage cheese? my first thought was are you kidding me? but after trying it, i will concur that it is better than ricotta alone. salud!",5,1
"this is a good starter recipe,as there is no taste as is. i did everything in the recipe but added 1 t. zesty italian seasoning,1 tsp. basil,1 tsp. thyme,2 tsp. pesto, mushroom's, less than a 1/4 c. each black and green olives. a good splash of white wine and balsamic vinegar. i would use regular lasagna noodles, run them under hot water to form to pan,don't boil them. as the no cook get's to mushy and looses their form. it would be great for a work pot luck,where you want to keep it warm. it makes a big batch and not recommended 4 two people as you have to keep it in the crock to keep it's form,in the refrigerator.",5,1
just ok. i made the recipe exactly as published. had very little sea food flavor. noticed many of the positive reviews were from people who added/doubled the clams. hard to rate higher if modifications have to be made to make it taste good. also it never thickened properly which is ok if you prefer thinner canned soup consistency.,2,0
"i have made this recipe many times, it is delicious! very moist & icing is wonderful, adds so much flavor to the very moise cupcake. i always have an abundance of zucchini.you cannot go wrong with this recipe. thank-you",5,1
"this is a great recipe and so quick to make. i did sub chicken for the pork as some others had suggested. i added mushrooms, also. i will definitely be making this again.",5,1
"i fix this recipe about once a week. i use a little less lemon juice, omit the oregano and use dill weed instead. my family loves it.",5,1
"yummy!! i didn't have celery salt, so i used celery seed also. the mix of mayo & sour cream did it, perfect!!",5,1
"these pancakes are the worst. my siblings and i saw all signs that they were cooked. we took them off, waited for them to cool and they were completely raw in the center. and it took me an hour to make. they said 15 minutes. and to top it all off, they weren’t even fluffy. i am severely disappointed and will never try these again.",1,0
did not care for i would much rather make mine in the oven .,1,0
has dairy. my family are lactose intolerant.,1,0
"meh. i agree with another user that this recipe is quite bland. not very sweet. when you bite into the bars, there is a beautifully creamy, fluffy texture, but not much flavor. the crust is the best part, i think. tastes like shortbread cookies. the custard section seems to be missing something. this recipes was really a lot of work. i do not plan to make these again.",2,0
i am so happy i found this recipe so simple quick and delicious. my family loved this and asked when i could make it again. the only downfall is i didn't find this recipe sooner!!,5,1
"wow, when i find something that my whole family loves, we know that recipe is a keeper. the only thing different was that i garnished with sour cream, fresh tomatoes and some shredded cheese. that was just a preference thing. excellent!",5,1
very nice combination and very tasty. the only change i made was using a red pepper instead of a green pepper (personal choice). as others have said this recipe does make a lot. i halved the recipe and filled a 2 qt bowl. several guests asked for the recipe. will definitely be adding this to my recipe collection.,5,1
sometimes coleslaw is too sweet and sometimes it's too tart. this is a good balance. i used celery seeds instead of the celery salt because i like them. a keeper.,4,1
"this is really good, and makes a substantial amount for a pot luck. i'm wondering about adding tuna, cooked chicken, ham. pepperoni or maybe even cooked shrimp (?) for a summertime luncheon meal. i also like that one other poster added dried cranberries.",5,1
my family loves this cake. i have already made it 4 times. thanks for sharing!!,5,1
mine came out super liquidity and my apples were still crunchy. i have to bake it again. the flavor was okay.,2,0
mine burnt. so disappointed. followed your directions and it burnt before i could pour it. will never use this recipe again. what a waste of time and money,1,0
this has been a family favorite for years.,5,1
great recipe! i use half ground beef and half hot italian sausage.,5,1
"sometimes i ajust recipies to my liking. not this one. i make this for special occasions. my husband loves seafood lasagna. i make it every valentines day, but anytimes would be good.",5,1
i made these last night and they were really good! i chopped my chicken into chunks instead of strips so they are easier to eat. i will make them again soon! i made enough for leftovers for salads this week!,5,1
great taste. my husband requested it again for this weekend so i'll be making it today.,5,1
made these for christmas! i love these!!! the icing is super easy and comes right out of the pan without sticking to it at all. i put it in a ziplock bag and cut off the corner and wala! perfect!,5,1
"this recipe is amazing. i’ve been making it for years. ignore the rude and ignorant comments from those who have yet to actually make it. if you want spicy feel free to add as much or as little of the cayenne pepper or jalapeños with or without seeds to your liking. that’s the beauty of cooking at home. one tip i will give, if you want an extra creamy texture, add the creams in right away and let simmer until reduced.",5,1
"fantastic fresh out of the oven with milk. also, my house now smells delightful.",5,1
i happened to have oreo cookies with green mint filling and used this for the recipe. it was delicious!!,5,1
this was a hit at my house. i used corn tortillas that i fried. didn't add the italian dressing but did add 5 garlic cloves and 1 jalapeno to the hamburger while cooking. just the right amount of heat for us.,5,1
great! feeds a crowd! wonderful flavor with hint of almond.,4,1
mix together macaroni salad and coleslaw. the perfect way to up each dish!,5,1
very greasy would not be making it again.,2,0
best chocolate cake ever!!!,5,1
me and my mom are going to make this and i have a big feeling its going to be the best recipe we've made!!!,5,1
"i always prefer to use chicken thighs over chicken breasts because they are much more flavorful and moist-this recipe did not disappoint! i like a lot of vegetables, so i added some sautéed green pepper and red onion strips. it was a tad more spicy than i am used too, so i added a can of crushed pineapple with the juice, and this cut back on the heat! otherwise, this recipe will definitely be at the front of my box, especially since my husband enjoyed it!",5,1
"fantastic recipe! it was really easy. i mixed by hand. i substituted in about 1 cup of semolina flour, since i am running low on strong flour due to the flour ""shortage"". it was fine, texture and flavour were excellentl. my kids loved it and one loaf was gone within 30 minutes!",5,1
"my savannah, georgia bred husband says it is the best he has ever had! that's a winning vote in my book!!!",5,1
"everyone in my family loves this soup, even the kids who are picky eaters. the first time i made this i only had ground turkey sausage on hand, so i used that. i also use all chicken broth instead of adding water.",5,1
"i can't believe anyone would think that 1/2 tsp of celery seed would have an overpowering awful taste in a big pot of soup. i thought the soup tasted fine, and could not taste the celery seed.",5,1
this recipe is very good - when made :),5,1
a little salty for me but hubby really liked it.,4,1
"this soup is amazing! we have leftovers in the frig right now. you can double easily for a crowd. i threw in a couple of handfuls of elbow macaroni, also. i got it from my daughter's friend, jill. i sometimes pre-make the first part, waiting on adding the potatoes, until serving day. most of the prep work is done that way and you bring up to a boil, throw in potatoes, finish with the cheese, milk, etc! excellent!!",5,1
this is like the best soup. my family will request it every time they get. one year my son was having a pot luck day at school and insisted that he bring this soup. it was a big hit. i have added bacon for a change and added pepper jack cheese.,5,1
"this is the first bread recipe i have made that did not come out rubbery or extremely dense. i was impressed. after watching the video, i realized my dough was not the proper consistency according to the flour and liquid ratio in the recipe. i only used 5 1/4 cups of flour, as 6 was far too much and did not mix well. i will make this again as it was delicious. i feel like an instant bread expert. thank you!",5,1
"this was so simple and so flavorful. everything worked well together, my husband and i both really enjoyed it.",5,1
"happened across this recipe linked from a blog i was following and decided to whip it up. i made some minor adjustments for tasted, but mostly followed the recipe. everyone who ate it gave it great review.the blog that linked it suggested using kielbasa sausage instead of turkey cuts (seemed odd), and it worked out great. i also cut the broth to 2 cups because i wanted it less soupy and it worked well for that. also added 1/2 tsp of cinnamon and 1/2 tsp of crushed red pepper flakes for some added heat. spot on perfect.next time i might try using a ground turkey sausage for meat, and maybe add some corn to the mix.quick and easy recipe to enjoy - have at it!",5,1
"this is the best pumpkin bread recipe ever. i followed it to a t, except did not use walnuts or raisins, as my boyfriend does not like either of those. he keeps telling me how delicious it is. he even once referred to it as orgasmic! i find the flavor and texture absolutely perfect. i will make this again and again.",5,1
best chocolate cake recipe ever!,5,1
ex !!!!!,5,1
i love this recipe. i use 1.5-2 pounds of shredded chicken instead of cubed. perfect for dipping tortilla chips in as well.,5,1
"i tried this recipe for the first time tonight & am thrilled with how well it came out. the flavour is great &, thanks to my salsa, has the perfect amount of spice. i used ground turkey instead of ground beef & added kidney beans. i love how easy & quick this dish is to make.",5,1
"this is an easy and delicious recipe. i did not have hawaiian buns, so i used regular slider buns. i don't like spicy, so i used honey mustard instead of the horseradish sauce.",5,1
always enough to share with somone else!!,5,1
"excellent recipe! i used half coconut oil and half butter, coconut pudding and half vanilla, half coconut extract! large pecan chunks and not all the choc chips! to die for!",5,1
yummy!,5,1
"i use a similar recipe for icing, but use 1 cup butter instead of the butter/shortening mix, 4 t. flour. everything else the same. if you beat the butter and sugar well, it shouldn't taste grainy. we really like it because it isn't as sweet as regular butter-cream frosting.",5,1
my whole family was very disappointed with this soup. we were expecting something amazing and it was just mediocre to us.,2,0
"awesome! i loved the taste and texture of the cake. the icing was very sweet, but still delicious! i had a lot of icing leftover, so i would halve the recipe for the icing next time. this is definitely a winner!",5,1
perfect apple pie recipe! this will stay in my recipe file forever.,5,1
these are delicious and very easy to make!barb252,5,1
this is a disaster too long cooking waste of time and money.,1,0
chicken was real good,5,1
this is really a tasty and easy lasagna recipe,5,1
this recipe is easy,5,1
"i don’t often rave over my own cooking, but this soup is amazing. i added a large white onion, marjoram, and sage; reduced the simmer time to 30 total so the veggies stayed crisp. best soup ever!!!!!",5,1
diced a small onion and sweated it along with carrots (diced) and celery in 1 tbsp margerine for about 5 minutes.followed remainder of recipe and turned out absolutely delicious.,5,1
"i always make mine in a crockpot. i thought, last minute, i wanted this and gave it a try. sorry, was not happy. it looked odd, to not have an egg to hold together, but i gave it a shot.",2,0
"i made this soup per the directions with the exception that i did not have cream of mushroom soup so i used cream of chicken. it was very good and i will definitely add it to ""go to"" list of recipes. thank you.",5,1
guests love this dish! i always make it at the holidays!,5,1
don’t know what these people are talking about it’s not even a pizza as the zucchini crust never gets crispy it’s a casserole,2,0
longstanding family favorite - lost the recipe and am glad to have found it again!,5,1
we wanted to try this based on all of the good reviews. but we did not like it. little flavor and a lot of work.,2,0
"this recipe is really good, and a great summer dish for when zucchinis are in abundance. i loved the zucchini crust. it was such a nice change of pace to a heavy bread crust. the only changes i made were based on using ingredients on hand - used an italian cheese blend for the mozzarella and a colby-jack blend for the cheddar because i had both of those. i love a dish that is versatile in that way so just use whatever cheese combo you like best on this dish and you should have a winner. also, i took the advice of others and cooked the bell pepper with the beef and onions because my family prefers that combo. my skeptical pizza loving daughter ate this and said it was good. i will definitely be making this dish again.",5,1
"so good!! i saved myself a pan though in the directions - after i transferred the cooked ground beef (i used a full pound and it was perfect) to a plate, i melted all of the butter called for in the same pan, sauteed the onions, carrots and celery and then sprinkled the flour over top after the veggies had softened. i mixed in the diced raw potatoes and the cooked ground beef and then poured in the chicken broth. it smelled so good while it was cooking!! once the potatoes were cooked through, i added in the milk and i used shredded sharp cheddar instead of velveeta, it is what i had on hand. i also left out the basil and the sour cream and i am glad i did - my whole family loved this and i will definitely be making it again! it came together so fast, a very hearty soup and so easy to make! even without my changes, this would've been delicious, but i love how easy it is to alter it to your own tastes, you can't go wrong with this recipe.",5,1
"oh my this was delish! i had to improvise as some of my fresh peaches had gotten devoured without my knowledge, so i added frozen berry mixture to make up the 3 cups. i made one tiny boo boo, i plopped the brown sugar into the flour mixture. i managed to scoop out most of it, but i have to say it that little bit of brown sugar made the cobbler a nice brown, and there was a delightful slight crunch. it came out beautiful and everyone loved it! served it warm with homemade french vanilla ice cream on top. tdf!!!",5,1
"this is my all time favorite recipe! as soon as the fall temps arrive it is the first thing i make. i am on weight watchers and this recipe fits right into my plan! full of healthy, hearty and yummy ingredients!",5,1
"i've made this cheesecake several times and i love it and have always gotten rave reviews. it is quite a bit of work, but i find it most worth it. i do use a larger 10 1/2"" springform pan.",5,1
"this recipe is a keeper, it has a very nice flavor. will make it again.",5,1
these were simple to make and delicious. i followed the recipe exactly.,5,1
awesome!! outstanding!!! chopped up some jalape?o and added to half since wife can't handle the heat. plan to add nibblet corn next time to try something a little different. definitely a new family favorite.,5,1
is the nutrtional content available?,4,1
i have made this 5 times and changed the meat each time. i even used canned spagetti sauce once and it turned out great. my family loves it,5,1
"this recipe was great, but i got so frustrated when the chocolate kept cracking while i was cutting it. does anyone have a solution to this problem? thanks!",4,1
the homemade sauce is heavenly!,5,1
"this is my favorite banana bread recipe. it turned out really great, i made 12 muffins and one loaf of bread. it was perfect the muffins were better than the bread because of the cooking time i think. i did add cinnamon sugar mix to the batter and sprinkled it on top with the pecans, i reduced the pecans by 1/2 cup though. and it was fabulous!!! for the glaze i just added milk instead of the orange juice to the glaze.",5,1
"the potatoes are excellent. the pork chops were dry, but i think it's because they were too thin. they say 3/4"" chops for a reason :-).",4,1
"my husband is not a picky eater - but my children and i are. we all loved this so much we made it twice and brought it to a family party where it was devoured! great texture, flavor and taste. i made sure to not only drain the zucchini but blotted it with paper towels - it was perfect!",5,1
"i made this quickly after working a 10 hr day, i added sautéed chopped onion, cumin, sazon, extra water, salt, onion powder and pepper as it was a little bland for my family’s tastebuds. we topped with sour cream & shredded cheese fast & easy ❤️",4,1
i thought that the batter was deliciouse but the final product had a flour taste that was not very good. the frosting was also disappointing.,1,0
easy and great flavor!,5,1
"i'm a sucker for chocolate cake, but was surprised to see the hot water is added at the end of mixing the batter. i use hershey's special dark cocoa and i always 'pre-disolve' the cocoa with hot, strong coffee. then i add it to the batter, making for a super dark cake. the only change i made in this recipe was taking 1/3 cup water and replacing with hot coffee to dissolve my cocoa powder. delicious cake!!",5,1
this is so delicious! there are a lot of steps but it is worth it!!,5,1
this was delicious. i assumed the 1/4 cup of sugar for the glaze was powdered sugar. has anyone used granulated sugar for the glaze? not sure which is correct.,4,1
"first generation pnwer here. i made this for my finicky family who are all from boston & new hampshire so i was nervous making it after the reviews from the new englandah chowdah snobs (believe me, my family is full of them) and guess what? they loved it! my dad has always been particular about his “chowdah” and he couldn’t get enough! i’m not fond of razor clams so i subbed for some fresh local butter clams. i tripled the recipe to make for the whole family, not too much leftover but what was leftover i froze & it does freeze well! thank you!",5,1
so good! even my picky eaters loved it!,5,1
added applesauce for oil and orange extract for juice...awesome and nice and moist. the frosting is very good. will make again!,5,1
this has the taste and texture of the pound cake i remember as a child. absolutely delicious.,5,1
use rotel tomatoes instead of reg to add more spice.,4,1
this is very delicious...we all loved it made for thanksgiving..and planning to make again christmas..if you like pecan pie and cheescake.. this is both all wrapped up together...try it!!,5,1
"made this tonight,was very good,i used chicken breast also,i also doubled the sauce cause it didn't seem like it would be enough,glad i did it came out awesome!",5,1
i tryed this and it was very good . added my home grown green peppers bigger chunks,4,1
very easy to make and they were gone in a flash!,5,1
i am not a chocolate chip fan.....so i added cinnamon chips....we are huge cinnamon fans in this house!!,5,1
really enjoyed this cake. very easy to make and makes fairly fast. did it for a family gathering and everybody enjoyed it. the guinness gives it a lovely kick. i didn't have a springform pan so i used a bundt pan and it came out perfect!! will make it again and again.,5,1
really yummy. i cut the recipe in half and ended up using the full amount of liquid and it still was not very soupy so that is the only thing i would change about it in the future.,4,1
"don't skip the velveeta, it makes this dish. velveeta has it's place and this is one of them. food snobs will disagree but it is their lose. made again and left out the potatoes and added chopped kosher dill pickle. like this even better without the potatoes.",5,1
excellent but i think ?? half 2% and half heavy cream would of been better along with a bit of salt or some type of seasoning. but overall fantastic,4,1
"we loved this. didn't change a thing, also made great leftovers.",5,1
"my picky family liked this recipe. i made it as written, except that i added minced garlic when browning the ground beef and also used pizza sauce instead of italian tomato sauce. i may try some other options next time, like adding mushrooms.",4,1
this is by far the best banana recipe i have ever made. i make this for breakfast and dessert treats. everyone loves it!,5,1
<p>new at gluten-free. most does not taste good. this is great and moist! i used pumpkin in place of the applesauce. super!</p>,5,1
the whole family loved this recipe!!!,5,1
this is great. i've made it many times now. the only change i make is to add one or 2 extra teaspoons of oregano or italian seasoning.,5,1
love this recipe! makes great leftovers too.,5,1
"to maikoemi, after reading your review i thought not doing it. when i checked at 25 minutes, there were lots of liquid, i had to set the oven at 375 for another 25 minutes or more until it was drier. i think you did not waited until the liquid evaporated. actually it is pretty good and not soft at all.",5,1
this is one of my go-to recipes! the flavor is awesome!!,5,1
"the best soup i have ever made. cheesey, beefy, potatoey goodness.",5,1
i used boneless pork chops instead. the recipe was so easy and delicious. i served it alongside chinese-style rice. yum!,5,1
i made these for a party i was hosting on a chilly fall evening and they were fantastic and a huge hit! they turned out very moist and the flavor was wonderful. i cut the frosting recipe in half and am glad i did because this was plenty. i tried them with and without the frosting and liked them both ways. the frosting is not necessary but really does make them just a little more special. they went well with the spiced hot apple cider i served and i will make these again.,5,1
"this black bean and pumpkin chili recipe is terrific! very fast and simple preparation. however, i did add 1tbsp. tomato paste, 1 can of pinto beans, cooked and crumbled bacon. i also used basil instead of parsley and oregano only because i ran out. defiantly adding this recipe to my recipe book!",5,1
this is really good. i added a can of drained diced tomatoes...left out the salt. the velveeta has enough for us. yum,5,1
this was a very good recipe. we had it with a little butter and drizzle of dark karo syrup and it was delish!,5,1
"i have made this many times now, and i am pretty happy with the recipe. one thing i did differently was cooking the cubed potatoes in the microwave with some water for a few minutes before adding them as directed. i also have not added three cups of cheese, probably just one cup or less. also, one time i used creamed corn in place of whole kernel corn for a thicker soup, and most of the time i do not bother with the bacon, but use 1/4 c of butter to saute the onions.",4,1
"excellent recipe! a definite ""do over"".",5,1
this is an very inexpensive soup to make... it is wonderful !!!! very filling... !!,5,1
"i made this cake for a memorial day party. i made the ""full-fat"" version and added more orange juice to the batter to bump up the orange flavor. i also made it with a golden butter cake mix as that was all i had in the pantry. for decoration i put tons of red, white, and blue sprinkles on top. it looked really festive and the kids went crazy for it. the hostess put out all the desserts and (no lie) everyone pointed to my cake for a piece. the taste was buttery and flavorful with all the fruit in it. the pudding made the whipped topping silky and delicious. this recipe is a keeper!",5,1
"this is an excellent recipe, especially if you're a beginner. it tastes way better than buying them ready made. i would however suggest only making this if you're used to spicy food because the amount of chili in this recipe is far more than regular taste buds can handle so if you're thinking about following this recipe you should half the amount of chili you use . but for the rest this recipe is perfect!!",4,1
"wonderful. i made this w my daughter, it was simple to make and delicious to eat! yum!",5,1
"so easy and good! i always add celery, carrots, onion and garlic, and last time i threw in some peas, too. i use the sour cream if i have it on hand, but we don't miss it when i don't have it.",5,1
"delicious! i used a combination of plums and nectarines. i used half white, half whole wheat flour, and palm sugar. ii agree it was delicious cold the next morning. it was like a delicious compote with built in cake. great way to use up stone fruit that's past its prime.",5,1
"super, easy, super creamy and so delicious. makes terrific instant gifts. it also freezes very well. nice clean cuts into perfect bite sized squares. i used crunchy peanut butter for that extra little peanut butter taste. vfe",5,1
"i make these about 2 times a week. they are delicious and very filling. i leave out the brown sugar and add a little more than 1/4 cup of craisins and also add 1 teaspoon of vanilla. i have also made them with the brown sugar included, great this way too, but they do brown quicker. they are wonderful served with real maple syrup!!!",5,1
"also, i added a bit extra pepper and salt while mixing before putting everything in the pies. it was to dull down the overpowering thyme, which did help prior to baking. it was strong after, obviously.",5,1
this was probably the best soup that i've ever made. i followed the recipe and added the hot sauce. i used an emulsion blender on the cooked vegetables before adding the cheese sauce. i also added a few croutons and fresh cracked pepper to each bowl......absolutely delicious.,5,1
i have been making this recipe for 20+ years and anyone who has tried it just loves it. it's wonderful and a quick dessert. my daughter's old boyfriend use to bring over the stuff to make it and i would make a batch just for him.,5,1
yum! glad i made a double batch right away so i have one for the freezer!,5,1
hands down the best fajitas i've ever had. this recipe is a keeper!,5,1
"make sure you cut the chicken into thin strips to cook quicker and make making wraps easier. we did not use any spice that had heat in it. for 2 people, it produces at least 2 different meals. we put in a cut up tomato towards the end and it added great flavor.",5,1
one of the best recipes i've tried. bread was moist. kids and nephews ate it all up. will definitely be making this again.if you're going to be making mini loaves like i did you'll need to set your timer to 30 minutes instead of1 hour.,5,1
this recipe is great! i have never made bread before. aside from quick breads like banana and zucchini. its was easy and tastes amazing. suzanne i don't see any reason the old fashioned way wouldn't work. it will just be a bit more effort on your part when it comes to the incorporating.,5,1
"works fine with whole wheat flour. if you're crazy about pecans, use the 2 cups, or you could get by fine with 1 and not sprinkle them on top.~ theresa",4,1
great dinner for the family!!!!,5,1
i made these for work to celebrate birthdays and work anniversaries. they were a big hit!!,5,1
"i must say, i was surprised how well this turned out. every lasagna recipe i've ever tried always came out on the flavorless side, but this recipe did not. everyone was surprised that there was cottage cheese in the lasagna, which i feel helps the taste. granted, i had to adjust the ingredients a little since a person in my family has sensitivities to what is in italian seasoning, but a pepper and onion sausage and a little extra salt and sugar did the trick with the sauce.definitely a keeper.",5,1
"my family usually loves mexican food, but neither my husband nor i cared for it at all. i was very disappointed.",2,0
"i was very disappointed with this recipe. i agree with tilda 04, it was dry and had no flavor. i was expecting an orangey tasting cake and could taste no orange. i made this for my grandson, age 13, and he did not care for it at all. he loves everything i make for him and is so easy to please, but this did not please. had to throw it away.",1,0
best cookies!! our new favourites,5,1
tried this the last time it was posted. did not like. delete recipe.,1,0
"yumm..!!!! i made it exactly per the recipe minus the frozen corn (because i didn't have any). but i'm not sure it needed it. i may cut down on the thyme a bit next time, and i did use low sodium chicken broth. my husband says it's 10 stars.. he says it's the best meal i've cooked!",5,1
"i've made at least 50 different versions of lasagna, this is hands down, the best by far. i followed the recipe.",5,1
this was delicious! it makes for a great meal that is quick and easy to make. i did up some peppers and onions to go with it.,5,1
absolutely delicious! have made this numerous times and the compliments just keep coming in! so many savory flavors in one dish. comfort food at its very best.,5,1
i have made this and it is better then the one i have been using for years!!! extremely moist. i didn't use the orange glaze but instead used a nut blend. yummy!!!,5,1
i would probably bake in two smaller pans as i thought it got a litte crusty on the outside in order to get the middle done.,5,1
super easy to make. i took them to work and they were a hit!! devoured in less than 2 hours. i will definitely make again. i added a little milk and decreased the oil to 1/4 cup. thank you for my new muffin recipe.,5,1
really liked this recipe.... made it exactly as beverly wrote it!! yum!,5,1
i have made this recipe several time. my son-in-law says this is the best. it's very good.,5,1
this took time to make but the results are amazing. everyone who has tried it has loved it and i have passed the recipe on to many friends and co-workers. i kept it refrigerated.,5,1
i followed this recipe exactly and would never made this dish again. everyone who tried it thought it was missing something and i agreed. maybe green peppers or ground mustard?,1,0
"first time having cornbread and i loved it! recipe was very easy to follow, i did reduce the sugar to 3tbsp as i was serving it with stew. this scottish girl loved the finished result.",5,1
"my husband didn't care for tilapia untill i tried this recipe, now he raves about it. i did use a little more lemon juice just because i was not too exact measuring. it was tasty, the capers really brought it to life!",4,1
"unfortunately, my fudge never set-up. i left it in the fridge for several hours. i even tried the freezer for a little while but it didn't help. it tastes good but i can't give it to anyone else.",1,0
"this is the best peanut butter fudge i've ever had! i have been making it for several years now since my 14 year-old was in the 3rd grade. his teacher at the time still talks about how great it is and she now makes it for all her co-workers at christmas. i am getting ready to make it right now! for those who have had problems with it setting up, the only time that ever happened to me was the first time i made it-i didn't cook it for the full 3 minutes. make sure you time it or it will not set up. don't give up, though, just try it again and it will be perfect!!",5,1
"this is the absolute best blueberry bread! the lemon juice and zest very nicely complements the blueberries. regardless of the size of your loaf pan, i suggest setting the timer to 45 minutes then checking thereafter, as 60 minutes is too long as a starting point.",5,1
i made this recipe for our christmas eve dessert and it was a huge hit. everyone loved it and they have been asking me to make it again and again. i do not usually take the time to rate recipes but this one was so good i felt i had to.,5,1
"this is delicious soup. my husband n i prefer cauliflower over broccoli. i tweeked the rue slightly based on other comments of the soup being watery, n it turned out perfect. next time i make it my husband wants bacon added.",5,1
"i made this pie for my family and they loved it. i froze the other half and then made it for a work potluck and everyone wanted the recipe. i did change it a bit, instead of peas i put in frozen broccolli and made it with a homemade crust instead of store bought. absoultely a keeper recipe.",5,1
my family loves this recipe. i do not use the sage. i add a little ketchup to the meat mixture just cause i like a little tomatoy inside the loaf. i sometimes poke holes on the loaf so the topping can seep into the loaf.,5,1
the family and i thought this salad was delicious! am already planning on making it again!,5,1
"i almost cried when i made this for easter and took the first bite as it was just like my mother, grandmother and aunt all made for me as a child. it is a delicious, moist, very strawberry cake. truly, if you like strawberries you will like this. my only change was i used 3/4 cup oil and 3/4cup water instead of as stated. also, it took me 5 cups of 10x sugar.",5,1
"hello lorri, thank you so much for such a wonderful, flavorful, and tasty lasagna. this is the best recipe. it's so good that i decided to make it for 150 people for my husbands ""customer appreciation night"". wow, what was i thinking, ha! the lasagna was a big hit but, i learned my lesson- if i don't have a double oven (which i don't) and have a couple of friends to help me i'll never attempt it again. i ended up making 8 pans, whew! but it was all good, thanks again!",5,1
don’t use granny smith apples - pie came out perfectly except granny’s make it sour!,2,0
"i made these banana bars a few months ago, and they were fantastic. i actually made banana bars a long time ago, but i lost the recipe, and so i was happy to find this one, because they tasted like the ones i used to make. i'm glad my brother was in town to help eat them up!",5,1
"this was absolutely delish! my whole family loved them, even the kids. i made it a second time as a cake. takes at least twice the baking time as the cupcakes. well worth the wait. just wonderful. it is not complicated, very easy to make.",5,1
made recipe as is but used more eggs for pot luck. made it healthier for myself using shreddred summer squash in place of potatoes and was excellent & none knew the difference.,5,1
"this makes a huge salad so even for family events, i half the recipe. very good.",5,1
i think this is a good starting point but it didn't have much flavor and we won't be making this again.,2,0
very good. i didn't use ginger because i don't like the taste of ginger and i used 1/4 tsp of garlic powder because i didn't have minced garlic. the family really liked it.,5,1
"easy to make and tastes wonderful...i did not have marshmellow creme and used marshmellows instead, turned out great!!",5,1
we have been making this recipe for years and we love it! we prefer corn tortillas and double the sauce.,5,1
it really was not as good as i was hoping it would be. turned out okay but not the best.,2,0
"i made this exactly as the recipe reads. it is good, but rich and a little heavy. it was good as leftovers. not sure i will make this very often, but will keep just in case need some comfort food on a cold day.",4,1
tried this last summer and it was a big hit with everyone. just delicious and so tender! i then lost the recipe and have been looking everywhere. i was searching for it by the wrong name. finally our favorite chicken marinade recipe is now in a very safe place. will be fixing it this weekend.,5,1
this is the best chicken fajita recipe that i've tried. i sub 1 teaspoon salt for the seasoned salt and i use olive oil instead of canola oil. everyone that has tried these raves about them.,5,1
"my husband had had this cake as a child and wanted me to find a recipe so i turned to toh. he loved this when i made it and said it was even better than he recalled it! it was moist, light and airy - very, very good - with or without frosting!",5,1
first time i didn't have correct size pan and they turned out well. second time i used correct size pan and there wasn't enough carmel to cover. i gave the recipe to 2 others and they both failed and dumped it. flavor was good but did not turn out as expected.,2,0
loved this recipe. the only thing i did differently was i cooked the peppers with beef and onions. tastes even better as leftovers the next day!,5,1
"follow recipe as written, soooo good, quick and easy. mjanderson",5,1
my entire family loved this recipe and will definitely fix it again! next time i am going to try putting the pasta in the bottom of the pan before broiling because it got cold before i finished the shrimp. was making double the recipe and did it in two batches.,5,1
delicious easy to prepare. i fix this potato dish every couple of weeks . so not to tired of it to soon.,5,1
"this was sooo good! i made it using frozen shrimp and scallops, both defrosted. wonderful taste. rich and creamy. will definitely make it again.",5,1
even more delish if you add chocolate chips! i've made this several times and everyone always raves over it!,5,1
"with a few left over pantry items during covid-19 quarantine, this was a hit!! i didn’t have almond extract so used a bit more vanilla extract. crust was amazing good. cherry pie filling was ok but would have added some fresh cherries to really make it pop.",5,1
my children loved this recipe,5,1
came out perfect!!,5,1
"i made this for my neighbor for his birthday, he raved about it repeatedly, his wife said it was the very best chocolate cake she had ever eaten. i had to agree. in baking this cake i found that it took longer than the 28-32 minutes it called for to bake throughly. the frosting was soft but easily spread without running and it was delicious. i couldn't get the ganache to harden so i just dripped it over the strawberries and down the sides of the cake. it was superb and the cake i thought was going to be dried out from extra baking time but it was beautifully moist. a real surprise for excellency because it was formed from a cake mix. i will definitely bake this again.",5,1
used it with some thin cut chicken breasts and had excellent flavor with the grill marks. can see why it would be great with thighs or wings.,5,1
"if i want comfort food and i want dinner - this is the perfect recipe! very easy to make - all though, i'll admit, i left out the worcestershire sauce and added in a few other spices instead. butt hat's just personal preference.",5,1
"doubled the recipe but used a quart of chicken broth and a bit of extra water, used a big package of baby spinach and 2 packages of <strong>al fresco chicken sausage, sweet italian style. it was so good. </strong> <strong>had a nice rich flavor, took it to my mil's for dinner. she made sure we left enough for 3 meals. i used an 8 quart crockpot, cooked it for about 3 hours on low. so very good!! having for dinner again tonight, my husband wants me to make it again!!</strong>",5,1
this recipe has been on allrecipes.com for years...not liking copycats!!,1,0
every year this is my husbands no matter who shows up it's gone and everyone raves about it!,5,1
i give it 5 stars,5,1
"although this sounds good to some it is not by any means our favourite pork chop recipe. ours is still, from the applewood smoker on the deck. bbq'd or smoked chops are the absolute best. breaded with spices and panko, egg wash, flour etc is the next. done the way in this recipe they become a little too tough and relatively tasteless. definitely will not make this one.",1,0
"we always rate new recipe's & we gave this one a ""10"" i made this for dinner tonite w/crusty bagette. it was awesome. i cut back on the cumin & oregano to 1/2 teasp. used only 1 can of green chilies. used a whole garlic clove, & omitted the cayenne pepper.",5,1
my kids loved this soup. it is great to make on a cold winter night.,5,1
we loved this--i doubled the ground beef and added some frozen corn.,5,1
super easy and really tasty. i used pepperoni instead of beef. easy to adapt with different meat and different ravioli fillings. this will be a regular!,5,1
best cake ever,5,1
easy and delicious! i halved the amount of crushed red peppers which was just enough spiciness for us. next time will double the amount of sauce.,5,1
the best coleslaw i ever made..... creamy and sweet!,5,1
i've made this twice this week. it's great!,5,1
best. soup. i. have ever made!!!,5,1
"this is the third time i've made this recipe, i make it just like instructed and it's perfect, better than coffee shop cookies. i tend to refridgerate cookie dough for 5-10 mins before i bake. make sure to press down on the cookies slightly so it cooks evenly.",5,1
"this is the best way to eat chicken! everything goes together so well. i never would have thought of that combination. however, there is a little too much brown sugar to sautee the onions so i will use less next time, but great besides that and will make it on a regular basis!",5,1
my family likes these fajitas for supper but love the leftovers for breakfast the next day. i make extra filling to mix into scrambled eggs for breakfast.,5,1
"excellent!!!!! made one with the glaze and one with out, both were good!",5,1
first time making it and it turned out great! my family loves it,5,1
"delicious. would definitely make again!! i added raisins, about 1/2 cup and reduced the sugar to 3/4 cup. worked very well.",5,1
"absolutely delicious! i made this for myself, my hubby and our 7 year old daughter and it was a hit! i doubled the chicken and marinade and used whole green, red and yellow bell peppers. a quick, simple and great meal!",5,1
"these are the best banana bars. i get asked to bake them often. you can change up the recipe if you like, but it is not necessary at all.",5,1
"i have made this several times. my family loves it. it also reheat and freezes well. i’ve made it with different kinds of meat and cheeses. very easy to make. i’ve made it where i prepared it and baked it right away, and i’ve made it where i prepared it put in the refrigerator and baked it the next morning. both ways are great.",5,1
"i make these bars quite often for potlucks and when asked to bring a dessert. almost everyone loves them...especially the cherry lovers. easy to make, very few ingredients, easy to take almost anywhere. i always am asked for the recipe at least once every time i bring them. i did not change the recipe from the original, it's great just as it was written!",5,1
"i wanted so much to love this cake! the strawberry smell and taste were terrific, but the cake, with the sugar in the jello and the cake mix was far too sweet, the frosting was almost inedible it was so sweet when eaten with the cake. we scraped the frosting off and topped each piece with a dollop of greek yogurt, and it was delicious but would have been equally so with whipped topping or ice cream. if i were to make it again, i would probably make it from scratch and reduce the sugar, and serve it unfrosted. i added some dried strawberries which i had processed (a couple of spoonful) to enhance the strawberry flavor",2,0
loved this soup! a meal in itself!,5,1
"i love this, it’s fast and easy.. but i do things a lil different, first off i use a slow cooker.. then i double the recipe so i can have left overs.. also i use the rotel with lime and cilantro instead of the the tomatoes and chili’s... also instead if water i use chicken stock or beef broth whichever i have handy. try it, i promise you will not regret it!",5,1
"i have prepared this recipe for our church dinners (60 -125 people) its always well liked, requested often and we never have leftovers! it's also a family favorite. note: i use 2 lbs of ground beef and ground chuck mix. and i always double the ketchup 'sauce' .",5,1
"i love this recipe, and i make it every spring, as soon as my rhubarb is ready to be picked. i added 2 cups of fresh sliced strawberries and an extra tablespoon of flour to the filling.",5,1
so delicious!!! i also used a cheater chicken that i shredded and it turned out amazing!! this recipe is a keeper.,5,1
a wonderful tangy salad! i love salads using miracle whip as they are so much more flavourful than mayonnaise. the crunch of the water chestnuts is wonderful. i use tri-colour coleslaw and leave out the green peppers as i dont like them.,5,1
loved this recipe! i added some balsamic & it was really made it great!,5,1
very dry - too much spaghetti- not much flavor. wouldn't make this again. i'll stick with my regular spaghetti recipe. not work the effort.,1,0
love these!!!,5,1
fabulous and tasty. easy to make. my kids wanted seconds. followed the recipe.,5,1
i wish there was a higher rating then five stars. this was my. first homemade apple pie and it came out the best i've had in my life and that's not just because i made it haha. there were a few different changes i made and that is 1. i used the homemade pie crust recipe off of crisco container. 2. i skipped the egg white and made a melted butter with sugar and cinnamon to brush on before baking. i know it's not the healthier choice but it added some great flavor to the crust. 3. i substituted the flour for tapioca because my grandmothers secret is it adds a little extra sweetness and flavor. also i forgot to set the timer and didn't read the cover with foil part so i accidentally skipped out on that so it was uncovered for about 45 minutes. apples weren't mushy but also not hard . right in the middle. i used janigolds and mitzu apples that we picked at the orchard.,5,1
"good recipe! making homemade versions of store bought items is what i like. this recipe does just that with the teriyaki sauce. cooking chicken on the stovetop is my preferred method as it gets it browned and caramelized. otherwise, the recipe was followed as written.",5,1
this was a great simple recipe but like others i did have to improvise a bit. the batter was super thick so i added about a halfcup additional milk. and i added an extra tablespoon sugar since i am american and finally a but if vanilla. just improved it enough to make it wonderful,4,1
"i went out on a limb with this one because the guys in my family are all about the red chili and don't like to try something new. when planning menu for next week, the white chili was first on their list!!",5,1
"this is an excellent recipe the results were great. i have to agree with marian08, make the recipe as printed, than rate it. when changes are to suit an individual taste, it is not rating the written recipe.",5,1
"based on the other ratings i will give you 5 stars lol. i was just wondering if the coconut should be sweetened or unsweetened, i am guessing that it is unsweetened on the fact that there is sugar in the recipe but i wanted to make 100% sure, thanks",5,1
needed a little more seasoning. added some garlic. yum,4,1
outstanding! i halved this recipe but otherwise stuck to the ingredients and directions. came out great. i was amazed how such basic ingredients like this could come together so nicely. highly recommend this!!,5,1
i love this recipe....after having it sit in fridge for couple of hours i add more coleslaw too. it is the best recipe i have found .....definitely a 5 star recipe.,5,1
"i have made this chicken pot pie recipe several times, and it is a huge hit in my household! thick, creamy sauce and the thyme gives it just the perfect taste! on occasion, i have used bisquick to make the crust, giving it more of a doughboy type of topping. whether you choose to make the filling and doughboys for a chicken stew, or follow the crust directions for a pot pie, both are absolutely delicious!",5,1
excellent soup! we served it to ten and not one complaint. definitely worth making again.,5,1
this is a wonderful cake. i also have made it in a 13 by 9 sheet cake and it is great. i wish that all those that rate without trying a recipe would please stop. there are forums to ask questions in to understand components in the instructions before rating and this would be helpful to them and eliminate unfair ratings for the recipes.,5,1
easy and delicious! who would have thought you could make lasagna in a slow cooker??? mine was done after only 3 hours though. definitely would make again. leftovers warm up good. emailing this recipe to friends and family. it is a keeper!,5,1
"excellent and easy to make! i thought the 400 degree oven temp excessive so i baked at 350 degrees for the specified time. also spread a little salsa on bottom of casserole dish. no burning or crisp tortillas. this dish is definitely a ""keeper"" . next time i will kick it up a little by adding some green chiles and/or chipotle chiles in adobe to mix.",5,1
"i followed this recipe exactly. it was so blah, no flavor at all. i kept adding more cheese and seasonings. it looked good but had no taste.",1,0
"this soup is one of our favorites! i make it often in the winter. if there are any leftovers, which is rare, i put it in individual servings in the freezer for a quick lunch. the only change i make is that i add a full pound of hamburger. the carrots, onions, and celery give the soup a great flavor. i thought the basil was different, but it is excellent in the soup. the amount of cheese is just right, as it is not overly cheesy. i will definitely keep making this soup!",5,1
really good soup. instead of using the velveeta cheese. i just substitued a basic cheese sauce from scratch. everyone loves this soup!,5,1
this is awesome soup! my husband requests it regularly.,5,1
"my mother made wonderful banana bread, but when i tried this recipe, it really was the best ever banana bread i've ever tasted.",5,1
this is so easy and with it's dense consistency and exceptional flavor it will be a favorite for serving guests.,5,1
"used hot italian sausage and used all chicken broth, no water. comes together really quickly but has a lot of great flavor!",5,1
"my husband is not a fan of cauliflower but this recipe got a thumbs up from him. for a little added protein, i am going to add chicken. he wants a touch of cayenne. i plan to do both. loved this soup!",5,1
love it! so easy and delicious,5,1
"this gets 5 stars for pushing me in the right direction, although i also made very few changes based on earlier reviews. doubled the recipe (meaning i doubled almost* every ingredient) because 1) hubby loves cream of mushroom soup, and 2) i had a lot of mushrooms i needed to use. *the only ingredient i didn't double was the flour. i also added cooking sherry (which works just fine). i used 4 tbsp. butter, melted. then added the onion and cooked for about 5 minutes. then, the flour which i quickly stirred so it was almost a roux, but it was very dry, so that's when i tossed in about 1 tsp. or so of cooking sherry. next i added 29 oz. of chicken broth (mixed of swanson's organic and some homemade leftovers) and the mushrooms. i added some thyme because, in my world, pretty much every mushroom dish is a little bit better with thyme (for this i added about 1 tsp.) then i let it simmer until the onions and mushrooms were soft. note: i did not add salt. when the onions and mushrooms were soft, i added a bit of the broth to a combo of 1/2 c. half",5,1
great recipe! my husband always asks for these. i only make half the frosting and it is always more than enough.,5,1
absolutely love this!,5,1
"very good :o)perfect combo of sweet & saltyi would reccomend putting the pretzels in a blender or food processor and ""pulsing"" them a few times it is quicker and easier than putting them in a bag and pounding them ! also i used fresh strawberries ... yum",5,1
excellent and easy to make.,5,1
my family won't even let me through the door if i don't have these in hand. i've been making these for years - absolutely the best!,5,1
made this recipe and cut the sugar in half. no one knew the difference and it still tasted great. very quick and easy to put together. family loves it.,5,1
this recipe should have way more ratings! a little time consuming to make but so worth it! the frozen pie turns out great as well!,5,1
it was horrible. the italian dressing does not belong in a mexican casserole. it overpowered all the other flavors. even the dogs wouldn't eat it!,2,0
yum!,5,1
my family loved these cupcakes. i didn't even get a chance to frost them. the recipe is easy. the results are great.,5,1
took one loaf to work and it disappeared immediately and lots of compliments. this is definitely a keeper. the orange glaze really gives it something extra. this will be my banana bread recipe from now on!,5,1
"my two-year-old and i really enjoyed these this morning. only alteration i made was adding a little vanilla extract. otherwise, we kept it simple and as is. delicious!",5,1
"we opted to make these smaller, using a mini ""ice cream scoop"", which yielded 50 or more. i mixed white and demerara sugar 50-50. real molasses is hard to find in our part of india, so i used melted palm jaggery. superb recipe.",5,1
"soup needs onions and i won't be using brown sugar. as for the rice. i always cook it, or pasta in a separate pot as was suggested to me by a friend who is a chef. when you are ready to serve put rice, or pasta, in the bottom of bowl and ladle soup over the top. no gross, soggy rice or pasta ever again!",4,1
so easy and such a great warm and cozy week night meal. my husband can be kind of picky but he really liked this. i definitely will be making this again and i already have friends asking for my recipe.,5,1
wow!,5,1
these bars are dangerous!!,5,1
"i just made these following the recipe exactly and they came out very thin, not at all like the picture. maybe refrigerate the dough next time ??",2,0
"i made this on a whim after looking for a recipe to used leftover grilled shrimp. it was *amazing*. hours later, i am still thinking about it. reading some of the other comments, i thought the amount of lemon was perfect. tangy, zingy, mouth watering. i'll be making it again. thank you!!",5,1
"i have found my go-to au gratins! this recipe is easy and cheesy. used a blend of regular and sharp cheddar. haven't used the onion to date as i usually save that for scalloped potatoes. freezes well. just bake at 350 from frozen, covered in a prepared pan, with a splash of milk for about an hour.",5,1
"i have made this a few times. the first time i made this my 8 and 10 yr olds looked at it and were hesitant. since then, they have requested it when we make our weekly menus. i also mixed the refried beans with the meat mixture because otherwise the beans are thick and a pain to spread. my 10 year old son did 90% of the work the last time i made this and it is not typical that my kids request leftovers the next day, but they do for this.",5,1
my husband loves this banana bread. i often substitute chocolate chips for the walnuts and serve it as a dessert.,5,1
doubled the recipe and made 2 i did not make the sauce just used ketchup straight from the bottle. there was none left and everyone loved it. thanks for the recipe.,5,1
easily one of my new favorites. thanks!!!,5,1
for all the work this recipe takes; it is so not worth it! i had to dump it all back into a big skillet and add spaghetti sauce and spices to give it flavor so i didn't have to eat the bland original. definitely not worth it!,1,0
"i just tried these, and they were great !. i added toasted pecans to them !",5,1
"i prepare breakfast for 12-16 methodist fellows once a month, and this particular recipe is their favorite. it contains all the ingredients in one place!!",5,1
"i haven't made this exact recipe but i'm still giving it a thumbs up......i got this recipe from a friend and it wasn't exactly the same ---no caramelized onions or horseradish or w'shire sauce, maybe she didn't like those things so left them out. i don't think you can mess up this recipe ! i used regular h'burger buns, mustard powder, no poppy seeds (didn't have any ) . i made them in a 9x13 pan. the men thought they were alittle sweet, but still devoured them ! my g'kids just loved them and keep asking me to make them again ! this recipe is really pretty forgiving and versatile, for me it's a keeper. now i want to try this version......oh also they freezer great.....",5,1
"would give this 10 stars if i could. have made this 2 times and both were gone asap. i to was wondering about the layers, but decided to go with it, sure glad i did. just followed directions. looked just like the photo. it's definitely a keeper . well worth all the calories.",5,1
great cookies! a tip: they are best after 2 or 3 days (you'll have to hide them though!),5,1
"fantastic !! i increased the bacon, served it baked potato soup style with the option of adding green onions, cheese and sour cream ...sooooo good !",5,1
this is absolutely delicious. only change i did was use half cottage cheese and half ricotta of the total 32 ounces of both.,5,1
i didn't have fresh tomatoes i substituted italian seasoned diced and ti was really good!,5,1
"easy and tastes great, i had cinnamon too to the filling",5,1
husband loved it,5,1
easy to make and just as tasty as the store bought candy.,5,1
"outstanding chowder! i made this for the first time, following the recipe exact; however, i did omit the cheddar cheese. i felt this was rich enough without it and still found this to be fabulous!",5,1
i get rave reviews every time i bring this dish to a picnic or dinner. kids and adults love it!,5,1
have made this several times and everyone loves it!,5,1
fantastic! would rate a six if i could! so unique to have a chili that doesn't have a 'red sauce' flavor. will be a regular!,5,1
"easy to put together, tastes like it took you forever. it was a great crowd pleaser.",5,1
this a winner! only change i made was to dice potatoes a little smaller at family's request.,5,1
i added some chopped cilantro to the meat mixture for added taste & i also used one can of chopped green chillis instead of green peppers. cover top layer with tinfoil because the top of mine browned & got crunchy but it was still good. thanks for recipe.,5,1
these were so good. i only used 3 cups of confectioners sugar but probably could have gotten away with 2 cups and i only used 1 tsp cinnamon in the frosting because i didn't want the cinnamon to over power it. i have frosting left over & may make another batch to give away.,5,1
this was a excellant dessert and a total hit with myself and family.,5,1
just came out of the oven and we have eaten half of the first loaf. it's delicious.,5,1
my boys loved this. i omitted the milk in the filling because there seemed to be plenty of liquid already.,5,1
"i have been making a version of this for years. to make the sauce stretch i add 1/4 to 1/2 cup of white wine. my choice is a good chardonnay!! love the bread crumbs on top, very glad i found your version!!",5,1
"this is a great recipe but it only made 36 cupcakes, not 48. if i made them again i would cut the frosting recipe in half...way too much left over!",5,1
"i was searching on line for a hot milk cake recipe a few days ago and came across this one! i was delighted with it! i decided to make it as a layer cake and put a seedless strawberry jam in the center, then after putting the top on i made a chocolate glaze to drizzle over it! we really did enjoy this! i also used whole milk instead of the 2%.",5,1
"this was a good recipe. different from one my mom made but better. i omitted the brown sugar because i thought it would be too sweet. i noticed some comments indicating that the water made meatballs too mushy. the water isn't supposed to be added to the meat mixture, but with the sauce- after the meatballs have been browned.",4,1
great recipe for bread! definitely nostalgic of when my mother used to bake it for us. this recipe is enough for two loaves :),5,1
just tried this the other night. unbelievably good. everyone loved it.,5,1
this is the best apple pie i have ever tasted in my life. i am making it again right now. the old guy at the apple barn told us to use baking apples- they sure do make a difference! i give this one six stars,5,1
"i took this to a potluck yesterday and received many compliments. i, too, added carrots ( 1 can, drained, cut up a little in the can before adding to soup) and finely diced onion and celery (cooked in broth until soft the night before while i was cutting up the chicken). i agree that maybe 4 cups of noodles would have been plenty. gave this 4 stars instead of 5 because all those noodles soaked up all the broth while it was on low in the crock pot during the party ,even with my adding lots of extra broth! it was so good, i will make it again but with less noodles and not for a long-standing-time event.",4,1
"made these this morning-awesome! best pancakes i think i've ever had. the recipe says it makes 10, but that must be 10 really small pancakes. i made the recipe and a half and got eight 6 to 8 inch pancakes. i did throw in a handful of walnuts also which added a nice texture to an already delicious pancake. also, i didn't have quick cooking oatmeal, just the regular, and the substitution was fine. highly recommend these pancakes, and thanks for sharing this recipe.",5,1
i have been making for years. i'm diabetic and this is one of my go to desserts when i want something light. super easy to make,5,1
"the only thing i've ever changed about this absolutely perfect, one-of-my-most-requested recipes is the addition of a little more chicken. amazing flavor and super easy!",5,1
"i have made this several times and it's a favorite hands down! i put all the filling in one large pan instead of 2 pie plates. made my own crust for a 2 crust pie and put it on top, no bottom crust. we don't like thyme much so subbed out the thyme and subbed in poultry seasoning. delicious!",5,1
this cake is beyone words! it is sooo delicouse and addicting ; ) this cake will definetly be made in our house again and again!!,5,1
"i made this recipe after reading all the great reviews. i was very disappointed in these bars all the butter and whipping cream overpowered the rhubarb. there is way too much crust for this recipe, half the amount would be much better. also, since these bars have to be stored in the fridge, the chilled crust ended up being hard. would not make these again. i'll save my rhubarb for recipes where the rhubarb can really shine.",2,0
"these are absolutely delicious. perfect for the flavor of gingersnaps without the crunch. i have made these several times and they are always delightful. the first time i made these i worried that the dough seemed too wet, but i learned to just be gentle when rolling and sugaring and they turn out beautifully. i find they always need more like 15 minutes to get to the proper doneness. these are a holiday favorite in my home!",5,1
very good and very tasty. i changed a little bit by replacing some of the crumbs with bran and added garlic.,4,1
"this was excellent! it was moist and did not taste like your typical crumbly gluten free breads. i made them into muffins, which cut the cooking time down to 20 minutes at 350 degrees. also, i didn't have any oil so substituted butter, and in order to cut down on the carbohydrate count used truvia instead of regular sugar. awesome recipe!!",5,1
just made this for dinner and it was fantastic. i made it in 30 minutes flat by cutting the chicken breasts thin and cooking the bacon in the microwave. served it over rice with a side of green beans and pillsbury biscuits...tasted great and looked good too.,5,1
"followed the recipe. resulting dough was too slimy and runny. added 1/2 cup more flour to thicken the dough. helped to shape them and get them on the baking sheet. cooked for 10 minutes on 350 as directed. when i took them out of the oven 70% of them had burned on the bottom. they also look nothing like the picture. at least the part of the cookies that were not burned taste good, i guess.",2,0
this did not take as long to make as i thought it would. i did do a few short cuts though. i didn't blend the tomatoes and it turned out just fine. i only simmered the chicken mixture 10 minutes and only left the dish in the oven for 10 minutes after uncovering. it still was delicious. ground beef or sausage could easily replace the chicken. i'm not a big fan of chicken in red sauces but most dishes of this kind use beef or sausage so the chicken was a nice change of pace. the chicken could even be shredded or cut very small so it's not as noticeable. this could easily be prepared ahead of time for a busy next day. prepare the chicken mixture and refrigerate since it's the step that takes the longest or prepare the entire dish and bake it the next day. we are a family of 5 and so there is only a few small servings left over. next time i may double it and bake it in a 9x13 pan instead of an 8x8.,4,1
loved it!,5,1
"i dont like corn and peas so i upped the other vegetables and added celery. i also sautéed my chicken with thyme and rosemary, as well as added a tsp of rosemary to the filling. pies came out amazing! i froze mine first and used them later, following the tips at the bottom.",5,1
"omg! just made this soup for the first time tonight and it is delicious!! super easy and fast too and given low fat milk, a little butter and cheese, pretty healthy. this will be a new staple!!",5,1
"this was a wonderful recipe! it's light, a bit flaky, and overall delicious. i made it for my dad. he loved it and keeps asking me to make it everyday . it's so easy to make!",5,1
i served this recipe at a dinner and i had many compliments and requests for the recipe. the recipe makes alot of salad and is great for potlucks,5,1
"delicious, i will definitely make it again",5,1
this is one of my husband's favorite meals and mine also because it is so easy to make! i leave out the cumin (because i do not care for the flavor) but otherwise i follow the recipe exactly. we eat this for lunch and dinner multiple days in a row because it is so good!!,5,1
i don't know why it has taken me so long to make this delicious entree!!!very good and a big hit here!,5,1
"yummy!!! i just made this for a christmas party. i did add some creamy pb to the main batter, after removing the cup that is mixed with the fudge. i also replaced some of the graham cracker crumbs for more oreo crumbs, just to make it a little more chocolatey. i had no problem with too much batter as one review stated and i used a 9"" springform. so delicious - one of my new favorites!!",5,1
i made exactly as directed! easy and a good recipe. my family of 4 enjoyed and my husband just took the leftovers to his card night so hopefully the guys will like it also. :-),4,1
"delicious! used a whole bar of cream cheese as others suggested, perfect that way! everyone raved over how moist it was....lots of recipe requests! will definitely be making again.",5,1
"i love horseradish but family doesn't. i mixed 1/4 c. horseradish sauce with 1/4 c. mayo. i think it needs horseradish. i put horseradish on the table and we, who loves it, added more. i don't prefer the sweet hawaiian rolls but i did use them as they are the rage and seems everyone loves them.",4,1
"my husband loves my meatloaf. but i'm always on the lookout for new recipes and ways to make it. mine rarely turns out the same two times in a row. but he always loves it.seeing that this had 5 stars, i decided to try it. i made it exactly as the recipe was written. yes, it was moist, but it was the most bland, tasteless meatloaf i have ever made. totally a waste of good ground beef. sorry, but i won't be making this recipe ever again!",1,0
love this recipe. added some light sour cream and jalapenos for garnish.,5,1
"it was okay, but to sweet for my taste.",2,0
"these were delicious! the batter was very thick and only made 8 - 1/3 cup pancakes for me. my daughter, who normal doesn't like pancakes, ate these all up!!",5,1
this was crazy easy to make!! i found though that it filled three regular pie shells. probably two deep dish ones. reheats beautifully and the seasoning is perfect!!,5,1
everyone loved this and i've had requests to make it again.,5,1
"this was excellent! the loaves were so tender and the cheese, oats and glaze gave them incredible flavor. this may just be my new go-to meat loaf recipe. if you don't want to make individual loaves, you can probably make one large loaf and adjust the cooking time. i will definitely make these little loaves again and again!volunteer field editor",5,1
"i remembered making a similar recipe years ago that was delicious, but this wasn't it! the gelatin layer wouldn't set, it was just too watery. probably because of the syrup on the frozen, sweetened strawberries. the pretzel crust was not crunchy and was total mush on day 2. i was careful not to make any deviation from the recipe, and even made it a second time, which did not turn out any better. i made this to take to a ladies tea at church, and was quite disappointed.",2,0
made as directed. this is amazing!!!! everyone love it.,5,1
best chocolate cake ever! made it for easter and got rave reviews from some very picky people. made my caramel frosting instead of the chocolate. couldn't be happier with the outcome. thanks taste of home!,5,1
i got this recipe from taste of home years ago and everyone loves it there are never any leftovers. we like it with tortilla chips instead of crackers or bread. have shared it with church because everyone wants this recipe.,5,1
"the pancakes were fluffy, but the after taste of the baking powder was awful. it ruined the pancakes.",1,0
a very nice recipe for mac & cheese. it was a little milder than l really like. i added 4 slices of chopped bacon and some symbol. i'm sure the leftovers will be wonderful.,4,1
"i was super excited to make big fluffy ginger cookies. i bought new ingredients. sorry to say these cookies turned out flat, just like the crunchier ones i've made. they were softer, but the flavor lacked the prominate ginger taste. i'll go back to my old recipe next time, as they had a better flavor. sandy in spokane wa",1,0
"this is exactly what it is supposed to taste like. i've tried several recipes, but i'm done looking. this is the one.",5,1
so delicious. made exactly as recipe states. it was amazing. the whole family loved it!,5,1
"i was really looking forward to this chili but was sadly disappointed. i used ground turkey because that's what i had on hand, but the flavor just wasn't what i was expecting at all. i ""might"" try it again and leave out the oregano. that just doesn't say ""chili"" to me. based on all the good reviews i really thought i would love it, but didn't.",2,0
this is one awesome soup !!!!,5,1
really good and i did double the sauce as suggested. was perfect for me.,5,1
so moist and delicious! the kids and i loved it! did not add the walnuts or raisins. had to foil the edges so they wouldn't burn while the middle was still cooking.,5,1
you might add a little cinnamon to this and while it was baking i read a review which told me to lower the temp to 350 and did this after 7 minutes of 375. they came out like out of the bakery and i am not a good baker (but am a good cook). also spingle a little caster sugar on top before baking and you get a sparkly top. i also used only on over ripe banana.,5,1
"these are awesome! the beef filling is my favorite, but the sauce is very yummy too. i happen to have fresh garlic from our farmer's market, and this recipe really lets it shine. my daughter can't wait for them to come out of the oven after sampling the filling!",5,1
i was disappointed. easy to make but very bland even with hot sauce. i added bacon and still no flavor. .,2,0
"excellent ad easy! i sprinkled some sugar on top and it was excellent with our morning coffee. i said was, it was gone fast. i will be making this regularly.",5,1
"just made this for a church event. i have already been contacted by 3 people for the recipe. double the recipe, it is that good! i made as directed except i started by beating the egg whites a bit then added all the other ingredients one at a time, ending with the coconut. i used almond extract instead. i used two teaspoons to drop and form the small mounds on parchment paper instead of greasing the pans. at 20 minutes they were perfect! thanks for a recipe i am proud to share.",5,1
we love this recipe. amazing!,5,1
this recipe was great. i reduced sugar to 1 cup and it was plenty sweet enough.,5,1
"i love strawberries. this cake was moist and tasty. i put chocolate dipped strawberries all over it. it was beautiful. so the icing wasn't runny, i did make sure my butter was just softened not melted. i crushed the strawberries and drained all the juice i could off of them. i used 5 cups of powdered sugar. it was thin but not running. i think next time i will add softened cream cheese for a little more stability. i baked the cake about 35 minutes. it was moist and perfect.",5,1
"we found this to be bland and rather dry, especially with next day leftovers. it's a time consuming recipe, but it's just okay tasting and not worth the effort as is. i added 5 garlic cloves and some salt and pepper to the hamburger while cooking it, but that extra seasoning didn't go far enough to make this have real flavor. if you like plain food, then you'd like this. but if i were to make it again, i would use spaghetti sauce rather than diced tomatoes for sure. the casserole doesn't really have any sauce to it, and the shredded cheese disappears when you bake the casserole, leaving you with 2 layers of dry spaghetti noodles with some bits of diced tomato. there are other spaghetti casserole recipes i would try here before this one. it's really not that good.",2,0
"absolutely the best lasagne i have ever eaten. hands down, will never make another recipe....truly fantastic!",5,1
i did it it was great,5,1
"i made this; added fresh spinach, green pepper, and mushrooms. used a swiss/gruyere cheese combo, and some cheddar. it still was very bland, and i think that was due to the potatoes, which really need to be cooked first in order to have any flavor. otherwise, the potatoes just overpower everything else in it.",2,0
great recipe. didn't change a thing. recipe claims it serves 10 but my family of 4 made the whole thing disappear. will make again.,5,1
this is so delicious and so easy. definitely will make every week! thank you for making my life better with this easy and fun to make recipe!! it’s totally awesome! will never buy fajita seasoning again!,5,1
i made this once and everyone thought there was too much sour cream. next time i will use less sour cream and add some italian spices and garlic to the potatoes. this will add some flavor as it was a bit on the bland side.,4,1
"loved the consistency of the cake and the frosting was very easy to work.the cake is not as sweet as a typical cake due to the brown sugar, but rather, has a very rich, complex flavor and is wonderfully dense. if you have to bring a showstopper dessert to impress your friends, fire up the oven.",4,1
"this is the best chicken pot pie i have ever eaten! i don't usually write reviews, but i had to join toh just to let everyone know that this recipe is amazing. i followed the recipe exactly as written and everything is just delicious; i wouldn't change a thing. the seasonings are just right, and it has become a staple in my house. my picky eaters love this, and my husband said that this is his favorite meal! thank you for sharing such a delicious recipe!",5,1
"so easy, very healthy & extremely tasty!! definitely a winner with my family!!",5,1
too much icing left over. could i use the already made cream cheese frosting in the tub?,4,1
"<p>this recipe was not terrible, however i do not care to make it again. the family did not care for the recipe either.</p>",2,0
"i never review recipes, although toh has so many! this cake is awesome!! agree with recent reviewer: use a large saucepan as you add a lot of ingredients to it. will make this every st. patrick's day!",5,1
my sister and brother-in-law rated this recipe yum! yum!,5,1
"loved this one. except i left out the refried beans and mexican style tomatoes. instead i used fire roasted tomatoes, shredded lettuce, and added in salsa. top with sour cream. this one is to die for. i plan to make this again next week!",5,1
"i am a baker by trade, but when i'm home i like to use this very simple recipe. i do use an egg wash and i reccomend a very light sprinkling of flakey salt. it is delicious and beautiful.",4,1
simply delicious!!! have made this several times and it's always a huge hit! i always add extra meat - sausage and canadian bacon. i never have leftovers!,5,1
"ive made this numerous times with 4% cottage cheese and even 2% and it still tasted both great! my father in law and husband who are not fans of cottage cheese loved it and wouldn't have even known there was cottage cheese in there. i have also used part skim cheese and it didn't make a significant difference just to make recipe lighter. i had a bag of potatoes to use up one time and chopped them into chunks and boiled them, drained, and used the recipe as is and they were delicious if you are looking to not use the frozen bag ones.both ways are phenomenal but the skim substitutes makes per serving a bit lighter for those who are not looking for those who are watching their waist line =) excellent recipe and is a go to when i have a huge brunch and family visiting in town!",5,1
"i'm not a big fan of meatloaf, but this was very good. made it exact, but will cut back on the milk next time. great comfort meal, thanks michelle",5,1
"not a fan. 1 cup of flour created a stiff gloopy glue. surely this must be an error? i ended up adding some extra milk, cream, chicken stock just trying to make it a little more smooth. it is extremely bland as well. i added some garlic but would suggest adding some of that old bay others have suggested. i seriously can’t understand how this is award winning or how some people ended up with it being runny. after adjusting the consistency of the “sauce” i was able to create a lasagna. i added a little mozzarella to the top. my youngest son thought it was good but not great. probably best for those who prefer a bit of a bland palate.",1,0
i added rotel to the meat to add a little heat. yummy!,5,1
"i have made this dish to pass at church carry-ins and most recently to my in-laws for thanksgiving dinner!!! everyone who has tried this has loved it!! it is easy to make and the thick, creaminess can't be beat! i almost always have the ingredients for this on hand. this is hands down my family's favorite homemade mac n cheese!",5,1
add some dates for pallet pleasure!,5,1
awesome ??i wasn't expecting this to taste sooo good. great texture not to sweet for my taste. i also added cream over the pudding that gave it that extravavoom. i am in atlanta and i used the fresh ga peaches ?? i bought from the grocery. i used a deep casserole dish and had no spills in the oven just perfect... my new go to peach pudding!!!!!!,5,1
"i have a question...can you make this with any flavor gelatin and fruit? i was thinking about peach/peach or orange with mandarin oranges, or lime/pineapple. thoughts??",5,1
delicious! next time i might try using sausage instead of bacon and adding green chilies... or maybe not as it was good just the way it was. definitely a winner!,5,1
i make this at least once a week in our home. my husband brought this to his christmas potluck and atleast 6 people asked for the recipe - i wasn't embarrassed to scan my splattered recipe which i usually double - for lunch taking during the week.,5,1
"this gave me a very good starting recipe to work with for cheeseburger soup. because i am feeding 5 adults, i used a full pound of ground beef and 14 oz of velveeta and 5 pounds of potatoes. i am not a fan of the carrots and celery in this soup so i left them out and added garlic powder, a little cayenne powder. i also used 1 cup of heavy cream and 1 cup of whole milk to have a little more richness in the soup.i will make this soup many more times. thank you so much for the recipe.",4,1
"this is my second rating of this recipe. this time, i left out the sausage and only used hamburger meat. i loved it this way and got many great comments too. i would have increased my star rating from 3 to 5 but website won't let me change my rating",5,1
"these are well worth trying. you won't regret it. i used one cup of all-purpose flour, because i didn't have any wheat. they were simply delicious.",5,1
no low fat alternative choices if you want real fluffy dumplings like your (my) mom made. she made large ones,5,1
family really liked this. we didn't even need the rice!,5,1
i have made this over and over now. it's one of my family's favorites! my daughter now keeps the beginnings of it in her freezer so she can throw it together quickly when she gets home from work.,5,1
i've tried numerous corn pudding recipes in the past. this was simple and sweet. family loved it.,5,1
"more like a flat sheet cake. should have made cupcakes with frosting instead.... not bar like at all. i did know better to add some spices, otherwise it would have been a bland even though i added 4 large bananas. i also used 1/4 cup brown sugar in hopes it would add more depth... no chance... back to the family cookbook for me.",2,0
the flavor combination wasn't our favorite.,2,0
this chicken is a hit with my family and for anyone i prepare it for. it is so very good.,5,1
i thought it was amazing and full of flavor. probably my favorite chowder recipe to make.,5,1
"this was the first time i have tried homemade bread and i will never try a different recipe. it made 2 very large loaves and i can't stop eating them! i only have 1 loaf pan so i decided to just forgo them and put both of my loaves on a non-stick air bake cookie sheet. they came out beautifully. i went about 32 minutes until the internal temp was between 180 and 190. immediately after they came out, i brushed the tops with olive oil. it really softened it up, but still has just enough of that homemade crunch. i'm excited to try variations including whole garlic cloves, apple and cinnamon, chocolate pudding mix and chocolate chips and herbs and cheese. we may never buy store bought bread again!!",5,1
this was gross!! too much flour...yuck!!!,1,0
"i've been making this since it very first appeared in taste of home back in 1999. i've memorized the recipe. all my children (9) have grown up on this and it has become a main staple in our home over the years. i love it because it comes from scratch and doesn't use a canned enchilada sauce. everything is absolutely the freshest it can be. whoever made up the recipe, thank you so much.",5,1
fantastic... and gets better each time you reheat it!,5,1
"i just made this. as a matter of fact, i have my empty bowl sitting in front of me. still more on the stove. well, anyway, i made the mashed potatoes from instant. i could have easily doubled the amount called for in the recipe. probably not if you use real potatoes. i used canned veggies to skip the thawing. any way you make this dish it will turn out great! gotta go, seconds are calling my name...",5,1
"sitting here munching on one, these are fantastic, so glad i didn't use the recipe with the condensed milk, these are perfect, not too sweet.",5,1
"i, like senzascusa, also rated these before but the review also disappeared. although, i found them time consuming, it was worth it. these are delicious & i would make them again.",5,1
is there anything i need to do differently for high altitude? these were awesome to start but didn’t know if i need to alter the recipe for living in denver colorado?,5,1
this soup was easy and delicious. have to double or triple since my husband couldn't get enough!,5,1
"excellent, hearty, and easy to make. i added a ""dash"" of red peppers as directed and it was enough that i will be a bit lighter on my dash next time, it doesn't take much to flavor the soup. obviously, that is a matter of taste. definitely one i will make again.",5,1
this is our favorite new grilling recipe! i cut the recipe in half and use chicken breasts instead...just the right amount for my family.,5,1
i do not recall ever seeing beans used in tacos or lasagna,1,0
"have tried these now with several substitutes for the shortening - oil, canned pumpkin, sweet potato, applesauce & cinnamon, baby food fruit purees and all work great! very versatile! also buttermilk makes them even fluffier. these are our go to pancakes and loved by my toddler!",5,1
very good flavor and super easy to make. great for those days you just want to have super ready when you get home from work.,4,1
a big hit - delicious!,5,1
my sis made these. i would have never made a zuchinni cupcake but i sure am glad she did. now one of my favorites. the combination of flavors is perfect; the frosting is delicious!,5,1
"excellent recipe! easy and quick. a keeper! next time i may add some frozen corn. joyce moynihan, volunteer field editor",5,1
"does taste of home not publish negative reviews? this cake was a disaster for me today. i used 9-inch pans and the cake came out over the top and spilled into the oven. i followed the recipe to the letter, but i think it should have been baked at 350 degrees rather than 325 and perhaps part of the batter should have been used for cupcakes as described if one used the 8-inch pans! too much batter for 9-inch pans.",1,0
"delicious! i mis-read the recipe and did not reserve marinade for basting and it worked out just fine. i also mixed boneless thighs and boneless chicken breasts (i cut these in half so that the sizes were similar) so that guests could have a choice. taste was very good; i tried this out on guests and they gave it a thumbs up. it met all of the criteria i have for a winner of a recipe: it was easy, used ingredients that most people would have on hand, could be assembled ahead of time, had a short cook time and, most of all, tasted great!!",5,1
"this recipe is amazing. my family can't eat any other pie after making this. i can typically get three pies out of this recipe, but only because we like a little less filling. this is by far my most requested recipe!!",5,1
this soup is very delicious and very low fat and low calorie.,5,1
"this is a great weeknight dinner that is quick easy when you keep everything on hand to make it. freezes great, too!",5,1
this is my husband's favorite! it is a regular in our home.,5,1
excellent meat loaf made 8 mini loafs with this recipe added a 1/2 pound of sweet italian sausage to it will make this again,5,1
"i've tried lots of recipes, this was the first that came close to the one my mother always made . i used crunchy peanut butter and added some vanilla and a pinch of salt. i greased the foil with spray and added the butter to the milk and sugar mixture. so glad this recipe doesn't need a candy thermometer. prep your ingredients first so you can mix quickly.",5,1
my guys loved this recipe! ask for it on a regular basis now!,5,1
i would give this minus stars if i could. followed the directions exactly. the crust was mushy and the layers were just way way too sweet. no one at the table liked it at all. the only one who cared for it was the trash can which is where it ended up. what a waste.,1,0
bland...i think jimmy dean original sausage would have been better. probably won't cook again.,1,0
i love this recipe! i just tweak it a little bit by adding some chopped onion and some fresh minced garlic!! thanks taste of home!!,5,1
"will not be making this again. coming from new england, this is definitely not new england clam chowder.",2,0
"these were absolutely delicious. i didn't make the homemade frosting (used a canned cream cheese frosting) but the bars were perfect! my whole family loved them and my son in law said ""these are the best things i've ever eaten"" !!! raves all around",5,1
did you know that you do not have to cook the lasagna noodles ! they turn out just fine....,4,1
"i made this and shared it with my neighbors, they didn't even know it was gluten free. i told them and they couldn't believe it. it is very moist and i gave it the three day test, it's still good and moist. plus the best part, i didn't change a thing from the recipe above.",5,1
"fantastic! made this for thanksgiving dinner this year, after family agreed they wanted an apple pie. the filling set up perfect, so cut like a dream. i loved the spice and sugar levels, was just perfect. will be adding to my go-to list of desserts. :)",5,1
@donalee; not that many calories if you exercise a bit during the week. you should wait till sunday to do your preaching. this is our go to meat loaf recipe except if we use saltines we eliminate the salt. most of the time we use italian bread crumbs.,5,1
"a crowd pleaser! moist and delicious. i'm a sucker for pumpkin spice, so i added 1/2 tsp ground ginger, 1/4 tsp ground clove. great with or without nuts. but i couldn't resist folding in 1 cup toasted pecans.",5,1
i’m a 14 year old baker and i’ve always wanted to make an apple pie but i always thought it was too hard. i found this recipe and i was astonished by how easy it seemed. this pie came out so well when i made it. my whole family loved it so i already made it twice in the last week! this apple pie recipe is so good and very simple to make. i will definitely continue to make this pie for the rest of my life!,5,1
yum! i doubled the batch and added 3/4 cup milk and 3/4 cup buttermilk. needed to add a little more milk to thin the batter. turned out light and fluffy.,5,1
"last christmas starting december first, my family and i decided that we wanted to make a different kind of cookie every day for the whole month of december. well, we needed cookie recipes so i decided to look on tasteofhome, and stumbled upon this recipe. we absolutely love these cookies, they are amazing, the molasses and ginger blend very well together and just like the title, they are big and soft! we make these all the time, my brother had some friends over and said that they wanted cookies so i decided to make these for them, and they ate the whole batch! one his friends said that they were the best cookies he ever tried. would definitely recommend making these cookies for any occasion. happy baking!",5,1
restaurant quality!,5,1
"i am eating this right now and it is so yummy. the perfect soup for a snowy day. i halved the recipe, but i like my soup with more broth so i used six cups water and six tsps bouillon. mmmmm!",5,1
i made this desert along time ago and i had forgotten how exactly to make it. so glad you posted this now i can start making it again,5,1
this cake was fantastic and so moist. i could eat the frosting alone. it was so good!,5,1
delish!,5,1
"delicious! i love the flavor the seasoned salt, dry mustard, and celery salt give it. i've used normal coleslaw mix and broccoli slaw. i've also halved the sugar. it's all been good. the only reason i give 4 stars is because it needs a splash of vinegar (i use apple cider vinegar). it also is too much dressing. i either double the slaw mix or halve the dressing. that being said, this is the only coleslaw recipe i make! no need for any other.",4,1
this has become one of our family favorites. i use corn tortillas in place of the flour and pinto beans instead of black since my kids aren't big fans of the black. it's wonderful!,5,1
this was excellent!!! the difference is using the bacon drippings to saute the celery and onion.,5,1
my family absolutely loves this soup! perfect for cold winter days. it's very hearty and filling.,5,1
"as a pie lover, it is difficult for a pie to really impress me. this recipe not only impressed me, it changed me. i added a little cinnamon and nutmeg to the glaze as other reviewers suggested. other than that, everything was perfect. the glaze was just the right amount to perfectly coat the apples with no excess remaining.",5,1
made this last night. the best au-gratin potatoes i have had. follow the recipe as written but omitted the onions.,5,1
easy to make and so good! the first pie to disappear at thanksgiving this year. everyone loved it!,5,1
can i possibly give this more than 5 stars????? even my super picky 9 year old devoured it! thank you seems incredibly inadequate,5,1
i am an experienced baker and this cake was less than disappointing. the middle was completely raw and sank to the middle so mch so it looked like a giant crater. had to throw outand start over! i cooked it for so long that the edges were getting burnt dont bake this cake,1,0
(stars still aren't working right. all are 'black')i'd give it a one star although hubby said he liked it. won't make it again. was dry. prefer my shrimp stir-fried or coconut covered.,2,0
"absolutely delicious!! i sprinkled a little powdered sugar on top, and it is perfect!!",5,1
this is the slaw recipe i've been looking for...fantastic!,5,1
there are much better white bread recipes out there. recipes that use milk rather than water make a much better bread that is easier to slice and use for sandwiches. disappointing.,1,0
"this cake was good, not too sweet, just sweet enough! would make it again.",5,1
"this is the best lasagna ever. i don't use pork sausage, i just add a few fennel seeds to my sauce to give a little sausage flavor.",5,1
this has become my family's go-to recipe for banana bread! we all love the tremendous flavor!,5,1
"i used spice grinders for an explosion of fall flavor. what a moist, delicious cake! like a candied apple but easier to eat. i like the nutmeg myself but did add extra vanilla.",5,1
excellent flavor and texture. nice spices. simple ingredients. it becomes more creamy as you stir it. the potato cubes become mashed.,5,1
why do people rate something one star be ause they don't like the ingredients?,5,1
"made this last night so we can come home to it for dinner today. it's very yummy and tasty, however, it came out pretty thick. a little thicker than we wanted. what do you gals suggest i add to it to cut the thickness? water or milk?",5,1
"i used 2 cans of cream of chicken soup plus a large can of broth. i also cut up a couple of small red potatoes (sometimes i used diced hash browns) plus chopped onions. my final addition is once i add the dumplings, i gently stir in a handful of frozen peas. my family requests this recipe often during the winter months.",4,1
"had to try this after seeing them in the magazine and floating around the net. my family was very hesitant to try it because of the mustard in the glaze. i've made it 3 times now, everywhere i go they are gone very quickly. i have been making them by using a 24 ct pack of rolls. i slice the top off, put the bottom half in the 9x13, layer on the toppings and put the top back on. we don't use the horseradish or butter or anything inside of the sandwiches. i use a large knife to cut through everything after they are done cooking. we use 1/4 tsp. onion powder because we don't like onions. i've let it sit over night and i've made them an hour after making them. they are best when left to sit over night but still good if made sooner than that as well. i haven't had so many people ask for my recipe in a long time, they are so unique and so good, yum!",5,1
possibly if this soup was renamed as a bean soup it would be more fitting. this soup in no way is a white chili soup. very dissapointing.....,1,0
i've made this a quite a few times and my family loves it! i sometimes throw on an extra layer which is nice and is something you can't do in a baking pan.,5,1
loved this! this will be my go-to fajita recipe from now on!,5,1
li'l cheddar meat loaves skip the sickeningly sweet topping. the mini loaf idea was very good but will use my own meatloaf recipe which has alot more flavor.,1,0
"too sweet with the brown sugar - omit that and cut back on the fat, please.",2,0
"made as directed, but extremely bland. i should have trusted my instincts and added some frozen green peas and a little shredded cheese, among other things. not nearly enough salt for anyone's taste. this one is a loser.",1,0
"been using this recipe for over five years. best ever! started out following recipe then changed!! have put in chocolate chips ,left out nuts, when did use nuts it was mostly pecans, and just lightly put sugar on bottom and sides. not too many changes because it is great as is. i just made another copy of recipe.",5,1
"very good. i did make a couple changes though. i was worried about the brown sugar since i don't like meat to have any sweetness to it so i gradually added white sugar and decided 1 t. was enough. i also added a t. of garlic powder. as for the rice, i added a cup of uncooked instant rice toward the end of cooking time and it was still plenty ""soupy"". oh, and i also added a small chopped onion when i browned the burger.",4,1
made this for bookclub and it was delicious. took the rest to work the next day and it was a hit!,5,1
really good! easy! that's if you have guinness handy!!!,4,1
i would love to get the ingredients for 50 people or more.,5,1
the texture and taste came out perfect. i only had unsweetened coconut so i added just a tad more sugar and also added chocolate chips. my family inhaled them and asked me to make them again. so easy!,5,1
"i use 3 cans of beans, and 3 cans of green chili's for thicker chili. i cant even count how many times ive cooked this. it never gets old.",5,1
"easy to make, but too sweet for our taste. i'm going to try making it again using less sugar.",4,1
the crumb topping is good but the sugar part with the apples is way to sweet.,1,0
"i am gluten free for almost 30 years---3 out of my 17 grandchildren are also gluten free. we all love this recipe--i make it for them often. the problem is everyone loves it, so the gluten free people have to hide it or they end up with crumbs. thanks!",5,1
"my whole family loved this recipe. when i took it to work to share, everyone wanted the recipe.",5,1
love love love,5,1
"so, so yummy!! used left-over turkey and colby-jack cheese. didn't have any seeds but it was still a delicious meal! definitely a ""keeper.""",5,1
"my family loves these meatballs. we have them once a month, at least!",5,1
recipe ingredient list does not include amount of chicken. how many breasts?,2,0
not sure quite traditional but excellent! we'll be making this frequently!,5,1
"this bread is wonderful. i wanted to try it out so i only made 1/2 recipe. just a note, the full recipe calls for 2 cups of sugar. i halved the recipe and used about 1/2 cup of sugar. it is plenty sweet. next time i will make two loaves. thanks for the great recipe.",5,1
i was just wondering if these can be frozen?,4,1
"the “frosting was awful“, way to sweet; in fact my husband and i had to “eat around it”. i will keep the cake recipe, it’s “very moist”, the frostings got to go.tamara carrpinole ca",1,0
"i've been making this recipe for years (11 ?) and it's one of my go to recipes. the meatloaf is moist and very flavorful! love, love, love it. and my husband, who grew up having meatloaf, loves it too!",5,1
"great bread, easy recipe, and it rose really well with a crusty outside and fluffy inside. i made a loaf and some buns for burgers with the dough and they were perfect. i read a couple reviews about the flour total being wrong, the recipe does ask for 6 -63/4 cups in total and i added that much and it was fine. it asks for three cups first and then additional flour after as much as needed. followed the recipe as is and it turned out as i would have hoped. i will make this again and pass it on.",5,1
"also, since these are so flavorful on their own, i used sliced bananas as the only topping. yummy! hubby liked his with greek yogurt.",5,1
"easy, fast and delicious. i made it for the first time last week and my husband has already asked me to make it again...within a few days....",5,1
"i made this dessert on memorial day and for a family dinner yesterday. it was thoroughly enjoyed both times! the recipe is easy to put together and comes in handy on hot summer days - no baking required! the first time i made it, i didn't put the whipped topping in the peanut butter and cream cheese layer and it still turned out great. i suggest using a dish larger than 9"" square and adding more crushed cookies for the crust.",5,1
"i have made this cake several times, and it is definitely one of my favorites. it has been a big hit at family gatherings. i use white cake rather than yellow and omit the cherries.",5,1
"i added a tablespoon of cinnamon and a teaspoon of cloves to the rhubarb. next time, i'll add even more. very good.",4,1
for as quick as it was to prepare it was gone even faster! a favorite in our house,5,1
"have been making this for years we love it. i've even used leftover spam,onion,green pepper and cheese which we use for a grilled sandwhich.",5,1
very good recipe!! very easy to make and tasted wonderful! i also added some caramel syrup to it :) yummmmm,5,1
this is great! loved how the pork came out and the potatoes cooked perfectly with a gravy sauce.,5,1
everyone raved about this soup at deer camp - men and women! very satisfying!,5,1
"i made the recipe as given, but substituted toasted pecans for the walnuts, and baked in paper lined muffin pans. this recipe made 18 regular size muffins. these were very moist and delicious! i will definitely make these again!",5,1
we have tried this with bacon and sausage and enjoyed both.,5,1
"i used ground turkey, added some chopped carrots and minced fresh parsley, and cut back a little on the brown sugar in the sauce. this recipe is super yummy!",5,1
this was totally gross - all i could taste was salt and i love salt! will go back to my original receipe - wanted to try something new and wish i hadn't,1,0
my family loved these bars! i wish i would have halved the recipe and cooked in a 9x9 or 8x8 pan. these bars are very rich!,5,1
my family has brought this to picnics for years but this was the first time i tried making it. i kept finding my husband sneaking some of it at night—that’s how i knew how good it really was! make sure you make time cooling between layers—it does help! but can be tedious. way worth it!!,5,1
"very tasty! however (and before any of you point it out, yes i saw the name of the recipe lol) i will say i will put in less garlic next time so that the other flavors can shine as well! loved it and loved not using a canned sauce! deff in our dinner rotations! :)",4,1
i have made this 6 or 8 times and every time it has turned out fabulous. not sure why some people have had such bad luck making it. it is the best cake i have ever made!,5,1
will add more ground beef next time.,5,1
great flavor. i fell in love with capers because of this recipe.,5,1
"i didn't have cream of mushroom soup on hand, so i used cream of chicken. either would be delicious i'm sure.",5,1
"this is a delicious pot pie recipe, my husband absolutely adored it. i frequently halve the recipe to feed just my family but when there is a new mom or a friend under the weather this is the perfect meal to take to them and still have dinner for your family as well. you can never go wrong with classic comfort food.",5,1
great recipe. i like my mac and cheese creamy like this. i added some panko to to the top for a little crunch.,5,1
i made these today. they were easy to make and the recipe was easy to follow. i am taking them to a party and i'm sure everyone will love them. i'm sure i will be making them year round. (we love pumpkin),5,1
incredible!! very easy to make and taste amazing. we be making this recipe again real soon.,5,1
my husband and i loves these cookies. this time i'll try beating the egg whites to soft peak. thanks for sharing.,5,1
"very good recipe, added rosemary and a bay leaf for more flavor. i also added a 1/4 cup low fat shredded cheddar cheese to biscuit mix. yum!family loved this and will definitely make again!",5,1
"to much flour, not enough cornmeal.",2,0
"for the frosting i would suggest whipping the cream first, doing so until stiff peaks appear. remove to a chilled bowl and set in the fridge. proceed with cream cheese and confectioner's sugar, then fold in chilled whipped cream. for flavor, add a touch of bailey's. i also wonder how this would work if you omitted the cream cheese and confectioner's sugar and just whipped the heavy ceam, then added the bailey's. might be interesting!",5,1
i have been making this recipe for a few years now...it's a favorite of the whole family. the only thing i do different is adding alot more fresh lemon juice. it really is great try it!,5,1
"amazingly fast, and amazingly delicious! loved-loved this soup!",5,1
this is hands down the best banana bread i have ever eaten or made. it is my new go-to recipe (since last year). i get many and often requests at church to bring it to any get-together and to make it for bakesales. amazing!,5,1
this is a simple and good tasting chili!,5,1
"good but real sweet cut into small sections. a little goes a long way!s came back to give more stars. it grew on me and i was sad it was gone, i'm making more. i did not like that it was sticky did not come out like a hard bar but was tasty",4,1
this is now my go-to banana muffin recipe. i sometimes add 1c of blueberries or 1c diced strawberries. i always add about 1/2c chopped walnuts or pecans. i make 18 instead of 12 muffins because of the additions and i found the original recipe to be just too much for only 12 muffins. everybody loves these muffins. yeeeaaa!!!,5,1
"this was the best b'fast casserole we have had, very good! i added pepper and also some hot sauce to it, awesome! :d",5,1
"like others, i used 1 t lemon juice and 1t. lime juice. just wondeting what people used for the seasoning salt",5,1
the best chocolate cake i have ever had!!!! it was absolutely amazing!! i made this for my moms birthday cake and everyone loved it!! i wouldn't change anything about it! thank you for such an amazing recipe!!!,5,1
not sure what everyone is raving about. my family didn't like this at all.. way to sweet and the instant pudding is just weird.,1,0
"have not made this, would like to know what recipe to follow? did any one make it by the original recipe???? and how many star did it get???????",1,0
"this dreamy, extremely rich chocolate dake is the bomb! tasted like it was made by a professional cake baker, provided 12 good-sized tasty slices. very rich, extremely smooth frosting. the brown sugar cake baked precisely and was a good foil for the extremely rich icing. i made this cake exactly as instructed. is the best chocolate cake i have ever tasted.",5,1
"it doesn't look anything like the picture, but it's excellent!!",5,1
"delicious muffins! this is one of the easiest banana muffin recipes i've ever tried, and it was the one with the best results. i've made my fair share of banana muffins over the years, and i think this recipe made the best muffins yet. i kept the recipe completely as written, but i did add about a half cup of chopped walnuts to the batter. i love that it called for vegetable oil instead of crisco, made it even faster to complete the recipe. i would definitely recommend this recipe. :)",5,1
"this recipe was given to me by my neighbor. i thought i would make it today and it turned out horrible. omg, it was terrible. the bread did not rise at all. i'm not sure why this happened ? i'm not sure why everyone has given this bread recipe five stars? if i could i would give it zero. i have made bread before and it always turned out great. i followed the directions to the tee. i am thinking i should have used bread flour instead of all-purpose flour. i am very disappointed i'm planning on throwing this recipe in the garbage. i plan on making bread from the youtube channel (jenny can cook.) now, jenny can make delicious bread and it turns out good every time.",1,0
"this was a hit with everyone in my family, including the kids!. we used the leftover topping and made regular bruschetta on french bread the next night.",5,1
"i changed up the seasoning a little based on what i had in the pantry. i used 1 packet of mushroom gravy mix, 1 pack of ranch seasoning, and 1 packet of lipton's onion mushroom soup mix. i also added potatoes, carrots, celery, and onion on top of the roast. it was fantastic!!! i will definitely be making it again. it was so easy and it tastes delicious.",5,1
"this is a family favorite! i use canned chicken, reduce the broth and add a can of corn. perfect with hot cornbread!",5,1
everyone could not stop talking about how amazing this was!,5,1
"this ""classic comeback"" was republished in the sept/oct 2017 issue, where i saw it for the first time. i just happened to have made stuffed green peppers the day before, had two leftover, so i combined this recipe with my leftovers, and it was terrific. now, i may just make the soup and skip the stuffed green pepper altogether. wonderful.",4,1
i'm still waiting for my cake to finish baking! it's all giggly in the middle and i need it in an hour and a half for my moms birthday. i may be throwing it out and buying one. what went wrong?,1,0
i'm new to bread making. i've tried two other breads before this one and this one is my favorite. my family enjoys this bread and it's very easy to make. i did not use a bread pan and my loaves baked nicely. it does not state whether to preheat the oven or not. i preheated it. i will not buy store bought bread again unless i am in a pinch. great recipe!,5,1
"a very nice chocolate cake. the beer doesn't loom large in the overall flavor. i used 1 cup sour cream instead of 2/3 cup, which may have made it a bit more moist.",5,1
soft and chewy ! our office staff loved them!,5,1
"i used bone-in, skin-on leg quarters and marinated them all day. family loved this recipe. seventeen-year-old son said, ""you can make this one again for sure!""",5,1
"wow.. this was a hit during the latest deep freeze in the northeast. i followed suggestions here and added an onion & minced garlic to the beef. used beef stock, marinara sauce, better than boullion beef base & diced tomatoes with jalapenos, plus an additional cup of peppers. brown rice into the bowl when serving, because its what i had on hand. a nice sprinkle of parmesan cheese is a must...it isn't stuffed peppers without the cheese. my family & neighbors enjoyed this so much..i may never make traditional stuffed peppers again. thank you hosses for the keeper recipe.haha..well look at that, making it again after a storm almost three years exactly to the date. yummo. house smells crazy good.",5,1
this has to be the worst recipe ever! what a waste of good food in a poorly contrived meal. is there a way to get my money back for all the fresh shrimp i wasted? going back to the real recipes of the south!,1,0
a really nice uncomplicated recipe. i par boiled my potato’s . layered them with a little cheese and sauce in between each layer. used just 2 russet potatoes and i got 3 layers. also added a little minced garlic to the milk mixture. very good. used mexican cheese blend.,5,1
"great recipe! the buttermilk is what caught my eye, adds a great moistness. have made it several times, but make it into muffins. freeze them in packs of two, great to take to work for breakfast or mid-morning snack! hint--freeze ""too ripe"" bananas in their skins in a zipper freezer bag. take out one or two for a recipe, thaw for a few seconds in the microwave, pinch off the stem end and squeeze the banana right out of the skin!!",5,1
my favorite macaroni and cheese recipe!,4,1
this recipe was a real hit when i made for my family. it has become a favourite at potlucks as well.,5,1
no flavor at all,1,0
this is and has been my go to pb fudge recipe. asked my granddaughter's boyfriend for a suggestion for a christmas gift and he immediately asked for a batch of my pb fudge!! nuff said.,5,1
i've made this recipe several times. added a little more garlic because we love it. it is always cleaned up. not a leftover to be found. thank you for sharing.,5,1
"this is excellent , i did add garlic as we love it and it was great, a new favorite!",5,1
"i followed the instructions exactly, and baked for even longer than the recipe said (the video says 30-35, the written recipe says 35-40-i did 40). it was brown on top. i took it out, cooled it, put on the glaze and cut it. it was still raw. i'm baking it again but it is probably ruined since it already glazed. haven't even gotten to taste it. :-(",2,0
very easy to make and tasty. impressed my family that includes three chefs. will make again,5,1
i made this pie for christmas dessert and it was delicious!!! so easy to make and a time saver. i made no changes to the recipe.,5,1
"a good taste, but very dry. i'll try adding a little broth (chicken or vegetable).",4,1
pork chops aren't always my first choice but love this recipe. whole family enjoys it.,5,1
outstanding!,5,1
i made this last night... it was the worst pie. it tasted so disgusting. something wasnt right with the filling. it had a weir taste. all i can say it was horrible. threw the pie out.,1,0
"this has been my daughter's favorite soup recipe since she was in 1st grade. she is now 22, and still ask me to make it for her.",5,1
husband and i love this recipe. easy to make!,5,1
made this soup very good. we had a soup day 1year ago made this it was a hit at my church. very easy to make debbie,5,1
you should cook the potatoes 1st,4,1
i’ve made this chili for several years and follow the recipe as written. i use chicken tenderloins and heavy cream and sour cream. “if it’s not broken don’t fix it”. it’s the perfect comfort food on a cold day! the tortilla chips go perfectly and a grilled cheese on the side doesn’t hurt either (especially if made with home made pimento cheese)!,5,1
best bars ever. i make these twice a week. one for home and one for work. all my cowokers are always asking for them.,5,1
"this cake was delicious. had a lot of trouble with the frosting as would not set up with all that butter. kept it in the refrigerator to keep it intact. if i make it again, will certainly change the frosting recipe.",2,0
the amount of flour is a suggestion. i used to make bread every friday and just getting back to it so i knew that. depending upon the humidity sometimes i use 6c or 6.5c or 5.75c. finish adding the flour during the hand kneading process and you'll never go wrong,5,1
i used the entire amt of potatoes but cut everything else in half. it worked out great! i also used a 7x11 pan. definite hit!,5,1
"family really liked these, but i'm not a fajita fan, so it only gets four stars.",4,1
easy and super flavorful marinade. always a go-to recipe.,5,1
"i created an account simply to post this review. that's how good this chili is! i made it as described, and it was seriously amazing! i personally wouldn't change a thing. i plan on making it again this weekend for out of town family that'll be staying with us. don't hesitate to make this!",5,1
"i enjoyed the soup, but 6 1/2 cups of uncooked egg noodles was way too much. 4 cups would have been plenty. i added fresh carrots, celery, onion and garlic. the veggies could have soaked up some of the broth, but i doubt it would have left me with that little.",4,1
wonderful bread! it overflowed the pan just a little. i might make 2 smaller loafs next time.,5,1
"made this in hopes of taking it to my church for thanksgiving dinner......the worst pie ever!!! i've made many regular pies that always come out ideal. this one burnt around the edges, was thin after stirring in the apples and vanilla. it ran over in my oven....a complete waste of my time and money. never again!",1,0
"i've made this recipe 3 times now, and every time it's been perfect! my family absolutely loves it, and it's easy enough to prepare for company, potlucks, or school/church events. it's a keeper!",5,1
this is a fantastic and simple recipe...everyone always raves about it. i double the pepper cause we like it spicy and serve with a bit of pepper jack cheese on top-a dollap of light sour cream is divine too,5,1
followed the recipe exact. refrigerated this overnight and when i cut in to it the next morning to serve with coffee it literally ran. the inside never set and it turned out soupy! not at all what i had expected and i can tell you that it was a complete waste of ingredients. threw it in the garbage and i will not waste the time or ingredients again. especially with the cost of pecans.,1,0
"this is the best banana nut bread recipe! i have tried many in the past i will never use another one. it is delicious, doesn't crumble all over the place, the bananas cook evenly, and with or without the glaze (for those who don't care for things too sweet) it is just heavenly. thank you beverly sprague for sharing your very fabulous recipe. i am getting ready to make another batch right now!",5,1
we did not enjoy this casserole. my family all agreed that our all-time favorite egg casserole by jimmy dean is much better.,2,0
"i've made this soup dozens of times since the recipe was first published and it's a family favorite. i also make it often to bring as a gift meal for new parents, people recovering from surgery or illness, etc., and it is always well received. it comes together so fast, it's a great ""i can make this after work"" type of meal. absolutely delicious!",5,1
i used mayonnaise instead of the miracle whip and added some salt and pepper. good coleslaw recipe but now i want to find a recipe for the reverse...macaroni salad with a bit of coleslaw mixed in.,4,1
this was so good and easy to make. i've even given this recipe to my aunt!,5,1
i made this last night and my family was wowed! it is hearty and tasty and for my large family we are always having to double recipes. this one made plenty for dinner and for lunch leftovers. it totally hits the spot when you are looking for a fall comfort food recipe..,5,1
"we love this spaghetti dish! no, it's not like traditional spaghetti-with-sauce dishes, not as spicily seasoned, but in it's own right it's a delicious dish. i love the addition of the black olives in it.",5,1
i first made this dessert when i found it in the taste of home several years ago. it was fantastic and a huge hit with the family. i get requests for it from family when we are getting together to celebrate.,5,1
this was a great recipe! everyone loved them and pretty easy to make. loved it!,5,1
this is one recipe that i will not make any changes to. i plan on making it today. my husband loved it.,5,1
"delicious! added a bit of cinnamon and just a dash of nutmeg, good banana flavor and excellent muffin consistency.",5,1
"i've been making this recipe since i saw it in the taste of home magazine years ago. it's so good on a cold winter night. it is a bit labor intensive, but very worth it in the end.",5,1
actually i had never heard of these before i made them today. my husbands mother used to make them when he was little so i used this recipe and he loved it! will definitely make again.,5,1
"i used to make these with rice-a-roni all the time, and now i can just use plain rice in my pantry. i used ground chicken instead of ground beef, because we don't eat beef. the tomato sauce was so delicious. i served homemade mac and cheese with it, and it made one of the best meals i have had in a while. my husband loved it.",5,1
i've been making this one for years. hard to believe it's so easy and yet so delicious! i use sugar free gelatin and light whipped topping.. i've also made it with lemon gelatin and lemon yogurt. sometimes i make it in an 8 x 8 square pan using just some graham cracker crumbs on the bottom instead of a crust to cut down on carbs. that way i get 9 servings instead of 8.,5,1
"this recipe tasted great! it was also really easy to make. i did use 2 cups of the cheese instead of 1 because it just didn't seem like enough, even though that added a lot more calories. next time i might try saving the sour cream out and putting it on top.",4,1
quick and easy; basic recipe easy to adapt.,5,1
i made this for a family reunion and it went over very well. recipe is definitely a keeper.,5,1
"i loved this recipe! i added some red pepper flakes, and probably would add a little more next time. it does come out a little soupy, so i may try smashing some of the beans next time or using a little less broth. the sour cream and heavy cream added to the wonderful flavor, i served over brown rice which was a fantastic pair.",5,1
best rhubarb recipe i ever tried,5,1
"this was so good!... and so easy to put together. the lime was very subtle. we topped the tacos with sautéed red and green pepper strips and onions, which is a favorite. we also used lettuce, chunks of avocado, and of course sharp cheddar cheese. i doubled the recipe, and had plenty of the chicken mixture to freeze for a later meal when grandkids stop over.",5,1
"i made this with the flour tortillas and they were soggy, slimy and did not taste good. we ended up dishing out the ""filling"" (which was good) and not eating the tortillas at all. if i were to make this again, i would use tortilla chips instead.",2,0
"oh my goodness this is the best banana bread with the cream cheese frosting, i really never liked banana bread but it's on and craken, when my son and his in laws eat this my might switch from me making so many sweet potatoe pies.",5,1
tastes like eating melted plastic thanks to the velveeta. next time i would use real cheddar and it might edible then.,2,0
"@marilyn linn- in recipes like this do not remove the cream filling, but make sure you crush the cookies as finely as possible so they make a better crust. enjoy!!",5,1
these were the best! made these for an office party and they didn't last very long.,5,1
these were delicious. cut back on milk and brown sugar as i don't like them too sweet. they can also be frozen.,4,1
this is a great recipe!,5,1
<p>i have already written something about this recipe but i have to write again. previously i used my mom's zucchini recipe and this frosting recipe. i decided to try this recipe just as it is written and they were incredible. i did not drain the zucchini either...and there was a lot of liquid too. this is how good they are...i first made them and accidentally added 1 third cup sugar instead of 1 and a third cup ( my bad handwriting). my 6 nephews and nieces ran in from outside and grabbed one even though i told them what i did. they were all gone in less then 5 minutes!!! i personally didn't care for them but they still raved about how good they were. i then made a second batch...to me it was much better:))</p>,5,1
these cookies were easy to make and my husband loved them. it's the only chocolate chip oatmeal cookie recipe he has liked. i make an entire batch and freeze most of it so there's always a nice treat without having to bake constantly.,5,1
"delicious! lots of flavor. very quick and easy. i boiled the chicken in broth with the garlic and onion, shredded it then added it back in with the rest of the ingredients. mashed some of the beans. also added some cream cheese, a handful of jack cheese and thickened it with some corn starch.",5,1
"made this for my little girls birthday...it was amazing! i’m not a huge cake fan or a good baker, but this turned out super moist and delicious. everyone loved.",5,1
"used bacon, ham, and sw hash browns. fabulous.",5,1
this recipe is delicious! a keeper for sure. i used a rotissiserie chicken..and pilsbury pie crust..makes it fast and easy. the only thing i changed was i used italian seasoning instead of thyme.,5,1
"the order of the recipe didn’t make sense and would be more difficult for a novice cook to follow than it should. i would melt butter then add veggies and flour to cook, add broth and allow to simmer. it definitely needs salt and pepper and maybe something else. 3 cups of wild rice is too much, try 2 cups. omit the wine, just use broth. this recipe just needed to be simplified and add some salt and it’s good. i made all those changes and it’s much better.",2,0
i left am earlier review and forgot to add that i halved the white and brown sugar. my family and i have health issues so i had to tone the sugar down but it was soooooo good! thanks for sharing,4,1
followed as is. only put capers on half to follow kids choice and sprinkled a few green onions on top. crazy good.,5,1
this is a great salad. i put praline peacans chopped on top instead of the brown sugar and got rave reviews.,5,1
why do people called scalloped potatoes au gratin? unfortunately i can’t have cheese. i’ve wasted so much time looking for recipes only to find they have cheese. these do sound delicious for scalloped potatoes.,1,0
"i made this soup 2 days ago with only a couple changes: 1 lb each gr. beef & italian sausage, with some onion and garlic powder cook with the meat. i only added less than 1 cup additional water than called for in the recipe and the soup is delicious! we don't like a watery soup but prefer substance and this worked out well. unlike some posts we liked the pinto beans in the soup!",5,1
every year i make this with thanksgiving leftovers and every year i am so glad i did. i usually get 3-4 pies out of this recipe depending on the size i make and they freeze beautifully. i love always having one on hand for a night i don’t feel like cooking and can just pop one in the oven for a few hours and walk away.,5,1
"this soup is absolutely amazing! my kids thought it tasted like tacos and enjoyed topping the soup with shredded cheese, sour cream and crumbled tortilla chips for a fun, fiesta kind of feel!",5,1
"amazing! frosting was very sweet, i added the entire 2 c of powdered sugar and i wish i would have added a little less. but these were fantastic!",4,1
perfect recipe!,5,1
my goodness what a wonderful treat for a cold winter day! i tried this last night for the very first time for my small group. live in florida and have a big cold snap. everyone loved it!! got rave reviews and they fought over who got to take home the small amount left in the pan. i had double the recipe for 12 people and it more than served enough. i used granny smith apples so the sugar amount was just right. no wonder it won a blue ribbon!!,5,1
this is great! i will make this several more times for sure!,5,1
this is the best white chili i have ever had!!!,5,1
enjoyed this!!,5,1
so gorgeous.....,5,1
"this was a family pleaser. howerver , i did add more butter and olive oil to make a sauce for the angel hair pasta. this was great with a salad and some french bread!",5,1
"i am from minnesota, and i continue coming back to this recipe again and again. it is perfect as written but allows you to adjust if you don't have everything on hand. we often add more mushrooms and skip the chicken altogether. this is the best recipe!",5,1
"oh my gosh, is this good! love the layer of provolone! and this is the first time i made lasagna with both cottage and ricotta cheese. i added a little more ricotta than the recipe calls for, and it turned out sooooooo good! this is my new lasagna recipe!",5,1
this is one of my keepers and it its the best!!!,5,1
i am always looking for a good rhubarb recipe and this one is so delicious! i made these bars for friends for a memorial day cookout and they were a hit. the tart rhubarb and the sweet topping are a perfect match. i pulled them out of the oven and allowed to cool for about 1 hour before serving them warm with the creamy topping. my husband ate one cold for breakfast the next morning. i will freeze the rest for later.,5,1
"deconstructed lasagna, i used cottage cheese as i didn't have any romano cheese.",5,1
perfect cornbread....moist and delicious. i did cut the sugar back to about 2/3 cup which still gave it a slight sweetness. served it with ribs during football game and it got rave reviews!,5,1
"i have been making this recipe forever. it is my favorite for ripe banana's. not as dry as banana bread, my family loves it.",5,1
"i’ve made this exactly as written (added corn flakes/butter for crunch on top) and the 2nd time i added 4 oz of cream cheese. both times it was very tasty. the 2nd time i put it in 2 8x8 pans and put panko on the top. i think that made it even better. our friends had it the 2nd time and they said it was so good and they wanted the recipe. my butter, flour and mixture was thick before boiling, so i didn’t boil it either time.",5,1
"i made this just as the recipe said, and my husband and i loved it! he loves angel hair pasta and even suggested i make this dish more often!",5,1
will never use another banana bread recipe again! a family favorite!!!,5,1
i used italian sausage instead of ground beef. it was really good. makes a lot!!!,4,1
"great and light recipe! i did add vanilla to the cake mix and the pudding, and also added orange flavoring to the pineapple. my family loved it!",4,1
"this is a great recipe! one reviewer said hers turned out dry. gas and electric ovens don't cook the same. for anything you cook, if you're using a gas oven, lower the temp. by 15 degrees.",5,1
"i tried this for the first time and will not try again. as soon as the sugar and milk started a rolling boil, i timed 3 minutes exactly and by the time i got the marshmellow cream in the pan, the peanut butter was so hard and had to be scraped from pan.",1,0
i done alot of changes to fit my weird eating habits... i mixed the salt & black pepper 2gether - so it measured out to 1/4t - i used low sodium bacon bits or crumbles - used a mexican blend of cheeses - added red & green bell peppers diced - and added the bottom 1/2's of the green onions to the casserole - sprinkled more of the green onions toppings to the potatoes... every1 loved it! will b making it again... for sure!,5,1
"awesome!!! i used 1 large green pepper and 1 red pepper. the flavors were awesome. also, i used 1 lb. ground round, 1/4 lb. sweet italian sausage and about 1/3 lb. of left over meatloaf and brown rice. definitely a make-again recipe.",5,1
extremely plain and flavorless. i have a favorite yellow cake recipe but always like to try new things just in case something better might come along. this was disappointing to say the least. i even added extra vanilla and a touch of cinnamon because the batter tasted like a boxed pancake mix and i always spice up my pancakes. if you like plain bland cake then this is for you.,1,0
"<p>absolutely delcious! and so easy to make! i just made it this afternoon with my kids, and it is a huge hit. i used the ""vanilla frosting recipe"" from toh because i needed something simple for the kids to help me with. thank you so much for sharing!</p>",5,1
"these were excellent! to make them even fluffier, let the batter rest for about 10 minutes after you stir it up. mmmm!",5,1
"i made this last night and it was amazing! both my husband and i loved it. i did not have sour cream on hand so i just added extra heavy cream and it was great. this will now be in my fall/winter ""go to""meals. it really was a quick meal prep too.",5,1
"i've been making this recipe for years, i found the recipe in a newspaper grocery circular and shared it with family and friends, many times and we all love it.",5,1
"the cake was moist and delicious and it wasn't too much trouble to make. i would probably use my own ganache recipe for the top next time, as i like it better. but this is a fabulous recipe for a great chocolate cake!",5,1
try it with chili beans and use their sauce.,5,1
i was looking for a nice soft ginger cookie and these are perfect. i’ve used this recipe twice now and they’ve turned out excellent both times. highly-recommend these! :),5,1
my family didn't like this. i think the mustard counted against the flavor. they asked me not to make it again.,1,0
"i followed the recipe exactly and i ended up with a sloppy mess. the loaf just fell apart. also, the sauce is way too sweet.",1,0
super delicious. will be making it again. did not use nuts and it was still yummy. super moist and full of flavor!wondering if i can use blackberries with this recipe. anyone tried iother fruits?,5,1
"perfect way to use leftover ham from easter. because i have to be gluten free, i subbed cornstarch for the flour. for my taste, there was too much cheese and next time i will cut it down to 2 c. or less. that is a personal preference. this is a hearty soup and is delicious. thank you to whomever submitted it.",5,1
"these had great flavor! i used mostly buttermilk because i had some to get rid of, but this is a good recipe to have when i only have milk.",5,1
super easy to prepare and very tasty!,4,1
the best pancakes bar none! i added some craisins!!! phenomenal!,5,1
best cake i have ever made.,5,1
"i too have been making this chili since i first received my taste of home magazines as a yearly gift from my mom years ago. very easy and very tasty! now the weather is here for this recipe to be used alot! we are steering away from red meat, so this is a winner!",5,1
"awesome soup, thumbs up 5 stars.",5,1
"i have made a similar cookie for years, but lost my old recipe. these were actually softer than my recipe, which i like. i did reduce the sugar to 3/4 cup (i reduce the sugar in almost all recipes), increased the flour to 2.5 cups and they came out perfect in texture and sweetness. next time i would add a bit more spice, but otherwise very good.",4,1
i used freshly cooked (mashed) butternut squash in mine and put quite a bit extra in. delicious! (you don't taste the pumpkin.),5,1
"i am giving these 5 stars and havent even made them yet. i make something similar using three jars of baby food carrots in place of pumpkin (and 1/4 cup more oil) and they are to die for! (they are probably a brighter orange than pumpkin bars) i bake them in a sheet cake pan, which makes them more like bars. i also use the whole 8 oz of cream cheese and a whole stick of butter in the icing, sticking to the 2 cups of sugar, which means that they would be slightly less sweet. the frosting just covers them.to the person who asked about a substitute for cannola oil, you can use any kind of oil except for olive. my favorite is safflower oil, but i warn you that it is expensive. i love it in salad dressings and have used it in my carrot bars. it is very light..",5,1
"i thought this recipe was awesome (as did everyone else). i did sub blood orange olive oil for canola, lime juice for lemon, and i grilled whole boneless chicken breasts vs pan frying. i also made shrimp, which i did saute. i marinated for four to six hours. seriously the best tasting fajitas i've ever made, maybe the best i've ever had. i didn't try the shrimp, but heard it was delicious, also.",5,1
"this is now my all time favorite as well as my families favorite. they said the would rather have this one than the one i had done for years.it is great and simple and it doesn't take as much time to fix as it did my oven recipe. the only change i made was i left out tomato paste and replaced with one 14.5 ounce can of hunts no salt diced tomatoes with basil,garlic & oregano. this will be my forever lasagna. a big shout out too lisa micheletti from collierville, tennessee. i am also from tennessee.",5,1
"well here i am again,making some more pumpkin bars. this time i made 2 batches, i will need them. they are so good, i also added more spice,we all think they are the best bars we ever had. merry christmas",5,1
"omg! what a delicious soup. my husband wanted a soup the other day and a knew i printed this and i've been trying to make for a while. it turned out to be so hearty, thick, sweet tasty soup. the yums and mmhh were as loud as the clinking spoons on every bowl. i used beef bouillon instead of chicken(out of stock) lol. the potatoes, carrots and corn are perfect match. the bacon turns out to be almost difficult to notice, but you can still taste it. perfecta!",5,1
i've made this recipe several times. each time i have omitted the onion and replaced the bacon with sausage. it's always a hit.,5,1
"the recipe was blend so i ate dried herbs, more salt, onion and garlic powder. after doing that it was amazing",2,0
"i made the cake twice as directed, and the taste was fantastic, but it collapsed. so i made it as a sheet cake and have gotten rave reviews from my co-workers. tastes delicious!",5,1
"have been making this for many years and always requested at our potlucks. the last one i did was a frozen bag of strawberries, blueberries, blackberries , and raspberries. i used raspberry jello. thank you for great recipes and this is another... fool proof recipe and have one in the fridge right now..",5,1
this was a fast and easy recipe. my grandson who hates mushrooms loves it. he is 14 years old. he just pushed aside the mushrooms and ate the soup. the base must be it. i made it exactly how they said and it turned out great. very pleased.,4,1
"i've made this several times and everyone loves it, however for my taste i reduce the cream cheese to one 8 oz package.",5,1
loved this recipe!!! the only thing that i changed was i substituted with 32 oz of beef broth and added diced golden potatoes with carrots. excellent recipe.,5,1
"i made these today for the first time....but it won't be the last for sure. when my husband tasted these, he exclaimed..""this recipe is a keeper""! we loved the sweet and tangy sauce. thanks for sharing this recipe with the world.",5,1
"i have been making this recipe for years and we love it. my kids have affectionately renamed it ""eyeball salad"" since, in a clear bowl that's what it kind of looks like. :) i put the nuts and brown sugar on top several hours before serving and it starts to carmelize on top and makes it even better. (i also increase the brown sugar on top)",5,1
"delicious and very moist cake. i usually don't risk trying out a new recipe for company, but since it won a contest over 59 other cakes, i made it and took it to a party and everyone loved it!",5,1
"cake was not very exciting. i had hoped that the guinness would make it unique and interesting, but it was really not at all noticeable.",2,0
"i agree with randall. i made it today and followed recipe exactly as said. sorry, but this is the worst meatloaf i ever made. i landed up giving it to my cats!",1,0
is there a bread machine version of the classic white bread?,5,1
<p>wow! this is really good! it smells amazing while it is baking and my kids just loved it. even better as leftovers - i put it in my daughter's thermos and sent it to lunch with her the next day - 100% gone! this is certainly a keeper. no changes to recipe necessary.</p>,5,1
absolutely the best! love that it makes 2 loaves. i always keep one for my family and give one away. haven't found anyone that doesn't love this!,5,1
"my family loved this. my husband calls it ""cornbread cake."" i can't say that it is my new go-to cornbread recipe, but i will make it again.",5,1
this is so easy! my kids loved it! it was even good leftover. the noodles didn't get soggy in the creamy soup like they do in broth.,5,1
excellent classic dish. i double the sauce with 3 cups of shredded sharp cheddar cheese for 7 to 9 medium potatoes. i bake at 400 for 1 hour for more browning on top.,5,1
easy to make and delicious!,5,1
"great, easy recipe to make! these tasted excellent and were not dry at all.",5,1
perfect cookies and easy to make!,5,1
this is very easy to make and very tasty. i added a bit of garlic powder and fresh chives instead of green onions because i did not have the onions on hand. this would be nice for a dinner party. think i will try it on some friends.,5,1
"my kids said the word ""amazing"" countless times tonight. it was a big hit! in addition to being family friendly, it's party worthy. a definite keeper!",5,1
"i don't know what i did wrong but these did not turn out very well. used sweetened flaked coconut instead of the shredded and extra large egg whites because that's what i had on hand. they spread out (bottom of cookie) on the baking sheet and were impossible to get off the greased baking sheet. maybe too much egg white? anyone else have this problem? good taste, though!",2,0
we loved it--everything on hand--easy to make,5,1
will definitely make again. i used sausage ravioli and spaghetti sauce with garlic. wonderful flavor and so easy. delicious.,5,1
"my husband really enjoyed the meal. didn't have enough of some of the cheeses, used what i had. next time i'm going to top it with saute or canned mushroom, you could top it with any of your favorite topping.",5,1
how many cups of wild rice per 3 cups of cooked wild rice? i am guessing 1.,5,1
"delicious! and for those who are concerned about the salt ,,, the ratio of salt to amont of flour and oats is perfect.",5,1
my family loves this recipe!! it's absolutely delicious!,5,1
"went together well, tasted great! i would be very sure to really squeeze out the shredded zucchini. mine was a little too moist, but still was great!",5,1
this is a favorite recipe of ours. i halved the recipe and it fit nicely in my slow cooker. i set it for 4 hours but 3 or 3 1/2 hours is sufficient. definitely a 5 star recipe.,5,1
"can you use regular italian sausage in this recipe? if so, would i cook it first and then put in slow cooker?",5,1
very good! the only thing i did different was use my homeade chicken broth instead of the water and boullion. it turned out great!,5,1
halved the recipe and made it to accompany strawberries and and whipped cream. it was excellent! not too sweet and nice and moist. will definitely use this one again and again.,5,1
"i made this today and it was delicious. i used less ginger because i am not a fan of an overpowering ginger taste. i also used a tenderized pork cutlet, and pounded it more at home and chopped it up. the texture was great and it was lower in fat than the ground pork. adding a touch of soy sauce to the completed dish made it taste like an egg roll dipped in sauce. i made a half recipe for lunch in my nordic ware mini wok and it was perfect. my daughter loved it too and we will be making this again.",5,1
i don’t understand the high ratings. this would have been flavorless had i not added extra seasoning. hard to believe this won any contest.,2,0
"the pancake looked like a potatoe pancake, would not brown.",1,0
good recipe. but on day 2 you need to serve the rest or freeze it. chicken only tastes good for max of 2 days,4,1
i used half & half instead of whipping cream. everyone enjoyed it and had seconds.,5,1
"this was amazing! i made it for my mom's birthday tonight and she loved it too. i did not have the chinese 5 spice but it came out great anyways. the sauce reminds me of the general tso's sauce (which i love!) i will definitely make this again. we were craving some asian food but with being in lock down due to the covid virus we don't venture out except for groceries, so this hit the spot!!! i will be sharing the link to this with my family and friends!",5,1
this is so quick and easy to make. especially for all of you working mom's with school age children! my family loved it!,5,1
with the high amount of sugar required the bread would be like store bought. bananas are quite sweet on their own. i used 1/2 c brown sugar and the bread was amazing.,2,0
i made this for dinner tonight for company and it was a hit. it goes really well with rice and refried beans. super easy. i also used olive oil instead of what the recipe initially called for. i will be keeping this recipe for sure.,5,1
"just did a review; forgot to add that ""no salt added"" marinara sauces are available; i use trader joe's organic one.",5,1
"i make this at least once a week. so easy and so reliably juicy and delicious! even if i leave it in longer while i finish my sides, it has never been dried out, never overcooked, always soft, flaky, moist & tasty.",5,1
thought this would be a quick addition for christmas plates and was so surprised how very good they were. a hit with me (easy) and the family (so good)!,5,1
so yummy and easy to make! everyone loved it!,5,1
this a great one to make for the fall season. tasted great. i used ground turkey in place of cubed turkey. i loved this bc i could also feed this to my son who is now eating solids. i just mashed the beans flat with a fork so they were not a choking hazard and broke the ground turkey in small pieces while cooking it.,5,1
these are fabulous! simple to make and so delicious! these have become a family favorite and requested often. i now buy lots of rhubarb when it is in season and chop and freeze just for this dish.,5,1
"i made this cake and brought it into the office, along with the sauce (which reheats in the microwave beautifully) and a can of whipped topping. the cake was inhaled by my co-workers in what seemed like a matter of minutes. i've made it using a combination of tart and sweet apples when that was all i had on hand, and it turned out just as well. what an awesome recipe.",5,1
my entire family loved this chicken!!! i served it with rice & steamed veggies.,5,1
"delicious, my wife even enjoyed it! she doesn't like jalapenos, she a yankee!",5,1
this was wonderful. i used fat free milk and fat free cheese for a healthy version and it was great. the taste was great.,5,1
"i love cherry desserts, and i wanted this recipe to be as delicious and special as so many reviews said; however, it was so plain tasting.",1,0
"very good. it's a little on the spicy side and the chicken turned out slightly dry, very good overall though.",5,1
"this was so easy and delicious! i used a rotisserie chicken so i had less prep. the cream of mushroom adds just enough to make the broth thicker and almost creamy, but still light. it is the perfect soup for a winter day.",5,1
even my very fussy daughter liked this! a great sidedish for when everyone's tired of the more usual veggies. and it's a pudding in the same way a plum pudding is called a pudding. a more british version of pudding than what most americans envision.,5,1
"this is a great recipe. i own a b&b so occasionally i need to come up with something for gf guests and this particular guest is also dairy free, so this recipe was exactly what i needed. i made 1/4 of the recipe and baked it as muffins and it was absolutely fabulous. only took 15 minutes to bake small muffins and reduced the oven temp to 325. i probably used a little extra apple sauce (made it myself with sliced apples and oil and cooked till soft) and not quite enuf bananas. and i had my doubts with it being as wet as it was when it went into the oven, but they rose nicely and browned and were a hit. she ate 3 muffins and all week had not been eating much of anything i had made!!! thank youand i left out the nuts but i'm sure that would have been fine.",5,1
"is the baking cocoa, for the cake, semi-sweet or unsweetened?thank you! pj",5,1
i have made this meatloaf for years. i have 5 boys and double the recipe. we never have leftovers! i also made this for my parents 50th wedding anniversary party (50 people) everyone loved it and wanted the recipe. this is the best meatloaf ever. would not understand how someone would not like it.,5,1
"this apple cake is good. i added walnuts and raisins as some suggested. i didn’t make the butterscotch sauce. i bought a bottle of caramel sauce for topping. if you’re not eating the whole cake right away, the homemade sauce didn’t seem like a good idea.",4,1
"i rated this recipe as it was written. first it was pretty bland so i added a small chopped onion, a minced garlic clove, a handfull sliced mushrooms and 1 1/2 t. chicken soup base. then i made the dumplings and i wondered about the thin consistency but cooked them anyway. they never did cook all the way through. more like dough lumps and the tasted bitter. i ended up fishing them out and made another batch with 2 c. of bisquick and cooked them as directed on the box, 10 minutes uncovered and another 10 with the lid on. perfect dumplings although by now the broth had reduced to nothing and i was literally left with chicken and dumplings.",1,0
my kind of crock pot recipe - quick and easy! smelled so yummy and the meat just fell apart! served with mashed potatoes and hubby put the extra gravy on everything.,5,1
"this is my church's favorite recipe. if i don't show up with this soup at our potluck i would get lynched...seriously, this is the best soup we have ever had.",5,1
great flavor. moist meat. easy to make. has become a family favorite!,5,1
"i love that these potatoes are so creamy and delicious and made with real cheese (not processed cheese food product). i served these for christmas dinner alongside a prime rib roast. my sister followed me into the kitchen as i cleared the table after dinner, picking the last little bits from the pan. :) they are so good!",5,1
"this cake is fabulous! very moist with lots of chocolate flavor. the icing is really light and has a wonderful taste, not overly sweet. definitely a ""keeper"" recipe!trish d",5,1
"this is a super easy recipe, and now is my family's favorite potroast.",5,1
love this quick version of lasanga... great taste and now in the dinner rotation!,5,1
i too have tried for years to get the perfect lasagna. i found this one last winter and have been making it exactly as it says since. i printed it off and laminated it. i have been asked many times to share it. i always have some in the freezer now. it is so easy to freeze. i wait until the next day and cut it to portion sizes and wrap them individual in saran and then place them in a ziplock bag in freezer. i often share these portions with seniors and shut-ins.,5,1
i entered this in a recipe contest and won first place. i have made this many times and also tried woth the white chips for a different taste. it's very good made with dark chocolate also. will make this again!!!thanks for a great and easy recipe.,5,1
very good although i made it without olives (don't care for them). also made a side portion without meat for the vegetarian. everyone enjoyed it.,4,1
"absolutely delicious! i made it exactly as written. my husband loves it! i serve it with a dollop of plain non fat greek yogurt, which almost tastes like sour cream, and a little shredded cheddar on top.",5,1
"i added ketchup, mustard,and chopped up pickles and it rocked!!! i'd leave the potatoes out next time, or else chop then up really tiny.",4,1
"i really didn't care for this soup at all. sorry to say it was a throw away, a waste of time. i've enjoyed others better.",1,0
"terrible. not sweet at all, not crisp, generally repugnant and a waste of my time and ingredients.",1,0
i made this and it’s a hit. add a loaf of semolina bread and it’s an awesome meal!!,5,1
"this is our all-time favorite breakfast casserole. i've been making it for years. you can add any kinds of cheeses, any kind of meat or vegetables. we like using 3c potatoes instead of 4, and gruyere instead of swiss cheese. thanks for sharing!",5,1
"i am huge fan of apple crisp, and this one hits the spot!!",5,1
awesome marinade/sauce! i added some hot pepper paste and peri peri seasoning (a northern africa pepper blend containing fenugreek).,5,1
"this recipe was so easy to make. a little different way to use zucchini. my guests loved it.served six, not eight. i will definitely make it again.",5,1
"way to much cheese, to little eggs, only 2 out 10 people finished it.",1,0
i served a stack of the for dinner one evening. i added a handful of blueberries to the batter. my husband liked them for his dinner.,4,1
"i love this!! it was a little thin, next time i will add a little more flour. i did make a roux with the flour first to cook it off and used baby bella mushrooms. will definitely make this again. i did not taste any flour as some have.",5,1
it was delicious,5,1
really needed more sauce. i added half a jar of orange sauce to it. otherwise it would have been very bland. will probably not make again.,2,0
"wow, this was delicious! i accidentally put 3 eggs and i used about 4 cups apples, and it still came out perfect! i just drizzled the sauce over the whole cake while it was still warm. definitely will make again!",5,1
i got this from you magazine several years ago. first of all it is delicious ! several homes i’ve brought it to love it. at holiday time i am asked to bring it for our main recipe. it’s just the best recipe you will ever have. it’s also very easy to make. you owe it to yourself and family and friends to try this one!,5,1
these cookies are a favorite of my husband’s and i’ve been making them for years. i freeze the dough balls before baking so they don’t spread excessively. sometimes i use dried ginger along with the ground. they’re always so soft and don’t last long at our house!,5,1
"my very picky family is already asking when i will make this again. i did tweak the recipe, in part because of personal preference but also because i used what i had on hand. i used about 4lbs of boneless skinless thighs. following the advice of other reviewers, i used brown sugar instead of white. i also added honey and grated some ginger into the mixture. i substituted rice vinegar for apple cider vinegar and cooked on low in the crockpot for just under 3 hours. also, i found that i needed to double the cornstarch mixture at the end to get a good thickness. served over quinoa and steamed broccoli and it was a big hit.",5,1
"just made it. after reading the reviews, i cut the sugar in the cream cheese mixture to a half cup, instead of the full cup. delicious and gone very quickly. will definitely make again soon.",5,1
<p>i have used different jello flavors with matching yogurts on this one-peach is great!</p>,5,1
this recipe was given to me by a friend. i first made it for a soup and salad day at work. it was such a hit i make it frequently at home as well.,5,1
li'l cheddar meat loavesskip the sickeningly sweet topping. the mini loaf idea was very good but will use my own meatloaf recipe which has alot more flavor.,1,0
this is my go to recipes. yummy. delicious. will make it again,5,1
added an entire grated zucchini to this recipe and my kids couldn't taste the difference. now i make these at least every other week for them!,5,1
"easy recipe, quick to prepare. my 3 year old loves it! i made the following tweaks: used fresh diced tomatoes instead of canned, added black olives, omitted the onion, & served with a dollop of sour cream on top. this recipe is now requested a couple of times a month in my house! great alternative to the basic taco.",5,1
"sounds so good but i am going to try boiling the vegs in some of the chicken broth, using the broth as directed after draining . it should give it a better flavor",5,1
did not like at all,1,0
very basic as it states. i added chocolate chips and they still turned out very dense. won’t make again,2,0
so delicious! next time i will drizzle some balsamic vinaigrette over the top right before serving to make it even more like bruschetta. my very picky 3 year old even ate the chicken without the tomatoes! i will absolutely make this again!,5,1
this cake was horribly dry and the worst cake i've ever made. i'm known for making great cakes and i am so glad i didn't have to take it somewhere. i felt terrible that i had to throw it away. and i followed the recipe exactly..,1,0
a family favorite! marinade for a full 24 hours for an all-out knock-your-socks-off taste.,5,1
i prefer to use corn tortillas (the flour ones' get soggy ) i also use poblano or anaheim pepper (don't care for the bell pepper family)also added can of sliced black olive can of corn and can diced green chiles,5,1
"my mther called this ""a hot milk sponge cake"". we had it with strawberries every summer for years. it's fantastic!",5,1
"i made this for supper tonight with a few modifications. i used lean ground turkey instead of beef. i didn't have any italian dressing so i used catalina. other than that i followed the recipe. we had our salad as a starter instead of on top of the casserole. it made for a very satisfying dinner. my husband loved it. mine didn't look like the picture tho'-it was quite runny even after sitting the five minutes, but i will definitely be making it again.",5,1
this was very good. i made this during the holidays and there wasn't any left. it was a great alternative to just plain corn.,5,1
i made this salad for our church homecoming and it got rave reviews. it is quick to make and has an excellent flavor. i will make this again!,5,1
this was delicious!! i took other reviewers' advice and used about half of the brown sugar called for in the recipe to carmelize the onions and also poured off most of the bacon fat. this was really good and very easy.,5,1
"this is my favorite macaroni salad, it's so yummy! i use green peppers instead of celery, it's a crowd pleaser! i make it several times during summer time.",5,1
was told to put this meatloaf in the rotation for dinner.,5,1
"i made this for the second time, this time i added fresh chopped spinach instead of broccoli. it was just as good.",5,1
"i've made these twice now to take to gatherings with friends, and they always receive great reviews! the only thing that i would note is that i don't think the recipe makes 7 dozen cookies. i made a half batch last night and probably got around 30 small cookies out of it.",5,1
i did this yesterday for my first dinner party with church friends and it was awesome! used light brown sugar instead and served with 1-minute brown & wild rice & wilted spinach.not a bite was left!!,5,1
we took this marinade camping and loved it! we will be using this as our go to bbq chicken marinade from now on.,5,1
made this today for supper and was somewhat disappointed. it wasn't as flavorful as i thought it would be. i have to wonder about all the folks who thought it was delicious. i would rate this recipe as not that great and somewhat below average.,2,0
"super easy, fast and delicious!",5,1
"these are wonderful! made exactly as written. the bars are easy to make and the sour cream makes them moist and delicious. and the cream cheese frosting sends them over the top. great way to use up ripe bananas. this recipe is perfect for potlucks, or anytime you'e craving something sweet! will definitely make these again!volunteer field editor",5,1
i’m sorry to say we thought it was quite disappointing. it was missing something but i don’t know what. even tried adding some sweet hot chili sauce but still lacking flavor. won’t be making this again.,1,0
so delicious. my husband loved it. i didn't have egg substitute so i just used a single egg. the fresh basil is really what makes the flavor amazing in the tomato mixture...i don't think it would taste the same with dried! so glad i bought some fresh because i almost just used what was in my cabinet. would make this dish for company!,5,1
love this even my picky eater husband loved it,5,1
"this is an excellent recipe! yes, it has less eggs than most breakfast casseroles, it is more of a hashbrown casserole than egg casserole and that's ok! i made this for my dil's baby shower and got many compliments and requests for the recipe.",5,1
just made this the other day and it was a big hit! i like that the zucchini is baked as a crust before adding the rest.,5,1
"i chose this one of many i found because of its rating; however, it was just barely okay.i reduced the sugar in the syrup by a half -- there's enough sugar in the crumb mixture and the apples -- and it was still a bit too sweet. the topping was heavy in both texture and taste -- perhaps too much oatmeal. i noticed more dessert left on the plates of family members who usually clean them down to the porcelain. i'll look for another recipe.",2,0
delicious and super easy made the house smell great on a frigid winter day!,4,1
"i have made carmel heavenlies many times. the first time was when i received ""taste of home"" magazine. i took them to a bake sale and included the recipe . was a great hit..",5,1
a friend brought these over after i had my first baby. very good,5,1
excellent soup. after potatoes were cooked i mashed them a little before adding the cheese. used a tex mex mix and some mozzarella. i had some left over peas and corn (half a cup). through them in at the end. very good. love this soup.,5,1
fantastic!!! next time i'll double all but the biscuits so that leftovers don't soak it all up. loved this!,5,1
"my pie did not turn out as expected, was very disappointed. i've gone over the recipe many times as i was sure it was something i did wrong, but i just can't figure out what it was. i made 2 of these pies for christmas and had to throw them both away. i read the reviews and the caramel sauce is supposed to sink to the bottom, but how does sauce with 3 eggs in it sink? it turned out like terrible caramel scrambled eggs on top. i've baked before and really can't figure out how everyone else can make it come out right, but mine was so terrible we couldn't eat it!",1,0
"omgosh, my teenage sons and i made this recipe with all fresh ingredients. i made 6 breasts in all; one for @ of my 3 sons and one for me. after arguing who was going to get the last two, we cut them in half and @ got an extra half more! the fresh tomatoes, basil and crunchy parmesan were excellent. i know my sons could make this recipe all by themselves, and they probably will! can't wait for the weather to change so i can start growing basil & tomatoes. yummo",5,1
"this was pretty simple, pretty straight-forwards. i liked the spices, but wanted more on top of my fish, so next time i'll increase that. i put as many capers as i wanted on top, so that part was delicious. i felt like there was a tad too much butter, but that's probably personal preference. overall, a solid tilapia recipe that i'll probably try again with some tweaks.",4,1
i didn't change anything except that i buy bulk italian sausage (it's cheaper than links) and it has become my family's absolutely favorite soup. i love it because i can make it after work and know it will be a hit. i've also brought it to friends who need a meal. great recipe!,5,1
my whole family loved this soup! such delicious flavor! i substituted a large can of tomato soup for the diced tomatoes and used ground sweet italian sausage in place of the turkey sausage. i will definitely make this again for my family.,5,1
"this recipe is a keeper, if my husband goes back for seconds. very good.",5,1
"delicious, will definitely make it again, although i might use less sugar. the cornbread mix i used was very sweet.",5,1
we liked it.,4,1
i loved it especially for a tight budget! it's light and yet really satisfied my sweet tooth. i also love how versatile it is...can go with anything and/or you can adapt it to anything.,5,1
ok,4,1
it was just wonderful!!!,5,1
i also have been making this recipe since 1994. my daughter now grown makes this for her family.her kids now ask her to make it.,5,1
use frozen diced hash browns to speed up prep time,5,1
"this recipe is as good as the ""real thing""! i folled the recipe exactly as written, but baked in three smaller pans. i could not believe how moist it was. i have since adapted the recipe by substituting banans for canned pumpkin, added some cinnamon, nutmeg and a cup of chopped apples and made a fabulous pumpkin apple bread.",5,1
i thought this recipe was the best banana nut bread i have ever had. i hosted mothers day (2010) and everyone loved it. thank you very much.gloria pecz,5,1
odd. pic shows carrots but not mentioned in recipe ingredients?,4,1
oh my gosh!!!! my family and i loooooved this recipe! i made it on a whim & they had the entire recipe gone by the next night. this is a good one - thank you! jlc,5,1
"this is a very good recipe for white chili. it is a little thin and more like soup when made exactly as written. i substitute a cup of heavy whipping cream for one of the cups of chicken broth which gives it a very creamy and thicker sauce. i've used chicken i've cooked myself, canned chicken and rotisserie chicken at different times and all of them work well in the recipe.",5,1
"absolutely amazing! my family and especially my in-laws scarfed this down. mind you, my in-laws are 86 and 90 years old. i've made a mexican variation of this recipe. i sub'd diced green chiles for olives and mushrooms, cream of chicken for cream of mushroom, taco seasoning for oregano, and mozzarella for parmesan cheese. i cooked the pasta al dente in water with 4 tbsp low sodium chicken boullion, 2 tbsp onion powder, a pinch of kosher salt (never table salt for cooking), and 1 tbsp olive oil. i used 1/2 can of the noodle broth to dilute the cream of chicken soup. (the hot water helped blend the soup quickly and evenly...plus the water was already flavored.) this is a definite make again hot dish! bon appetite!",5,1
tasty quick meal with lots of options.,5,1
"i've made this recipe exactly as written, both without and with whipping the egg whites (to soft peak). the results are great either way. whipped whites naturally give the macaroons a lighter and airier texture, versus being denser and chewier (my preference) when not whipped. if you can't be bothered, or if you just want a denser texture, don't whip the whites and the cookies will be just fine. despite the pedantic naysaying of the pedantic naysayers.",5,1
"i love this recipe, also my family and friends.",5,1
i made this soup yesterday and loved it! it was really quick and easy to make. i am sitting at work wishing i would have brought some for lunch.,5,1
i found this recipe very bland. if i make this again i will add some italian seasoning or basil. it was disappointing the way the recipe is written.,1,0
everyone loves this. i only use one onion. it makes a lot and tastes delicious. i also added chopped peanuts to the top. this is a keeper!,5,1
"the taste was pretty good, but the texture and final look didn't at all match the picture. there's not enough coconut in this recipe relative to the egg whites. it turned into a puddle of mess when baking.",2,0
my bread used to always come out either really dry or way too dense and chewy. this is the first recipe that gives me consistently good results! now i use it as a base and make little alterations to experiment in the kitchen. i've got a lemon pepper garlic bread rising now!,5,1
"very very very good! lots of flavor, enough spice to give it a kick but not overwhelming. will definately make it again. i did change one thing, used 1.5lbs beef cause 1lb didn't seem enough.",5,1
it was decent. i think too much sugar for my taste,4,1
"i have made this pie for every family gathering, church dinners and for special events. it is the easiest and best of all desserts! it is always the first pie plate emptied at pot-luck dinners and guests marvel at it's appearance and taste! everyone will think you spend hours preparing it!!!",5,1
this crust has no baking powder or baking soda and it results in being very flat. there are better recipes than this one.,2,0
"everyone really liked the soup, but it had a little too much juice. next, time i will add less chicken broth.",4,1
"this soup is a snap to make, and it received heaps of praise from my mother-in-law when i made it for her! the soup is full of scrumptious flavors with just the right amount of heat.",5,1
"best white chili recipe i've had! i served it up with fritos, sharp cheddar, sour cream, and chopped green onions. delish!",5,1
"made this just as the recipie called for and it was delicious! hubby loves it as well, will be making it again soon!",5,1
this is my go to recipe when i am having overnight guests! love it!,5,1
the recipe is too salty 😅,1,0
made this hearty chili tonight for dinner and my family really loved it! it has a nice combination of flavors and is really delicious. i will be adding creamy white chili to my recipe book!,5,1
"made this last night, omg, it is the best. i must say i did make some changes, but my hubby has always liked my usual meatloaf, but he loves this one. i replaced the milk with a can of golden mushroom soup, packet of lipton onion soup, deleted the sage, not big sage fans, the amount of cracker crumbs had to increased. i used almost a full sleeve of crackers and probably could have been ok with the whole sleeve. it is a winner in our book.",5,1
"this is a really tasty, simple recipe that we'll use over and over again. the chicken was tender and flavorful. the dish goes together with little effort, and has a company-worthy presentation.",5,1
these bars are amazing!!! so delicious and my entire family loves them!!!,5,1
"i made this soup for dinner last night based on reviews that stated their husbands do not care for soup, but loved this one. my husband does not care for soup, but i love all soups. i thought this soup was really good and would definately eat it again. my husband said it was ok and would eat it again as a filler. the only change i made was to use 1 pound of hamburger. i can't imagine that 1/2 pound would be enough.",4,1
made these in both small & larger sizes at christmas 2011. they were quick & easy & the best peanut butter cups! family loved them!,5,1
almost like a dip it is so rich. little goes a long way,5,1
this has been one of my family favorites since the first time i made it! i have made it in loaves as well as in muffin tins.,5,1
"i found this to be a rather horrible recipe. the pankcakes came out very thick. would not brown correctly, and were quite tasteless. what a waste of good ingredients! 🤦‍♀️",1,0
"this was the very first recipe i ever made from taste of home, and i've lost count of how many times i've made it since. i've tied many, many chocolate cake recipes and none can compare to this one. as a bonus, it's outrageously easy! i've even baked this in heart-shaped layers and decorated it with rolled fondant (after icing, of course) and fondant roses for a valentine's treat - its texture is substantial enough to hold up to the fondant.we like this cake best chilled. my husband and i call it ""whoopie pie cake"" as we are from maine, and think that it really captures the flavor of those yummy maine treats.personally i usually do bake it at 350, as i've found that at 325 it takes rather a lot longer than 30 minutes, but that may be my oven. at any rate, this is an absolute ""keeper"" recipe!",5,1
"all in all, it's a good pie. the 5 stars deceived me though. it's way, way, way too runny. i should have read the reviews in addition checking the star rating. so if you're getting ready to bake this pie, do not dump the coated apples onto the pie crust under any circumstances (unless you like apple pie soup).",4,1
amazing! everyone in my house loves it! i have to double the recipe...sometimes triple it!,5,1
"this was the best recipe we have found in years. your sauce was deeeelish. i didn't have any milk. so, i used heavy whipping cream, instead. thank you for sharing.",5,1
i love this recipe. so easy to make and ingredients are very basic. kids at home love it too. you can make these even when in a bit of a rush. thanks!!!,5,1
"i made this tonight, and it was delicious. i didn't have any sour cream but i had plain non fat greek yogurt, so i added that. i used a full pound of hamburger, 4c of broth and 2c of milk so it would yield more servings for my family. i also added some green onion at the end for garnish. overall, this is a great soup and i will make it again!! oh, and it wasn't too cheesy either!",5,1
this is the best banana bread recipe! my mom gives me ripe bananas so she can get a loaf,5,1
"i have this almost memorized because i make this all the time. the first time i made it, my boyfriend remarked "", if i ordered this at a restaurant, i would be back the very next night"". i have made this at least 30 times and it is always fantastic. this recipe is simple enough to be quick and easy and yet involves enough flavor to make you feel like you are simply amazing in the kitchen. i typically double the marinade. while the chicken is marinating, i chop vegetables. i have been adding mushrooms lately and it's a great addition. i cook the veggies first, be sure to add salt and pepper. then i cook chicken after marinating for at least 1 hour. mix it all together and voila. i love to cook all the time, but this recipe has to be made regularly. it's just that good! and don't skip the red pepper. cleanup is also easy, it only requires a cutting board and a pan!",5,1
this is the chocolate cake recipe in our house. we love it both plain and or with the frosting. we like the frosting because it's not overly sweet as so many frostings tend to be. our older son insisted on this cake for every birthday when he was little. a surefire winner!,5,1
i use this recipe for my jalepeno cheese bread also i love this recipe,5,1
fabulous! super easy!,5,1
made this for my neighbors and they swore it was the best lasagna that they have ever had.,5,1
i have been making this recipe for years - from an early addition of taste of home.my husband is very picky and this is by far his favorite meatloaf recipe.i have also made it as large meatloaves and taken it to church potlucks. never any left.,5,1
"made this cake for my husband and he ate almost all the cake, fudgy and delicious. i too used coffee instead of water, wonderful texture and crumb. will definitely make this again...",5,1
"this was amazing ... made it for easter today and loved it. i cut down on sugar for both the custard filling and the topping, and it's perfect. will definitely make this again!!",5,1
"i made this for a st. patrick's day dessert. it was easy to make and tasted pretty good. i think the guinness beer took away some of the chocolate flavor, though. i used dark cocoa powder and still thought it lacked chocolate flavor. i would definitely add more cocoa powder and maybe some extra sugar to sweeten it up a bit. the texture was very moist, though, and my kids loved it!",4,1
i made this bread for a church function and it went together so fast that i decided to make another one for my family. it is so good. i'm not even a big fan of lemon and i loved it. with the fresh lemon peel and juice it is such a great quick bread. will be making this again.,5,1
"i saw this same salad in the jewels food store deli. bought a half pound. figured out simple ingredients, looked up recipe, found this one. only difference is they added cheddar cheese, green and red pepper. i added 1/2 cup cesar dressing, and little grlic powder. yummmm.",4,1
this was very good and kid-friendly. my teen-agers had three helpings!,5,1
i used a can of mexican stewed tomatoes instead of salsa and added a can of corn and some diced jalapenos. it was delicious! new favorite!,5,1
these were fantastic. like others i could have used more ginger and cinnamon. i followed the directions and creamed the butter and sugar for 5 min and i baked them maybe 15-17 min and they are still really soft. i will be making these again!!thank you!!,5,1
"this is a great recipe to introduce people to how delicious gluten free can be. be careful though, when this is fresh out of the oven some might lose control!",5,1
delicious! this is definitely one of our favorites!,5,1
very good. the only change i made was adding sauteed jalapeno to the salsa mixture just because we like it spicy and i had them in the garden. i will definitely make it again.,4,1
these were super easy to make however and i followed the recipe exactly using the pan size recommended. mine were ready to come out of the oven at 21 minutes at 350. i am glad i checked the time - my sister makes this recipe often and it is now one of my favorites also! thank you!,5,1
i don't usually write reviews but i just had to! i did add a cup of cabernet red wine to the sauce but other than that kept to the recipe! my husband isn't much on pasta but he raved about this lasagna on the 3 bite and went back for seconds! it was truly delicious! i think i will make it for our family christmas this year.,5,1
way to much sugar for me. this is more like cake. just needs strawberries and whipped cream.,1,0
my preschool aged children and husband liked this recipe. i doubled the sauce ingredients and made 6 thighs. i did not need the cornstarch to thicken the sauce.,5,1
this a fantastic salad. it makes a large amount so it's good to take to a cookout party!,5,1
this fajita recipe is so full of flavor everytime! it has become a regular on our family's menu!,5,1
"i have made this many times for my family. my kids love this . . . we refer to it as ""corncake"" because it is so delicious. it reminds me of what is served at marie calender's restaurant.",5,1
"at any potluck, this recipe is the first to go. the sweet salty is divine!",5,1
horrible,1,0
"very delicious!!! substituted green peas for the green peppers and loved it! used whole wheat pasta & mayo & splenda & seasoned with white pepper & celery salt. pasta box was 12 oz, so increased amount of dressing by adding some olive oil & more cider vinegar & sweetener & seasonings---perfecto! thanks for sharing!!!",5,1
"i like the simplicity of this recipe. however, i am a very busy mom, so i did not make my own sauce. rather, i used mid's brand pasta sauce with meat and mushrooms. i then added about half a cup of water around the sides of the crock-pot. it turned out absolutely perfect and delicious! we are a family of six, and the portion size of this recipe was great also!",5,1
really good and really easy. will try with italian sausage next time to spice it up a little. my three year old and five year old loved it.,5,1
perfect for a cold winter day!,5,1
this soup is so good! i did use an emulsion blender to make chunks smaller. my husband loved it!,5,1
"excellent. i reduced the recipe in size so i only made one layer with no frosting so i could test it. i live at a high altitude (4600 ft). i wouldn't make this cake without adjusting for altitude as it is so tender that it would cave in if it weren't adjusted. i removed a 1/4 of the butter and 1/4 of the sugar. it turned out great. other than that, it is very tasty. it will be my ""go to"" chocolate cake recipe.oh, i'm not a fan of sour cream. i used the sour cream in the cake with very good results--but i didn't use the frosting recipe though, as i didn't think i'd like it. instead i used a cocoa buttercream frosting from an old betty crocker cookbook. i put whipped cream in the frosting instead of the milk and then whipped it. very fluffy.",5,1
lasagna made with cottage cheese?? disgusting............. lasagna is made with ricotta cheese..........,1,0
"this was absolutely delicious! i can't wait to make it again. can't say enough about it, it was great.i mostly like ""regular"" chili recipes, this was a little different, will be my new favorite. you have to make this!!!! deserves more than 5 stars!",5,1
i made buttery corn bread to go with dinner and added some canned tomatoes with green chilies.,5,1
"been using this receipe for years i agree with the others this is the best receipe i have ever used for banana bread. dee, nj",5,1
this recipe was horrible! i cannot understand how so many reviewers rated it so high. i will definitely not be making this again.,1,0
"i didn't like the the fact that it was thickened first. i do that at the end. soup was too hot, trying to get the spuds done and when i added the cheese, it broke. looked yucky and no one ate the leftovers. garbage can is happy i guess.",2,0
"very tasty, not real sweet, i added cinnamon and sugar to the apples before putting them together with the cornstarch and water.",5,1
"old style simplicity with home comfort taste. my husband and boss were very impressed. made alongside baked chicken, cooked carrots, and biscuits.",5,1
love these easy to make fajitas. i've made them a few times with an easy pico de gallo salsa over rice and they are awesome each timr.,5,1
this is really yummy!,5,1
"agree with most of the reviews- definitely an excellent recipe. used 1/2 & 1/2 instead of cream- still very rich and creamy. also, used the clam juice from a can of chopped clams, and used the clams instead of the crabmeat. added some minced garlic, extra green onion, and extra parmesan cheese. looking forward to the leftovers!",4,1
"fallowed direction, then added my own twist. easier to make own taco seasoning, then added pinch of brown sugar and about teaspoon ancho chili spice. used ground turkey and ""corn"" tortillas. flour tortillas end up as mosh for left overs. thanks for other comments, made me realize it's a good go to recipe.",4,1
"i made this recipe today and it was great! everyone loved it, and it smells wonderful baking! the caramel icing just made it that much better!",5,1
ex !!!!!.,5,1
i love chicken noodle soup and was anxious to try this recipie. i should not have added the sour cream. i could not eat the soup because adding the the sour cream made it sour tasting. i love sour cream but not in soup.,2,0
"i have never been able to bake bread. it was always a waste! i am loving this recipe. i could tell by the dough that it would be good but it wa really great. after the 3 cups of flour, i did what the recipe advised and added the extra flour 1/2 cup at a time and 51/2 cups did the trick ( plus extra for kneading). i made a nice round loaf, a regular sized loaf and 6 cinnamon rolls that i made by adding a mixture of sugar, brown sugar, cinnamon, butter and a bit of flour and vanilla and heaping it on top of the rolls before baking. everything tasted delicious. i'm hooked! will be baking this bread alot! thank you!",5,1
"when i make chili i brown the meat then add all the spices and let simmer for 20 min,it seems like then u can taste the spices better.i used ground turkey and one can of (red gold) petite diced tomatoes with chilies (hot) lots more flavor. used one can black bleans and one can dark red kidney beans did not add the yellow pepper- hubby does not like peppers in his chili. thanks for sharing!",5,1
"my husband is not a pancake lover, but it has now changed after i tried this recipe. i make a batch of these every weekend, and he eats them through the week for breakfast. i love the fact they have oatmeal. i add blueberries for him. dee-licious!",5,1
delicious! better than i expected!,5,1
loved the flavor but it was toooooo salty.,4,1
"made this for christmas and nobody liked it! i thought it was okay, but nothing special enough to make again. this is not going in my recipe book needless to say.",2,0
"this was great, my kids loved too!",5,1
best soup i've ever had.,5,1
"wow, these are amazing! after reading the reviews i followed the suggestions of cutting back on the sugar to 1 1/2 cups and adding 1/2 cup of chopped walnuts. i did not make as much frosting as the recipe called for and also cut back on the amount of cream cheese (not a big fan). this recipe is definitely a keeper!",5,1
"i really loved this recipe. we acquired some apples from my son's tree which we believe to be a golden delicious. therefore i did cut the sugar for the filling back to 1/2 cup and used 2 tbsp apple cider vinegar in the cup of water to tang it up. of course i had to eat my first serving before it had cooled completely with melting vanilla ice cream on top. so delish, and i know it will be even better tomorrow after the flavors blend together. i will make it with granny smith apples and try apple cider instead of water next time and i believe it'll be perfect for my family's taste. thanks so much for sharing gertrude!",5,1
"loved this chili! made a few alterations taking a cue from other reviews, added a can of navy beans, chopped crimini mushrooms, a jalepeno and a bit extra cayenne pepper. will make again, great recipe!",5,1
love this recipe. i place all the dry ingredients in an airtight container with the instructions for preparation taped to the outside of the container. just add the wet ingredients and you have your own 'prepared' pancake mix. makes for a quicker preparation when my family comes for weekend visits!,5,1
"loved this recipe! even though i found it in the comfort food diet magazine, it still seemed a little heavy. i made some substitutions. i used 93% lean ground turkey instead of 90% ground beef + used the entire 1.25 lb package instead of the 1 lb of ground beef called for in the recipe since i didn't want to freeze the extra 1/4 lb by itself. i don’t like italian dressing so used 1/3 cup v-8 juice instead of ¼ c it dressing. next time i will boost it to 1/2 or 2/3 c if i use the extra gr. turkey again. cut the number of flour tortillas to 2 per layer instead of 3. results in 8 ww points plus for 8 servings.",5,1
excellent recipe. will definitely make again.,5,1
"excellent!! my husband loved it and he is a picky eater. i added basil and a bay leaf for extra flavor. i will definitely make it again, soon!!",5,1
"i made this soup once--more than a year ago. it was a huge hit with everyone. i'd very much like to convert it to a rival crock pot recipe as i had a bit of a sticking problem after adding velveeta. i'd like to try it in the crock, bit i don't want to ruin it. liked review replacing peppers with hot sauce since i don't like chopping the jalapenos, any suggestions/thoughts would be greatly appreciated!!!!",5,1
"we liked this, and i did leave out the italian dressing becsuse i could not think of a reason for putting those flavors in a tex mex dish. also used refreid beans and pepper jack cheese instead of the mexican blend.",4,1
this is fabulous! i used skim milk and otherwise made as directed!,5,1
did anyone else even come close to using 6 cups of flour? i used met before. and it came out perfectly,2,0
this is very yummy. family loved it. making it again but wanted to know if you can make ahead or will the tortellini get all mushy?,5,1
". to avoid issues that some people had you must pay close attention to kitchen tips listed & details1) cool crust completely.( i chill the crust after it has cooled a bit on counter) be sure to spread the cream cheese layer all the way to outer edges, so that it is touching the edges of the pan.(then chill)..this avoids letting the jello topping seep down into the crust do not cut the amount of sugar in the crust.part of recipe.it is needed to make it crispy.to speed up the jello portion i dissolve the sugar ( 1/2 c. to 2/3 cup not 1 full cup) into only 1 cup boiling water....then when sugar is fully dissolved i add in the remaining 1 cup very cold water ( or cold juice) drained off from thawed strawberries to equal1 cup ) be very sure the jello is partially set before spooning evenly over chilled cream cheese layeryou do not want the jello fully set but you do not want it to be a pourable liquid either. if the jello fully sets before you get to it...just warm slightly for a few seconds at a time in the microwave till it is semi set. bt not warm. sometimes i grate some dark chocolate over the whipped cream garnish dallops, before adding the pretzel garnish....if i remember to pick up some chocolate covered pretzels for the garnish,good recipe but the directions could include more specific details and the sugar in the jello could be cut down to 2/3 cup....maybe even 1/2 c. especially if the frozen strawberries are sweetened type..",4,1
love making seasonal cakes for the family ... they loved it ! will be a keeper.,5,1
"this is a great fast bread recipe. and to answer one of the questions below, yes you can use a stand mixer. i used the whisk for the initial mixing and then switched to the kneading hook for the 8-10 minutes suggested in the recipe. turned out fantastic.",5,1
"even though i gave this recipe 5 stars, i think there is way too much sweetness with 2 cups of sugars. fantastic recipe and this is definitely a keeper. i will just decrease the amount of both white and brown sugar the next time!",5,1
"this recipe was perfection! my husband could not say enough good things about it! he said ""now this is what a chicken pot pie should taste like!"" i followed the recipe exactly. i did use yukon gold potatoes instead of a regular baking potato. at first, i thought i would cut the recipe in half as i didn't think i needed two pies worth, but i am so glad i went ahead and made both. the chopping is a bit time consuming, so i am glad that now i will get two meals out of this one night of work. i put the other pie in the freezer for the future and cannot wait to have it for a simple meal a few weeks from now. loved this!",5,1
this was very delicious. broiling it in the oven was a great idea.,5,1
this recipe looks exactly like the one on foodnetwork.com for paula deen's pumpkin bars. http://www.foodnetwork.com/recipes/paula-deen/pumpkin-bars-recipe.html,2,0
i love this easy potato soup. i used a 32 oz. bag of frozen hashbrown instead of cutting up all those potatos. worked just great. my family loved it. my son wants a batch to carry back to college.,5,1
"this was a huge hit at both parties i took them to this year. easy to make, although they take time because of the need to let them harden between layers. had no problems with the icing cracking or the caramel running. we kept them in the refrigerator or freezer until about a half an hour before serving. to store, i buttered the bottom of a pyrex container lightly, made one layer with the candies, then put parchment paper down and made another layer on top. between chilling them and the parchment paper, it kept them from sticking together too much.",5,1
made these for a reunion and everyone loved them!,5,1
i make this for brunch with the ladies. my good friend is wheat-intolerant. she loves this recipe.,5,1
i'm a volunteer filed editor and i love testing out recipes. the marinade in this recipe was just right! we really enjoyed the flavours in this dish. i cut everything up and let it sit while i got the kids from school. it was nice to have the prep work done ahead of time as this allowed me to help the kids with homework right up till it was time to cook supper!,5,1
"were easy to make, tasted great...quite moist. did add some cream cheese to the original frosting.",5,1
"zowie, this is one amazing combo pie. delightful.",5,1
"very good, but extremely high in fat and cholesterol. so not really a ""healthy dish"" but very tasty.",5,1
h my gosh this is one of the best cakes i've made. very tasty and moist. i didn't make the frosting but next time i will. this will go with my favorite recipes,5,1
"my son with minimal cooking experience took the initiative to make supper one night. lucky for us he found this recipe. fantastic! better than any fajitas i have ever had. because he enjoys peppers, he used a whole pepper (red & green) rather than just half as suggested. i'm am surprising him tomro, just finished prep work and marinating in basement fridge. only need fresh guacamole and a little cilantro and we're set! very happy daddy!",5,1
simply delicious! i skipped the raisins and walnuts but it was still moist and yummy.,5,1
"for homemade mac 'n' cheese, this is the best i've tried. definitely not dry. i agree with the other posters who said the sauce was thick and pasty. there was also too much of it for the amount of pasta. next time i'll use a whole 16 oz. package of macaroni (3-1/2 cups uncooked) and alter the flour and milk as suggested by others to get a thinner sauce.",4,1
"i am a young senior and a well seasoned cook and baker - pun intended! i know there will be some who will start clucking under their breaths when i say i haven't made this exact recipe, but is is very close to one my mother, who was a fabulous cook, taught me years ago. i read a lot of the reviews, because there are so many, and i want to make comments based on what i read and my level of experience. because there are so many who commented on there being too much thyme in this recipe i would suggest that if you do not use thyme regularly that you add the amount suggested in increments. if you're not use to more heavily spiced foods start off with a quarter of a teaspoon - then sample it. not enough, add another quarter of a teaspoon and sample it again. if you like that amount you don't need to add the full teaspoon. flavours become more pronounced as they cook and have time to combine with other ingredients. spicing is a very personal thing and so you should always try a bit if you are concerned there is too much of anything. you will not get zapped by lightening if you adjust the seasonings to your own personal preferences. and - it does not mean the recipe is not great. the person who submitted the recipe likes the seasoning - based on her family's taste buds but it doesn't mean it can't be adjusted to your own! the same goes for any other recipe. have some teaspoons ready to sample recipes as you go. personalize to your heart's content! it really irritates me when people comment about throwing food out because they don't know how to make it more palatable. i do have to remind myself though that not everyone had a mother like mine or had home economics classes in high school - though they didn't teach me much i hadn't learned at home. cooking and baking can be so much fun and life is too short to get so caught up on minor issues. remember - add a pinch or so, sample and add more till it is to your taste. baking has to be a more precise exercise because there has to be an exact ratio of rising agent (as an example) to other dry ingredients and liquids used. again, flavouring is a very personal matter. i would like to thank karen johnson for submitting this recipe that makes this potpie from scratch, with no condensed soup and artificial flavours! to quote from a book called siddhartha by herman hesse, i read in my early 20's ""knowledge is communicable, wisdom is not."" one of my mom's favourites: "" we get too soon old and too late smart!""",5,1
"really good, i used oil also and just a little more sugar, wonderful!!",5,1
i love this bread and so do my children,5,1
excellent! change of sprinkles and mini liners make them perfect for any party. they are a hit on any holiday tray!,5,1
omg… this recipe reminds me of my mom’s! it’s so moist and seasoned so well! i just finished the last bite! thank you for this delicious- ness!,5,1
"after 3 helpings of this dish, my husband said i could add this dish to our weekly dinner rotation. i added chopped carrots instead of the corn along with a teaspoon as thyme and it was delicious. definitely a keeper!",5,1
great family friendly recipe! easy to make on a week night. will definitely make this again.,4,1
"this recipe really surprised me! it was so easy and the results are amazing, far beyond my expectations! it tasted like fresh, delicious store bought (soft warm) italian bread...this is going to be a new favorite recipe of mine for sure! my husband loved it!!!! incredibly delicious. the proofing takes some time, but all the steps were very easy to follow. thank you so much!!! i love it!!!!",5,1
great cupcake the frosting was yummy!,5,1
it was simple and plain in my opinion. it tasted like a vanilla wafer cookie with cherry pie filling spread on it. it's so sweet you can eat it without the icing. sorry to say i don't think i will be making this one again. i would give it one star but my son said it should be a least two stars due to the sweetness factor.,2,0
"very good. for those of you that want to substitute apple sauce for some of the oil, remember to use only unsweetened applesauce as sweetened applesauce will add more sugar and make the bars too moist.",5,1
"love, love, love this! i used a combo of types of mushrooms made a slurry of the mushroom mixture, flour and 2 cups of the chicken stock to cook out the flour taste. warmed the remaining stock and then added the slurry to the hot stock; stir often until thickened then add the cream and turn down to med/low and let simmer. a few extra steps but oh so worth it!",5,1
"these are so good. i've been making it for 15 years ever since i found it. my family loves them. when rhubarb season is here. they are made. if i get really busy, i use canned cream cheese frosting.",5,1
excellent +,4,1
"not only did i cut the sugar back to a cup, i also replaced 3/4 cup of the white flour with whole wheat flour and it still turned out wonderful!",5,1
"i've made this over and over. we all love it. it doesn't take the place of a traditional beef chili if that it what you crave, but i wouldn't expect it to. wonderful recipe!",5,1
my husband and i both love this recipe but i leave out the sugar and use stevia instead (one pack for us). and i disagree with the comment about it not being good for leftovers. we think it's even better the day after.,4,1
"made this twice in two weeks, once to try and again to serve for company. i did add half a can of tomato paste to thicken up, but i like my chili thick. very tasty!",5,1
a perfect fall day recipe! went straight in the recipe box!,5,1
this is a lovely cake. i piped the whipped topping on top and it looked so fancy.,5,1
this was a fun and easy recipe. they taste just like a from the store. i've melted chocolate in the micorowave before and it is always a disaster but the peanut butter seemed to keep it from getting hard. i as well did not add the salt and it was fine.,5,1
a hit with my family. easy to make. moist with a great banana flavor. cream cheese frosting compliments it so well.,5,1
"yum!! just made this soup using frozen hashbrowns and it turned out delicious! i used a little less bacon, around 3 cups or more frozen hashbrowns, and shredded cheddar cheese instead of velveta. i used fat-free milk and added a touch extra salt after tasting it when it was done. didn't have fresh onions on hand, so used 2 tbsp hydrated onion. this will be on my list of great soups for fall!",5,1
"i started making this recipe in 1994 when i first saw it in a taste of home magazine. i have found none to compare to this version of baked spaghetti. everyone that tries it wants the recipe. this recipe is not a traditional tomato based type, but is rather creamy with enough oregano to give it that special ooomph! 18 years is a long time to make a recipe. it's definitely a keeper. this makes quite a bit. i fed my growing family of four way back in 1994 and had leftovers for several days. now i make it in its full recipe, but freeze much of it so that i can have it later. i don't add the cheese to the top of the frozen ones until ready to bake. this recipes freezes beautifully.",5,1
"this was so good! the flavor was perfect. i didn't have fresh peppers and onions, so i used a frozen blend and they ended up pretty limp, so i will use fresh next time, but it still tasted great. super quick and easy, too.",5,1
fabulous!! i halved the recipe and added chopped smoked sausage for my husband and myself. definitely one i will make again and again!!,5,1
easy and delicious! did not get 4 dozen from this recipe - maybe my family likes big servings!,5,1
"fantastic! everyone loved it. one small thing i would change is to omit the 1/2 cup of confectioners sugar in the pudding layer. it's plenty sweet already.for the reviewer whose pudding layer didn't set up, don't forget to let the pudding stand until soft-set. i put mine into the refrigerator for this step.for the reviewer asking whether to leave the cream on the cookies; yes, leave it on.",5,1
very delicious. a little too spiced for my family so next time i’ll cut the red pepper flakes in half. otherwise a very easy dish to make.,5,1
wonderful! i sprinkled the paprika in the sauce mixture.,5,1
i love it it is the best soup ever that is why i gave it one star,1,0
"very good and makes a lot, love it with any kind of bbq",4,1
"i don't eat carbs (pasta, etc) and can't wait to make this. will probably add some ricotta on top of the zucchini.",5,1
this soup is absolutely delicious! fir some reason i always thought mushroom soup was hard to make...well i couldn't have been more wrong. simple and the results are crowd pleasing! i made it for a potluck and x4'd the recipie. i also substituted corn starch for the flour..used less and my gluten free friends were also able to enjoy.,5,1
"this is an excellent basic au gratin potato recipe. because we love cheese so much, i added an extra 1/4 cup or so of grated cheddar.",5,1
perfect. i baked it longer but may have had more filling.,5,1
very delicious and easy to make!!,5,1
"it was okay, i agree with some users. the ingredients aren't proportional. it was way to moist. wet almost. unfortunate, as it is a waste of ingredients.",2,0
"made it yesterday, very tasty. excellent recipe",5,1
"i found this recipe a week ago and have made three times already. my husband’s favorite dessert by far. and, it’s so simple to make. i’ve been buying fresh peaches for a week now, ready for new dessert, lol ??",5,1
"fabulous dessert! i used white cake mix with diet sprite instead of eggs & oil (and a touch of leftover pineapple juice). following suggestions by other reviewers, i poked the top of the cooled cake with a fork and allowed all the juice from the 20-oz can to sink into the cake. everything else went according to recipe. we can't get enough of this stuff!",5,1
"delicious - easy to make healthier - use low fat cream cheese and non fat plain yogurt. i used splenda and only 1/2 of 1/3 cup and no brown sugar on top. also, dry roasted almonds instead of sugared nuts..",4,1
"this is fantastic, everyone loved it and yes i will definitely make this again.",1,0
the first time i made this my family and i was super impressed and it has become the most requested dessert for sunday dinners.,5,1
i will definitely make this soup again. very tasty and filling. i used mexican blend cheese instead of velveeta. made a big pot on a cold day and gave some to my neighbors. we all loved it. definitely a keeper!,5,1
"these are delicious but they are time consuming as many other reviewers have stated. also, i had big problems with them falling apart too. i'd like to know how they got that pic posted because even in the fridge the chocolate slid off the top of the caramel.",4,1
"my husband said this is a keeper. i added some red pepper flakes to the zucchini mixture, used prego pizza sauce & added garlic & italian seasoning to the meat. he is on a low carb diet.",5,1
something in this recipe is way off with the ingredients. my bread was not all all the correct mix of ingredients.,1,0
this is the only chicken pot pie recipe i make. the flavors are well-developed and it is pretty easy to make. i generally use a rotisserie chicken for the 4 cups of chicken. i get requests for this pot pie quite often. it's definitely a favorite in my family.,5,1
"very tasty, i usually don’t like rhubarb.",5,1
my whole family loves this dish and every time i make it for company they always rave about it. so easy and deff something that can be altered to fit personal tast. i have made it many time and i am sure i will make it many more times to come!,5,1
"paige- whole wheat flour absorbs more water than white white flour. so, either you need to increase the amount of water or decrease the amount of flour. i'd you want to keep a similar texture, you can try substituting 50-70% of the white flour for whole wheat flour.",5,1
this is a great recipe! i make it as muffins and add raisins and often call it breakfast! thanks.,5,1
"firstly, i never peel or seed my zucchini. my mom's recipe for the cupcakes are similar so i just used hers. i made the frosting and it was more like a glaze..should i cool it completely before adding conf. sugar? instead of putting it in when it's lukewarm? it definately did not look like the picture. i then added a pack of cream cheese and more conf. sugar and it turned out fabulous!!",5,1
very good. my family loves.,5,1
"my sister raved about this and made it for me to try. it was wonderful!! she even used fat free sour cream and low fat cream cheese to cut down on the fat in it and that made absolutely no difference in it, it was just delicious!",5,1
"horrible, bars were super dense no flavor . super disappointed",1,0
"awful.these were so bland. i made them exactly as written and i had to make a decision whether to just throw away or try to salvage. i ended up adding salt, garlic, milk, cheese. cooked some pasta and made a chicken mac n cheese. it was edible and saved 1 1/2 pounds of chicken breast.",1,0
"been making this for years for church and famliy events. when we take it to the chili cookoffs, its always the first to go and usually the pot is scraped almost clean! its always a big hit. i have even used turkey and cooked dry white beans in a crockpot to make this, still just fantastic!",5,1
this not only taste good . but easy to make and real pretty to serve or give as a gift to someone ..thanks for the recipe,5,1
was in the process of making 60 cabbagerolls and needed the oven space for them when i came across this recipe. omg this is fabulous. i added some green pepper pieces and zucchini i had on hand and am as i type am enjoying the slow cooked lasagna thank you for a fabulous keeper recipe.mmmmmmmmmmmmm,5,1
"this really tasted like stuffed peppers without all the fuss. i used red and yellow sweet peppers, very good!",5,1
"used chicken stock. added carrots, celery and onion. seasoned the chicken with salt and pepper before cooking it. cooked 4 cups of noodles separately. the soup is bland, but indeed comforting.",4,1
this is my youngest son's favorite corn bread. it's so fluffy and light. honey butter is good on this bread.,5,1
"new family favorite. instead of water add more chicken broth, instead of diced tomatoes add diced tomatoes with green chili (rotel works well). wonderful with fresh bread.",4,1
served this for guests and everyone enjoyed it. i used hot turkey sausage instead of bacon and monterey jack cheese instead of swiss. i seasoned the eggs and threw in some red bell pepper because i had it on hand. i made it the day before and did not thaw the hash browns per another reviewer's suggestion. worked great. next time i'll add some diced green chiles or hot peppers to spice it up a bit more. really good!,5,1
i took this to work where this was greatly enjoyed. i keep getting requests for the recipe.,5,1
"love this bread! my wife and family also love this delicious sandwich bread. definitely doesn't require all of the flour. i used around 5 cups. everything else is spot on though. to quote holly- i felt like an instant bread expert. i have already made this recipe 2xs. the first time with all purpose flour, came out dry and spongy. the second time i used baking flour, and the bread was perfect. crisp yet chewy. thank you.",5,1
"pure comfort food, purely perfection. i chose all fresh organic ingredients and used spicy chicken sausage. i seved this soup with some warm buttered italian bread.",5,1
delicious! made this for our memorial day bbq and it was hit. everyone loved it including my husband who is always hesitant to try new things. he said it was a nice change from my regular pasta salad and to add it to the rotation!,5,1
"i just whipped up a batch and it turned out perfect...it's chilling now so i don't really know how it's going to cut & taste but the fudge looks smooth, tastes wonderful, super easy...i can't wait to try a piece!!",5,1
i don't normally make comments but these cupcakes were so good that i had to! the flavors all blend together well and the cupcakes are super moist. i am not a huge fan of pumpkin but i loved these. these are great cupcakes for thanksgiving!,5,1
very good chowder! i used cheddar cheese soup with 1 cup of cheddar cheese instead of the 3 cups of cheddar cheese. i also used canned potatoes and canned carrots. my husband loved it so much that he wants me to make it again!,5,1
"the cake was phenomenal! my family loved it, and when i brought to my bake sale, it was the only item that was sold out completely. the only thing i added to it was a little more flour because the recipe was a little too liquidy. other than that, it was an awesome cake!",5,1
"i made this today, and it was easy and delicious. i will definitely make it again.",4,1
not impressed won’t make this again.,2,0
"amazing!!! very moist. i used cool whip cream cheese frosting, but sadly they have discontinued it.",5,1
these are delicious! i sprinkled with powdered sugar instead of making the icing - wonderful! big hit on valentine's day..,5,1
"taco chilli is one of my favorites except i make mine with black beans, ground turkey and no stewing tomotoes....awesome!!!",5,1
"i doubled the beef and thought it was much better. also you don't need to peel the potatoes, i've made it both ways and you can't tell a difference. i only use three cups of potatoes and leave out the salt - the velveeta has more than enough salt already!",5,1
the best ginger cookies i have ever had or baked. these are delicious!,5,1
"yummy! i made it ahead of time and when i warmed it up in the oven, i think i had it in there for too long, as it just turned into slop, but it tasted so good! i'll make this again!",5,1
loved this and enjoyed the leftovers a few days later. delicious! i added a small can of petite diced tomatoes (well drained). have prepared it several times already.,5,1
"i thought this cake was really easy to make and came out great! the texture is both spongy and slightly dense at the same time. i followed other reviewers' suggestions to add a smidge more vanilla and a pinch of salt. i did also add about 1/2 tsp. of rum extract because i thought the batter tasted good, but needed a little... something! you could really use this cake as a base and add any type of extract or flavoring you're in the mood for. i also agree with the others who said it's very important to beat the eggs for the full 5 minutes, maybe even a little longer. i also made sure i beat the sugar and eggs until they were nice and airy too. 35 minutes in the oven was perfect. the cake tastes great on its own--especially when it's still warm--but i plan on serving it with strawberries and fresh whipped cream later. can't wait!",5,1
"the only difference in your and my recipe is i like to ad a 1/2 tsp on cloves and 1/2 tsp nutmeg for a real holiday flavor, and i throw in a cup of raisins too",4,1
way to watery.,1,0
"best pancakes ever! i added a little more milk because the batter seemed to thick to pour. big fluffy panakes, will definitely make again!",5,1
my family loved this one.,5,1
always keep a stock in my freezer. quick to make. add cilantro and try different cheeses. it is unbelievable! thanks!,5,1
"being a new englander i have had some of the best restaurant shrimp scampi .. this recipe is by far the best i've ever had. 5 star restaurant, wonderful. thank you",5,1
the only ginger cookie recipe i make!!!! it is fail proof and they always turn out the same:),5,1
my husband loves this soup. i add more broth so that it is not so thick.,5,1
the boys in the family love this! one reader sent in a good idea...spread refried beans on tortillas while they are on a flat surface and then place in the pan. so much easier!,5,1
i've made this many times. great!,5,1
we make this banana bread all the time. it is by far our favorite. we use less pecans though because i don't care for them (maybe 1/4 cup total?) and we haven't actually tried it with the glaze yet.,5,1
the flavor was good but i did find it a little too moist and left me feeling like it was too oily.,2,0
"my family loved this soup, easy to prepared, the soup was full bodied, creamy and delicious. i normally do not use velveeta in anything, but in this soup, it was perfect.",5,1
"really enjoyed this recipe,and my family loved it. thank's for sharing. leeann treacher",5,1
these are so delicious and so easy to make!,5,1
"if you have a serious sweet tooth: i didn’t enjoy the horseradish flavor. just a personal preference, but next time i’ll use mayo instead. i doubled the sauce & used a pkg of 8 sweet rolls. i had to put 2 of them in a pan all by themselves, which turned out to be a happy accident because it left more space around them for the sauce to caramelize so when you cut to separate them, more of the thin, crispy-chewy sauce stuck around the edges. so you got more of the savory-sweet chewy toffee for each sandwich. next time i make them, i’ll bake fewer in each pan so this will happen to all of them.",5,1
i made this for st. patrick's day. it is a moist cake but doesn't taste chocolatey at all. it tastes like beer. the frosting was quite runny so i added additional powdered sugar trying to thicken it up some but it didn't work. it stayed runny even after refrigerating. it tasted good though. i poured it over the cake. my husband liked it but he loves beer.,2,0
"this is a fantastic dessert to feed a crowd. i was a bit skeptical of how thick my batter was to spread on the bottom of my pan, but it all baked up just fine! these cut best for me after chilling slightly. delicious!",5,1
way too sweet and does not make 7 doz. i won't be making them again.,2,0
"this was a truly delicious lasagna. i used hot italian sausage because my family likes a bit of kick in their meals, but there is really nothing i would change about this recipe. it is definitely a keeper.",5,1
this is one of our favorite seafood recipes. we really like it with the recipe for roasted potatoes and artichokes.,5,1
"i made this with some apples a friend gave me and it did not disappoint. it had lots of cinnamon flavor and crumbly crust which are my favorite parts! the extra liquid you prepare to add to the apples did make it a little on the sweet side, but i loved the addition of vanilla.",5,1
"this is a great recipe! the dough formed perfectly for me, it almost felt like playdoh. i didn't have any ground cloves on hand, so i left them out and they taste just fine. they needed and additional 2-ish minutes in the oven, but that's no biggie at all. this is defiantly my new favourite cookie recipe!",5,1
"this was wonderful. prepared as written, except i used homemade pie crust instead of store bought. it received rave reviews! thank you for sharing!",5,1
"i was excited to try this recipe. followed it to the letter. bread didn't rise properly, the sides and bottom were burned and the middle was still mush. i greased my pans really heavily so it would not stick. still stuck. i'm only giving this 2 stars because it was an easy recipe. what a waste of ingredients. we couldn't even eat it.",2,0
i tried this from googling peanut butter fudge. it was easy. creamy and taste heavenly.,5,1
"very yummy, and the frosting is fabu!",4,1
"these were awesome. i did however, fill them with a whipped cream and vanilla pumkin spiced pudding. it just added that wow factor",5,1
i have made this dish twice. my husband & i absolutely love it! thanks.diane,5,1
"wow! if i didn't know, i would not have known that it was a zucchini base. what a great way to use zucchini. i used my home canned marinara sauce and it was absolutely delicious.",5,1
"delicious sounding, i cannot wait to make these.",5,1
"excellent recipe, i added a few things and tweaked the sugars. i also highly recommend using more than one type of apple for better flavor. i use macs, cortland and granny smith. makes for great flavors.",5,1
"this was the entree for tonight's dinner and it was well received! i left out the italian dressing as i'm not a fan of it anyway, but it was excellent! i put the recipe in my ""favorite"" recipe box too. what do you think of tearing the tortillas in pieces instead of placing 3 down and 3 layered with the meat mixture?",5,1
"this was a big hit. i made a few minor changes to fit my families taste without changing the essence of the recipe. first of all my daughters do not care for green chilies, so i used only one can. i also pureed the green chilies along with the sauteed onions and garlic. my daughters love the flavor of onions but not the texture. secondly we adore the flavor of cilantro, i use it as a flavor enhancer in the majority of soups; so in this case i doubled the amount of cilantro. additionally i added a quarter cup of rice. my oldest doesn't like chili texture so because of this and the addition of the rice i used a 48 ounce box of broth. this gave it a chowder consistency that my daughter loved. i used precooked roasted chicken so i added a light splash of lemon juice to cut the ""greasiness"". lastly to make it healthier i swapped evaporated milk for the heavy cream and plain greek yogurt for the sour cream. all of the flavors of the original recipe is there and with the minor changes it has become a favorite of my oldest daughter.",5,1
i made this for a pot luck at work...it was the first to go!! yummy is all i heard for the rest of the day! will make again.,5,1
these were very good. loved the spices and icing made it so good.,5,1
good for my homework on a recipe with milk. i have tasted this and it is good.,5,1
"we did enjoy the fajitas, but i like it better with lime as opposed to lemon and i add a sauce for a little extra zip.",4,1
"yum, this pie reminds me of my childhood and eating ambrosia salad. i know our family and friends will enjoy it this year at thanksgiving. i used a pillsbury pie crust in place of the graham cracker crust. thanks for sharing ;)",5,1
love the salty and sweet together.,5,1
"i was in the mood for cream of mushroom soup and found this recipe and decided to make it. i only had one package of button mushrooms, 1/2 red onion, and sautéed them in the butter. i only had a 32 oz carton of organic low sodium vegetable broth, and i used the 6 tablespoons of flour in it. did not notice the flour taste, i did let it cook for a while. i did not have any cream only skim milk, and it came out really good for my taste, it had a nice creamy texture, cream may be too heavy for me. i also had a cooked chicken breast and cut that up and put in as well. i also used mrs dash onion in it for a little kick. i think this recipe is very easy, quick, and i will definitely make again, and get more creative with it. use more different types of mushrooms, puree some and leave the rest chunky, add some wine. it was so fast to make! yum! :-) i think i will use this recipe with broccoli as well, might be fun!",5,1
what a great recipe. the cupcakes were moist and the icing was delicious.,5,1
it was simply delicious!!! the taste of banana is very subtle,5,1
"this recipe was not to my liking. i found it to be overly sweet and i did not care for the crisp part, it was not crispy enough.",2,0
this was a hit at our family christmas party! i put more ganache on and grandpa asked if i really made it or bought it! :),5,1
"very tasty,,but next time i will double the sauce to make it creamier. i also added 1/8 tsp. of thyme to give it extra flavor.",2,0
this is the only chocolate cake recipe my family will allow me to use! the best!!,5,1
"very good base recipe. the gravy was tasty and easy. i made it in the crock pot and cooked it for 4 hours on low. the gravy was thinner than it would have been, but we didn't mind, and it kept the pork moist. i added a lot more salt and pepper, and some rosemary. it needed the extra flavor. we served it with broccoli.",4,1
"was easy, but i thought it needed more flavor.",4,1
followed recipe exactly and casserole did not rise. daughter made it a few weeks ago and had same results. perhaps a 9x13 baking dish is too large?????,1,0
"the chicken filling is the absolute best i have tried and will definitely make again. as a personal preference though, the only thing i would change is to only use crust on the top, or top it off with puff pastry.",5,1
so good! and easy. i ground up a cup's worth of steel cut oats and flaxseed in a coffee grinder and added it in place of another cup of flour (trying to eat healthier). it turned out great and nice texture. this bread rose much better than another recipe i used and looks beautiful.,5,1
"quick, easy and great!",5,1
wonderful! i added fresh chopped green onion to the top.,5,1
"this is the highest rated recipe on the whole site? hamburger and potatoes swimming in processed cheese and loaded with calories, carbs, fat, and sodium? this looks like hamburger helper only someone forgot the pasta and threw in potato chunks. ground beef swimming in melted processed cheese is the best of the best!?! i'm surprised the instructions didn't suggest dipping some mayonnaise on white bread sandwiches in it to complete the theme.",1,0
"although this is a great recipe on it's own, i've sauteed bell peppers w/the onions and added green chilis. just gives it a little extra kick. i rate the original recipe very highly. everyone loves it!",5,1
"this is definitely a family favorite. i've been making it for over a year, but i, too, have made a few minor changes to it. i use a one-pound package of regular pork sausage instead of the turkey sausage links. then, to make up for the lack of italian flavor, i added 1 teaspoon of italian seasoning. and to save time, i also threw in a few handfuls of frozen spinach instead of dealing with fresh spinach. like most soups, it gets even better after it sits overnight--assuming that it lasts that long!",5,1
made exactly as set out in recipe except added one teaspoon of cinnamon to filling. prep was easy and straight forward. enjoyed the pie filling but did not like the crust. the taste of butter was overwhelming. in the future i may prepare standard scratch pie crust with this filling.,2,0
this recipe is a big hit at any gathering. i added a little shredded cheddar cheese and bacon bits and it was a big hit!,5,1
great recipe. i almost ate the whole thing myself.,5,1
"this is the best cake i have ever made. my family loves it, it is always a hit. i did have to cook it longer. my oven runs a little bit hot and i usually have to reduce cooking time but with this recipe i cooked for an additional 10 minutes.",5,1
"excellent! because of personal preference, we'll cut back on the amount of garlic next time. the only other chance we made was to add a splash of white wine. thanks so much for the recipe - we'll use it often.",5,1
"yes, a splash of vinegar and this turned out just right!",5,1
i have been making this ever since it appeared in your magazine years ago. this is one of our most favorite meatball recipe. the only thing i do different is add a little onion powder to the meatballs and i usually add a 8oz. can of tomato sauce because we like extra sauce. we love it withashed potatoes or potatoes i put through my river. delicious!!! we love the leftovers too :-),5,1
"with only 2 of us at home now, i make this using 2 round cake pans. the first one is perfect for us for a couple days, and the second goes in the freezer for next time!",5,1
this was a great recipe. the only change was substituting mayonnaise for the miracle whip. everyone loved it. no leftovers.,5,1
we just didn't care for the taste with the cream of mushroom soup it was just weird. way to much work for something thats edible but not worth making agian,2,0
absolutely delicious. one of our favorite recipes.,5,1
i made a few loaves without ketchup for my picky little eaters... we loved it! thanks for the recipe toh!,5,1
"i would recommend more spice, oregano and basil",4,1
"delicious! i added seasoned salt, poppyseeds, a bay leaf and diced celery",5,1
"i am not normally a huge fan of chicken pot pie; however i had lots of thanksgiving leftovers to use, so i thought i would try one. well, boy and i glad i did! i am now a believer! this is the best chicken (or turkey!) pot pie i have ever eaten! even my husband raved! i did leave out the corn, and probably lowered the amount of thyme (my shaker bottle wouldn't let me take the lid off, so i just poured a couple of shakes worth in the sauce). this recipe halves well, as i wasn't about to make 2 pot pies (see first comment about not liking pot pie). i will definitely make the full recipe next time and freeze one! thanks for the amazing recipe!!",5,1
"enjoyed the cottage cheese, made it creamy! easy to make and i used turkey sausage vs. bacon.",4,1
"this is the second time i have made this soup and it just gets better. both times instead of cooking the rice before adding, i put it in raw (using brown rice) and it makes it get nice and thick.",5,1
"these were fantastic! everyone who has tried them wants more than one. the recipe made 2 dozen cupcakes, but in the future think i will cut the frosting in half. there was a lot of it left over.",5,1
"this was so yummy. my husband loves chicken and dumplings but i could never find a recipe turned out for me. i did add a little garlic and onion powder and did not use low sodium chicken broth, just for flavor. i also used a rotisserie chicken because my husband likes dark meat better. the dumplings were so good, even the next day for leftovers. thank you for sharing this recipe - its a keeper",4,1
best lasagna ever!,5,1
my family has enjoyed this for years. i recently lost my recipe and failed to remember proportions. thanks for printing them again.,5,1
this was very good. i love beans. this was easy and flavorful.,5,1
"tastes just like any other banana bread. i made two batches. one following the recipe, and one with an extra 1/2 cup of gf flour. they both tasted the same, the difference being the size and density of the loaf. the one with extra flour turned out like a traditional loaf of banana bread, while the one following the recipe turned out more dense and flatter. both batches didn't last more than a day in my house. :-)",5,1
"followed the recipe to a “t” - excellent! added to my recipe file, one of the best i’ve tried. great fall & winter soup. thanks for sharing.",5,1
"fabulous recipe - i use plain soy milk and it turns out great! in fact, i'm eating some now with peach ice cream and fresh berries. yum!",5,1
"this was my first time making fajitas in a skillet since i'm so used to barbecuing everything on a grill outside, but alas winter has started so i needed to find a good recipe after wasting my time and food trying other ones. i found this recipe and decided to give it a shot. everyone loved it including my 5 and 7 year old! their's didn't have any peppers though ;p i did use lime juice instead of lemon because of what i read on the comments section and it was awesome. also i added a jalapeno to give it a little more kick for my hubby. the only thing i would do different would be to only use half the serving amount of oregano lol but that is just a preference. this recipe will be used again and again in my home :)",5,1
"i'm not usually a fan of anything pumpkin, but i loved this bread. i put it in 2 loaf pans. it turned out perfectly. yum!",5,1
this is a keeper! easy and delicious!,5,1
i have tried many fajita recipes and i was always disappointed. until now. this one was great. only change i would make is to cut back on the salt.,5,1
"i thought it was absolutely delicious. i did make one change. so i wouldn’t have to pound the chicken, i used boneless skinless thighs. everything else i followed to the letter. will definitely make again.",5,1
"i like this recipe, toss it in the crockpot",5,1
"re: bruschetta chickenthis is the first time i tried making something for company that i had never made before. well, it was just wonderful. i served it with smashed potatoes, string beans & a salad. everyone expressed how delicious it was. thank you taste of home for a great low cost company dinner. keep them coming.retired nana",5,1
easy and delicious!!! i can fix side dishes while this is baking. awesome!!!,5,1
"unless fish is fried, or oven baked with bread crumbs, my husband won't eat it!!! he gave this a big thumbs up. i didn't have capers, but wanted another taste in there with the butter and lemon. i sprinkled each filet with old bay seasoning and skipped the oregano. delicious and so easy!!!",5,1
i love this recipe. i substituted 1 liter of mushroom broth for the chicken broth for extra mushroom flavor.,5,1
"great recipe, but way too much sugar for our liking. i made a double batch this time and used 1c. sugar toral. i always add cinnamon with a sprinkle of nutmeg. i dont ever have buttermilk so i always use milk and vinegar with great results. made 1 loaf pan and 2 mini loaves; minis took about 50 mins, large took 1 hr 15 mins. delish!!",5,1
recipe was wonderful. family loved and they are tough critics!!!!,5,1
this cheesecake is stunning and delicious. i've made it twice to use as gifts and the recipients raved. i use a few more reeses than the recipe calls for to get that wow appearance on top. recommend this recipe highly.,5,1
"i tested out this recipe for the first time. i'd omitted the capers and scaled back on the butter, lemon juice, garlic powder and kept the salt and paprika as is. i used italian seasoning, crushed-about 1/2 tsp. i used a smaller pan (an 8-inch square baking pan, coated with non-stick cooking spray. i used 1 tbsp. to 2 tbsp. sweet pickle relish in place of the capers. the butter, i'd used 2 tbsp.-the lemon juice, i'd used 1 to 2 tbsp. and garlic powder i'd used 3/4 tsp. i baked fish for 15 minutes. this is a very tasty dish! it's moist, too! the sauce adds a nice flavor! delowenstein",5,1
i have used this recipe for years! i always mix it together on christmas eve and just pop it in the oven christmas morning. i love to add a small can or two of hatch chiles! i mention it on my blog here: www.maternitydessert.com,5,1
"made the recipe exactly as written, but cut in half for just 2 of us. used mild salsa, as we aren't big ""heat"" fans and kept the lime juice/chili powder ratio as is. wonderful! we decided this is definitely ""a keeper"" and will be made again and again. so easy, so quick after chicken was cooked. yum-yum!",5,1
"this is a wonderful recipe that i now make just for special occasions. elena, if you have any more of your ""specials"" we would love to get them. carol, stuart, fl.",5,1
"love, love, love the frosting. i wouldn't necessarily consider this a cupcake, more like a quick bread; however, it is tasty. i love the orange juice in the batter.",5,1
excellent flavor! i had to bake 10 minutes extra.,4,1
came out like soup with 1 tbs of liquid the apples didn’t get soft,1,0
i like this recipe. i followed the recipe as stated except i added 2 1/2 cups of vegetable broth instead of bouillon and 2 1/2 cups of water. the broth was pretty thin so i added 4 additional tablespoons of flower mixed it with the broth and added back into the soup. that thickened it up. the taste was a little bland but still good. next time i may add green chillies! will make again.,4,1
the very best mac and cheese recipe. loved it.,5,1
used chicken wings and only cooked 3 hours. my 6yr old gave it a 100 + 100!! hubby said it was a keeper. had tons of sauce left over and used it in a stir-fry the next day! the other two like it as a dipping sauce for chicken nuggets!!,5,1
"i love so many of the recipes posted on taste of home, but this is not one. i would give it a 3 on taste test, but the biggest problem is what the slow cooker does to the noodles. the noodles are so overcooked you cannot hardly tell what is sauce and what is noodle. i like a firmer noodle. i also cut the cooking time down an hour, but still no better. did anyone else have this problem? i might try it again but cook in the oven..",1,0
delicious and the pumpkin gave it a different flavor,4,1
"perfect molasses ginger cookie! my grandmother and my mother always ate their molasses cookies with peanut butter spread on top.................delicious!! try it.........it really is soooo good, especially on this soft and chewy cookie version.",5,1
we loves inmy family. we use the seasongs for chicken tacos and nachos! best ever!,5,1
"oh, so good",5,1
"i make this regularly, my whole family loves it. i have made it for company and it goes over very well. regarding the weight watchers question, i also was on ww and figured the point value to be 5 pts per serving without cheese and sour cream.",5,1
excellent twist on chili. used pumpkin puree (it's what i had at hand) and added a chunked sweet potato (for texture and bulk). recipe is quite 'mild' as is. i added a tsp of chipotle powder and a bit of crushed pepper in addition to the chili and it still barely tingled. good fiber and fairly low net carbs. very easy. will make again.,5,1
i recently made this soup for my neighbors who were ill. it couldn't have been easier. the creamy goodness made both of our households very happy. i added carrots and celery to the soup to up the nutritional value and make for a heartier meal. this is going on our regular rotations of soups this winter.,5,1
everyone raved about this dish. i will make it again soon.,5,1
"warm bowl should be used for jello and hot water mix; with cold bowl, jello does not dissolve as hot water 'cools off' too quickly!",5,1
"excellent! very easy, my new banana muffin recipe! i made these as mini muffins and baked them at the same temperature for 12 minutes - huge hit with my 4 and 2 year old boys!",5,1
"excellent breakfast casserole. i added green pepper and a little garlic to it. also served it with salsa and sour cream. this freezes well too. i divided into two pans, baked one and froze the other.",5,1
"this was excellent. super moist and so flavorful - and so easy. i doubled and made a 9x13 and six large cupcakes for a groom's cake. i iced the cupcakes with buttercream icing and did a white chocolate fondant on the cake. outstanding! i will definitly make it again. thank you, for sharing!",5,1
"so so recipe. it's more like a soup than a hearty chili. the recipe calls for way too much chicken stock. half that amount would have been more than enough. the chili never thickens no matter how long you cook it. again, this should be called soup not chili. way better chili recipes out there. won't make again.",2,0
this was so tasty that we ate it until all of the leftovers were gone!! i tried it with the cilantro for the first night but it was too overpowering so left it and the italian dressing off and it was sooo tasty!! making it again tonight!!,5,1
love this i add lemon juice,5,1
"this was so easy and tasted pretty good, although it seemed a little too salty. i too, put potatoes, carrots and some onion on the bottom.",4,1
my wife and think this is the best soup in my repertoire. we substituted bacon with mutton. mild cheddar is the closest i could find. it's not rich yet it feels smooth and creamy.,5,1
"this is a family favorite! it is versatile and is a good basic recipe which allows for changing up the vegetables or even meats used. the sauce/gravy is delicious and not too heavy - easy to prepare so no need to use canned soups. it is true comfort food and we enjoy it year around! i would like to say that the second pie makes it to the freezer, but it often doesn't!",5,1
can you freeze both a cooked one (due to leftovers) and also an uncooked one? i have made it in the past. followed the recipe and it was delicious.,5,1
pretty good. i didnt add any brown sugar or onions because i didn't have any. and i had to use bread crumbs instead of oats but it was still great!!,4,1
"oh my goodness! this dish is absolutely fantabulous!!!!! i used 1.5 pounds of shrimp (12 ounces), 1 pound (16 ounce) of real jumbo lump crab meat, and 1.5 pounds of bay scallops (12 ounces). i doubled everything else. i also added fresh garlic to my green onion mixture and i added the garlic just before i added the broth and juices. i used costco's fresh, aged parmigiano reggiano cheese. my sauce was not bland at all! it was thick, rich and decadent! also, in the doubling process, i used an 8 ounce bottle of clam juice and an 8 ounce bottle of lobster juice. be sure to drain the seafood stock from the meat to ensure your source isn't runny. additionally, because mine did not brown after 38 minutes of baking, i put it under the broiler for about 2 minutes. it was perfect! while the seafood makes the dish costly, it was well worth it! i will certainly be making it again!",5,1
"best soup,i always double it . my husband is not a soup eater and he requests this soup every two weeks. when i make this my mom has to come over. thank you for this yummy soup.",5,1
"this is the absolute best fajita i ever ate!!! i like more veggies, so i'll add another pepper and some julienned onion the next time. however, it was totally wonderful just as written.",5,1
"these are exceptional. just perfect. i used organic unsweetened coconut flakes (trader joe\'s), and used 1/3 cup sugar with an extra small teaspoon since the coconut was unsweetened. since my coconut flakes were extremely dry i just added a couple of drops (literally) of water and crushed the flakes a bit more/ tossing and softening them just a bit before adding everything else. my egg whites were cold not room temperature (i was impatient ha) and i whisked them with them with the vanilla. they were absolutely amazing - perfectly crisp on the outside and perfectly light and yet moist on the inside. delicious! definitely deserved your blue ribbon award at the fair!!! thank you for posting this!",5,1
my boyfriend is a trainer and picky eater this fit the bill for us both!,4,1
looks great. suggestion - how about showing the directions using the instant pot?,5,1
i made a half batch of this last night and it was great! i love a quick recipe that is still from-scratch!,5,1
this recipe is extremely bland. definitely use more salt and other seasonings. the end result was not worth the time or effort.,1,0
simple and delicious!!!,5,1
my boyfriend always orders lasagna from the olive garden. this recipe was a big hit with him -- he thought it was better than the olive garden. very delicious!,5,1
this is such a versatile and great recipe. i double recipe and freeze extra in pans without crust. put crust in a pan add filling and bake!,5,1
"i'm glad i finally found an excellent recipe for pumpkin bread that has some spice to it. i saw some cans of pumpkin in my pantry and decided to try this. my husband loved it! in fact, after only one day, it is gone! i plan to make some of these for my relatives for christmas. the only things added were a little brown sugar on top and some additional walnuts! yum! this recipe is definitely a keeper!",5,1
"i mix 1 spice cake mix with 1 large can pumpkin and 1 egg, get the same results! so quick and easy!! pour into a buttered 9x13 pan!! follow baking directions for the cake.",2,0
"quick and tasty. i reversed the order and cooked the bacon first, using the drippings to cook the chicken. one note: if your lemon-pepper is salt free, the dish might need a dash of salt.",4,1
made accordingly to recipe. loved it. will make again!,5,1
i see that people are substituting coffee for the water. when do you add coffee/water? i don't see it in the instructions.,1,0
no hassle apple pie recipe. cooked to perfection.,5,1
5 stars. i made this for christmas dinner and my son raved about it. it is his new favorite dessert and has requested it for any future gathering that we have. :),5,1
"i have been using this recipe since it came out in the magazine many, many years ago. i've taken it to church for the ""after church social hour"", and it quickly disappears. my husband loves it.",5,1
"i make this quite often and every time i do, even folks (like my mother) who swear they don't like chicken chili, love it. i think it is absolutely perfect, the only change i make is using fresh garlic and toasting and grinding my own cumin seeds. love love love this.",4,1
my family really enjoyed this soup. it is so easy to prepare. next time i will add fewer noodles and throw in some carrots and celery.,5,1
super. i added 1/2 lb chopped bacon to mine. have some xtra chicken broth in case you want it more soupy. great recipe....will make many times over!,5,1
"turned into melted puddles in the oven. i had the sneaking feeling the egg whites should be whipped, and then sugar added, etc. but i followed the video and written instructions to the letter and just ended up with a pile of coconut and the 'cookie' part bled out all over the cookie sheet like a pool of water. how did you guys make this recipe work? i'm so curious because there are many positive reviews - would like to know how to fix it.",1,0
we did not like this at all. it was too salty from all the packaged mixes. i will not be making this again.,2,0
my family loved this chocolate cake. it is a very large cake so today i made it again and cut everything in half and put it in a 9 x 13 cake pan. it turned out just a great as the first time i make it. it is our family's new favorite cake. thanks sandy,5,1
great marinade for grilled chicken. i also used with pork which was fantastic as well.,5,1
we really liked this recipe. easy and delicious!,5,1
"i thought the italian dressing totally overpowered the casserole. i already have 4 wonderful enchilada casserole recipes (three of which i got from this website)...so i will be sticking with those. it would probably be ok without the italian dressing, but i won't be trying it again.",2,0
i made this pie. it was great!!! it was easy.!! my family loved it. i will be making this pie again.,5,1
"i had this at a baby shower and loved it. i have shared the recipe with many others and have made several times, and always get rave reviews.",5,1
"really enjoyed this, changed the cheese to cheddar and used 1% milk. hubby really liked this. will be definitely be making again.",5,1
"i used one less can of green chilies, glory seasoned northern beans, and omitted the salt. very good, the glory brand beans added much needed flavor. frittos on top to add a little crunch and salt. yummy!",5,1
"this is basically the weight watchers taco soup recipe. i use ground turkey (healthier) and more beans, and throw in a dried chipotle pepper to make it more like chili than soup. i also do not add the can of stewed tomatoes, just two cans of the tomatoes with green chilies.",4,1
"just made this.....it is super delish. made few add- ins/changes: added a chicken bouillon (sp) cube and only 1/2 tsp sea salt, used 10 oz extra sharp white cheddar which i grated (only had 10 oz in fridge), plus i used 3/4 cup milk and 3/4 cup heavy cream. crumbled bacon on top and added croutons. my hubby added swirl of ketchup and chopped pickles. so good. people that made this and say it has no flavor, put a bouillon cube in there. every soup i make i add a cube. i don't understand why ppl don't cook more with it, it adds flavor! just cut back on the salt that recipe calls for.",5,1
this was awful!!! my husband loves meatloaf so i thought i would give this recipe a go. i couldn't finish my meal & he proceeded to throw away the leftovers. thanks for the $12 waste!!!,1,0
"i seriously do not know how this recipe got 5 stars, i picked it b/c of its high rating. this is quite possibly one of the most awful banana bread recipes i have ever tried. it was dry, crusty, tasted like cardboard...i do not know how it's possible to make banana bread not even taste like banana bread but this recipe managed to make that happen.",1,0
very good! my whole family loved it and told me repeatedly that i will need to make this again. i did put 3/4 c of the salsa on the bottom of the pan as was suggested and i also stirred in the sour cream with the meat and beans. i loved how easy it was to serve (not having to add salsa or sour cream on the plate).,5,1
"<p>super delicious! i had a feeling that with so many positive reviews it would be a hit. it's a challenge to find a dish that my entire family enjoys (kids ages 4 and 8, husband and myself)- but this was a winner! creamy, hearty, perfect for a cold fall evening. will be in my normal rotation!</p>",5,1
this was delicious. the only changes i made was reducing the amount of sour cream and adding an extra can of northern beans.,5,1
i have been making these for years an they are always the talk of the party. the only thing that i do different is use one big can of 29oz of pumpkin instead of 15oz and it just makes it so much more moist and more pie like.,5,1
i followed this recipe exactly as it said and the batter came out more like crepe batter. i had to add some extra flour to thicken it up. still cooking so i have yet to taste.,2,0
"great soup to kick off the cold weather today! my changes were, i added 1/2 cup finely chopped onion while browning meat. then i simmered the peppers alone in olive oil for 10 mins with some basil, oregano, and the salt & pepper. used 3/4 cup brown sugar, only 1 beef cube & added 1 can of chicken broth. made extra rice for those who like less hearty fare :)",5,1
"whenever i make dinner, it is rare for the whole family to agree on it. i rated this 5 stars because most of us enjoyed it. my hubby loved the shrimp, my mom loved the sausage, and my aunt loved the texture. one of my boys loved it but the other didn't. it had extra kick because i used a can of diced tomatoes w/green chillies. overall, 4 thumbs up, 1 1/2 thumbs down (1/2 is for my three yr old. too spicy i think). great recipe. next time, i'll add more chicken but i think i'll add it already cooked when i throw in the shrimp.",5,1
absolutely delicious and easy to make. hearty meal that sticks to your ribs!,5,1
i’ve made this several times and it’s always a hit.i use bulk sausage in place of the bacon. just my preference.definitely one of my favorite go to recipes for an easy and tasty breakfast or brunch dish.,5,1
"i am eating this as i speak. it is really good, flavorful. i added chopped ham instead of bacon and i had a block of irish cheddar so i used that instead of the standard orange. other than that, the recipe is the same. oh, and i added a little bit of green onions along with the sweet. the cottage cheese makes it creamy and delicious. excellent brunch dish",5,1
one of the best soups i've ever made! i added some fresh dill..delicious! even my son (who is not a soup lover) loved this soup!!!!!,5,1
i love this soup but how are you getting 2 quarts out of 4 1/2 cups of liquid?,5,1
"easy to make! next time, i will use less chocolate and more peanut butter",5,1
"so good! the only thing i added that was not on here was onions, but i love this recipe.",5,1
this makes a good chowder base but using canned clams and bottled juice leaves little clam flavor. use fresh salty clams and you can skip the boullion.,2,0
easy recipe and very tasty. i will make it again.,5,1
turned out great!! easy and tasty. thanks for sharing.,5,1
"i had chicken on hand and used this instead of pork, mimicking the chicken egg roll. i also used fresh ginger, but felt it could use more seasonings. i will pump up the seasonings next time and try with pork. my husband and i like the dish. it was easy, fast and will probably make again for a quick meal.",4,1
"this recipe is a staple at our family gatherings. i sometimes add shredded cheddar cheese, but ususally make it just as the recipe is written. a comfort food for sure.",5,1
made the recipe as defined. it was easy and everyone loved it. the thighs vs. breast is also a money saver.,5,1
"this was excellent! recommend: cooking red pepper with beef and adding garlic, italian seasoning, and red pepper flakes to amp up the flavors! we really enjoyed this!",5,1
excellent. always goes fast.,5,1
"very good, simple & quick white chili recipe. i added 1/2 tsp of cinnamon.",5,1
"have been making this non-reduced cake for almost 40 years. i do. however, add orange and pineapple extracts to intensify the flavor. especially good on a hot summer day right out of the fridge.",5,1
"it requires a bit of work, but totally worth it!",5,1
i made this today was very moist tasted great easy to do would make again.,4,1
very easy to make and they were quite a hit!!,4,1
"everyone in my family absolutely loves this pie, and they request it every year. the first time i made it i used the wrong kind of caramel, so the layers didn't work, but it was still good. just make sure to double check your caramel before using it. super tasty!",5,1
"really love the taste! i used sugar free jello, stevia as sugar substitute, fresh sliced strawberries, and low fat dairy. my only complaint was that the pretzel crust was so crumbly. i did put pretzels in the blender. any suggestions how to get a more compact crust that sticks together?",5,1
"this is amazing!!!! i doubled it for a houseful of company, and they ate every bit. so good, i did add extra spice, but a great recipe nonetheless.",5,1
made exactly as written. this was amazing!,5,1
love this recipe! i cook it in the crock pot! i have substituted venison for the ground beef.,5,1
i had not made lasagna in a while and saw this recipe. i am so glad i did! it's easy and heartily delicious! i will definitely make this again.,5,1
"made this for my family tonight & it was a hit! future husband told me it was better than his mom's :-) super easy to make as well, will definitely be my go to meatloaf recipe!",5,1
"great recipe. i used pizza sauce (prego) as recommended by other reviewers. i also added 1/2 teaspoon pepper, 1/2 teaspoon salt, 1 teaspoon pizza seasoning, 1/2 teaspoon basil, 1/2 teaspoon italian seasoning, 1 teaspoon frozen pizza seasoning, and 1/2 t. garlic powder. everyone loved it - including the 2 and 8 year old grandchildren.",5,1
these are so delicious!! i don't care for horseradish so i skip that part but otherwise i keep it the same. i made it for our christmas eve buffet and it was a real hit.,5,1
"needed something for a birthday food day at work....this was easy, delicious and everyone loved it. i highly recommend it.",5,1
"this was a delicious recipe, i used soy milk instead of normal milk and it was a good substitution! i also used canned peaches instead of fresh or frozen and it was still delicious - though i would say to reduce the amount of water in the topping by about 1/2 cup, and honestly i might suggest doing that anyways, it was a lot of liquid leftover.",4,1
this is the same recipe that i grew up on. the only change i made was using 1 tsp. onion powder instead of the chopped onion (i just added it to the sauce mixture). still yummy after all these years. a definite keeper!,5,1
very good. i didnt add the red pepper flakes cause i dont have 'em but it was still delicious.,5,1
"one of my first times making bread and this recipe yielded two fantastic loafs. i was initially worried because the rise was quicker that the recipe said (first one doubled in 50 minutes and the second in 40) and the bread was much bigger than anticipated but overall it tasted really good. also the recipe doesnt estimate a cook time, for me it was 1 hour and 25 minutes at 190°c",5,1
"i used regular dinner rolls, as i do not like really sweet bread, and i only used 6 but left the rest of the recipe as is. it came out really well and we enjoyed it.",5,1
"this was easy to make while on vacation. didn't take any pantry ingredients, which was great since we stayed in a place that had nothing but the pans provided. it was enjoyed by everyone.",5,1
i've made this several times. cajun is not always easy to do from scratch but this recipe is easy and very tasty.,5,1
"here's a little trick i use to make my glaze sugar free. i take sugar free vanilla frosting and put it in the microwave for 20-30 seconds (make sure the foil top is removed), just long enough to be ""pourable"" as a glaze. i don't use much, just enough for squiggles on top. flavorings like almond extract can also be added by the teaspoon after microwaving.",5,1
"i have been making this for years, it is one of my families favorites. i make it often for company for something different and it always gets rave reviews. don't let the different ingredients detour you. it is a flavor combo that is unexpected, delicious and packed full of veggies.",5,1
excellent! thank you so much for this yummy recipe! changes i made: i only used 1/2 cup of butter. i added fresh asparagus i large diced and roasted the asparagus and the carrots together. also added celery and saut?ed that with the onion. one can of corn instead of frozen. used 4 cups of broth instead of 3. i used half & half instead of milk. also used whole wheat flour as i was out of white flour. very pleased we could not taste the difference in the flour and will use it again when making this.my husband said marie callender's (a chain famous for their pies and pot pies) should use this recipe! thanks again!,5,1
four stars only because it didn't seem to turn out quite like the others said. probably my fault. however...i will definitely make it again because the husband really enjoyed it and i think i know what i did wrong. hopefully. :) also...didn't change anything.,4,1
very easy to make and sooooo good!! crusty bread and it is a whole meal,5,1
i do not recommend this recipe. the cooking times are way off and there was so much juice in the pie i had to dump most of the juice out.,1,0
the best chicken potpie ever!! the first time we prepared this it was great. the second time and after we knew what we were doing...it was the best!! thank you so much for sharing this recipe!!,5,1
"this was a hit at thanksgiving. everyone loved it. i poured only about 3/4 of the carmel on the pie, and i wish i hadn't. next time i'll use the whole jar.",4,1
i made it for my husband who is hawaiian. he said it was delicious then he gave me his family recipe for huli huli chicken. this recipe will be made again.,4,1
"since there are only 2 of us, i made a 1/2 batch - using about 3.5 cups of cauliflower. it made about 3 large dinner size bowls of soup. excellent! my husband really liked it. instead of hot sauce, i sprinkled on a turmeric spice mixture. yum, just the right amount of spice!",5,1
a huge hit with my picky kids.,5,1
"too salty, i even omitted the pre salting, lacked substance...waste of my good zucchini!",1,0
"this banana bread is outstanding. i have never had better and so simple to make! i have made at least 6 times with a perfect outcome each bake. i do use 2 1/2 mashed bananas, and like another viewer, use just a touch of sugar on top before baking. any banana bread i've ever tried was too dry, but not this one! super moist and sooooo delicious! winner here! i highly recommend!!!!! cnaquin",5,1
"when i first mentioned this to dh, his response was somewhat short of enthusiastic. but his motto is ""i'll try anything once."" he absolutely raved about this dish. after reading many of the reviews, i made sure that my zucchini was as dry as possible. i didn't use salt, but squeezed the shredded zucchini through some linen towels and then lit it sit for about a half hour. then squeezed it through paper towels. i really wanted a firm crust so baked it for 25 minutes rather than 20. that timing was absolutely perfect; the edges were just starting to brown. i added garlic, red pepper flakes and some dried oregano to the sauce, and sprinkled some fresh julienned basil on top of the casserole right before baking. the ground beef was more prevalent a flavor than i had expected, and the zucchinie was less. this is a great casserole in which to ""hide"" vegetables. we'd love to try it with italian sausage instead of the ground beef, but unfortunately that would raise the fat content through the roof. all and all, a yummy recipe.",4,1
"this recipe is delicious exactly as written and with or without the shrimp. in spite of the long list of ingredients it is very easy and quick to get in the slow cooker, and especially easy when using frozen chopped onions and green peppers. i wouldn't change a thing. received family stamp of approval!",5,1
some recipes call for condensed milk and are too sweet. this recipe is perfect. light and the coconut flavor wins out!!,5,1
"atlanta is iced in and my husband is saying ""not chicken again!"" but he really liked this recipe. didn't have jalapeno pepper so added diced tomato w/jalapeno peppers. put beans in blender to ""crush"" - used 1 can - would double amount next time to try to make thicker. didn't have time to slow cook. cooked on stove for 30 minutes and ate with garlic asiago bread. yumm!",4,1
"my whole family loves this soup! easy to put together and the ingredients are probably staples in many kitchens. hearty and flavorful, great for a cold winter day or a rainy day. although we didn't make any changes initially, since we dont like tomatoes, we decided to try substituting 15oz of tomato sauce for the 28oz can of undrained diced tomatoes. wonderful! most people will probably enjoy the recipe just as orginally submitted and it is wonderful. thank you for sharing the recipe.",5,1
good!!,5,1
"very good. if this is the main dish, i would not say that it serves 12. more like 6. i like lots of veggies so i tripled the tomatoes and doubled the celery. really liked it--maybe i'll triple celery next time too. for the bacon, i used scissors and cut the raw bacon into small pieces and then fried it in a large dutch oven and stired occasionally.",5,1
delicious! i have made it for church potlucks as well as picnics at our cabin. everyone wants the recipe!,5,1
i tried this and the fajitas were delicious,5,1
"we love this meatloaf, even my meatloaf hating son. the sauce is the winner and is sooo yummy! this isn't to sweet for us, but can easily be adjusted for others who don't like it this sweet. the only adjustment i do is use bread crumbs instead of crackers.",5,1
"i've been making this cake for years and is a family favorite. yes, the frosting can get a little messy. i usually have to cut back a little on the juice from the strawberries or add more powdered sugar. i also store it in the refrigerator so the frosting stays firmer.",5,1
"while we made one swap, the bruschetta topping for the chicken was so delicious. the combination of basil, tomato, garlic and cheese is one of our favorites and we adored it on the chicken. we lightened it up by using grilled chicken instead of the breaded. it was very, very good! we served this with some spaghetti squash and a side salad for a complete, healthy meal.",5,1
family loved it. next time i'll double it.,5,1
delicious as written and so easy to change up for personal preference. even my cottage cheese haters loved it! i run my cottage cheese through the food processor to give it the consistency of ricotta. just takes a minute or two. i use this hack for lasagne too.,5,1
best desert ever! i used fresh strawberries and it tasted amazing. ever time i make it it's gone in minutes. it's always a request for any gathering i go to.,5,1
"i loved this recipe, and so did my family and friends. the only adjustments i made was i used the pumpkin that i canned myself and i used pecans instead of walnuts with no raisins. everyone asked for a copy of this recipe! it is very moist and flavorful !",5,1
"used johnsonville hot italian sausage and closer to 9 oz. spinach. all three of my kids said they'd have liked it to have had more tortellini. overall, very good though.",4,1
since i tried this recipe it is my go-to meatloaf. everyone enjoyed.,5,1
"so delicious on a winter day. i added broccoli and corn. thank you, debbie, for sharing this recipe.",5,1
very good. i make it in a 9x13 and serve as a cake. it’s become a family favorite for birthdays!,5,1
"this is wonderful, quick, and delicious. after making it a few times as the recipe says, i've started adding a tsp of poultry seasoning to the biscuit mix. really good!",4,1
i used a bag of brocolli coleslaw this time and it worked just as well. very versatile dressing,5,1
this truly is the best ever! it is easy to make and fantastic. it's a hit every time!,5,1
[wow - what happened to all the reviews i saw here a week or 2 ago? there's only 1 review showing here now.] this is the best banana bread - no kidding! use 3 bananas to have an overflowing cupful. (i used an aluminum-colored loaf pan.) you will love it! -lori in wi.,5,1
"i don't mean any insult, but hamburgers do not have potatoes in them. there is a much better recipe on food network from diners, drive-ins and dives. sorry.",1,0
"so disappointed. lots of work, beautiful results----very bland in taste",1,0
absolutely decadent! next time i would combine the pudding with the powdered sugar before adding the milk to prevent clumping. and used maybe a little bigger pan as mine was overflowing,5,1
my family loved it! i added a small amount of crushed dried strawberries to both the cake and frosting to boost the flavor. family loved it!,5,1
"i've been making these since the original recipe came out in toh. my kids grew up eating these almost every summer, and sometimes with frozen zucchini in the winter. a truly awesome way to use zucchini and enjoy a delicious treat, as well.",5,1
i love this recipe! one of my favorite recipes for pasta salad. it's also very easy to make. i get compliments and recipe requests whenever i make it. i use light mayo (not miracle whip) and it does not affect the flavor or texture.,5,1
"this was one of the best banana nut bread recipes i've baked. i used walnuts instead of pecans because that's what i had on hand. i also didn't do the glaze. it's so good you don't need it and i'd hate to cover up the yummy, moist taste. this is my new go to banana nut bread recipe!",5,1
"i made this recipe today and used mindy266 cream cheese frosting. my wife said the cake was good, the frosting was good, together they were wonderful!",5,1
"yummy- i made two pie's ,so simply and so good. i'm giving the other one to my sister in law for her family for easter. thank you, lee-ann treacher",5,1
"so delicious and easy to prepare! my husband and i both loved it! we let the tomato mixture marinate while the chicken cooked to let the flavors develop, which really added to the dish.",5,1
second time making.....first time too much liquid......i used my canned apples...drained all juice.........put extra cinnamon.......excellent.....! will continue using this simple recipe.....,5,1
"i made this as our after-church meal for christmas eve. everyone really liked it! it was great to be able to put it all together earlier in the day, and then just add the shrimp and make the rice when i got home. i\'ll definitely make this again.",5,1
"love, love, love!! we always have a big gathering in the fall with friends and family, this is always the favorite.",5,1
"i am not a cook. i rarely cook anything. also, i generally do not like fish. i started a low calorie diet and decided to try fish again. this recipe was so easy to make and the fish turned out great. my fiancée and i both really enjoyed it!!",5,1
"made this as 18 muffins, will put some in the freezer to see how they do!",5,1
"this was good, not great. omitted the onions and added more cheese and breadcrumbs. it came out a little runny but that could have been my fault as i probably could have left it in the oven longer. probably will need to tweak a bit more.",4,1
"botanner, then tweek the recipe to cut down the salt.",5,1
"emily, thank you for adding your comment of using 3 bananas & not adding the oil, this is great!, less calories. there is added value when adjustments are made to the recipe. this helps to cut down on calories or use substitutes. very much appreciated.",5,1
"easy, inexpensive, liked by all. fiber, carbs, veggies, protein...it's got it all....",5,1
i made this cake for our church bingo and it was gone in a flash. we were surprised that people offered to pay two dollars for a second slice because it was so good.,5,1
oh this is very similar to my favorite pie recipe for rhubarb - rhubarb custard pie -= only that recipe has some nutmeg in it... i think i'm going to give this a try since it only gets rave reviews too!!!!,5,1
i was a little worried about making lasagna in a crockpot but it turned out wonderful. my children and husband loved it. no left overs. i will make this again.,5,1
this turned out great i forgot to click on the rating stars i would have given this recipe 5 stars!,1,0
"myself, mother and extended family makes this soup. we all love it. i use kraft singles and add cooked bacon.",5,1
easy and quick!,5,1
the family loved this. my husband suggested using chicken breast next time.,5,1
i've made this twice now and it is always a hit! it has quickly become a family favorite! perfect for a potluck!,5,1
"this recipe is delicious! i'd prepared it 11-13-15! this was my adaptation of the recipe: one can (8-oz.) sliced mushrooms, drained, one can (14-oz.) italian diced tomatoes, undrained, 2 cups instant brown rice, cooked, 1 large green pepper, chopped, 1 medium onion, finely chopped, 1 beef bouillon cube, 1 cup water, 1 lb. ground turkey, cooked, 1 to 1-1/2 tsp. salt for taste, 1/2 to 1 tsp. pepper for taste, 1 cup marinara sauce. this soup tasted just like stuffed peppers, too! it is definitely a keeper recipe! delowenstein",5,1
this is so easy to make..and taste great..i like it with out the frosting on it to..,5,1
very good. has anyone ever tried freezing this recipe?,1,0
really enjoyed this recipe! prepared this on the stovetop (which i prefer). left out the celery and green peppers (which i don't care for). also did not add any extra salt. turned out very well!,4,1
way too much water!,2,0
"just made this today my first recipe baking with gluten free flour. kit turned out even after putting it in the oven and realizing i forgot the eggs, i quickly grabbed it out of the oven whipped up the eggs mixed them in hoping for the best.it is great so light no one would ever guess it is gluten free.i did make only one in a 9x5 pan and it is perfect, i will make it again. hopefully next time i will remember the eggs.",5,1
"outstanding. i took this to a party, having never made it before, and it got rave reviews. i also baked it in a 13 x 9"" pyrex pan and increased the cooking time somewhat, based on other reviewer suggestions. it came out great. i didn't have enough confectioner's sugar, so i reduced the butter and cream cheese somewhat, and added a little milk to help it spread better. it still came out delicious!",5,1
everyone at our church loved this. i substituted 1 cup of truvia for the sugar & used mushy frozen bananas as well as refrigerated ones. had to add an extra cup of gf all-purpose baking mix; still turned out well. several people were happy it was gluten & sugar-free. definitely a keeper!,5,1
"after chopping and laying out the ingredients, my first step was to whisk the mayonnaise, vinegar, salt, and pepper. my second step was to add the tomato, celery, and green onions to the dressing and blend it well to integrate the flavors into the dressing. then i continued on with the rest of the recipe. it was delicious.",5,1
"despite cutting back on the amount of added sugar, i found this cake to be too sweet, and unnaturally pink; it had an overwhelming artificial flavor. it is difficult to keep the frosting from becoming runny, no matter how well drained the strawberries are.",1,0
my husband and i made this receipt this past weekend. chicken potpie is one of my favorite comfort foods and this recipe is the best i've ever had. will definitely be adding it to my recipe box. thanks for sharing this recipe!!,5,1
very good and simple recipe. it's a go to at our house! husband loves making meatloaf sandwiches the next day. been making this for years and everyone always raves about it! we love the sauce!,5,1
"this recipe is quick, easy and oh so delicious! everyone i have made it for has loved it!",5,1
"this is a very tasty recipe. i used mostly low fat ingredients and low carb tortillas. the taste was very, very good * a real keeper in my books. one that i would highly endorse.janietaste of home volunteer field editor",5,1
"i have made this recipe at least a dozen times and the cookies come out perfect every time. the only change i make is to use 1 full teaspoon of cinnamon. my family and co-worker love them and request them often. also, they are so simple to make!",5,1
i didn't change a thing. my family loved it. very flavorful and fall apart tender.,5,1
a very similar recipe was given to me by my mother many years ago. my version has no eggs or milk and only one tablespoon of sugar. i bake it in a deep 2 qt. casserole. always take it to my office christmas potluck and get rave reviews and no leftovers! i like the suggestion of adding green chilies and will definitely try that.,5,1
my daughter won her cooking competition with these! they taste fantastic. highly reccomend.,5,1
"this is so good! it is always requested in our house. the only changes-- i use broth instead of water, add 1/4 cup chopped onion to the carrot mixture, and cayenne instead of hot sauce. yum!",5,1
thought it was delicious. great with three cheese bread on a cold day! i used 1 lb of beef and it was perfect!,5,1
this was wonderful! my husband and i loved it so much we've decided to make it for the family for the holiday. my husband also thinks i should enter this in the chili cookoff at our campground becuase he thinks it would win (he was a judge last year and said this was better than any chili he tasted).,5,1
i have found out a few things making this recipe. 1) use ice cream topping (i used smuckers) and not syrup. the syrup doesn’t set up. 2) it needs to cook about 15 minutes longer than the recipe says. always delicious and a new favorite.,4,1
"the flattened chicken was great! it took 45 minutes for my onions to carmelize, so the 30 minute total is rather misleading. i left the cheese out and it was fabulous!",5,1
amazing - one of the best soups i've ever made!,5,1
i have no idea how a recipe with so few ingredients tastes so good! and it's so easy too! absolutely delicious! i used an italian sausage ravioli to give it a little extra kick.,5,1
"just made this soup for dinner & absolutely loved it. forgot to pick up some shredded cheddar cheese, so used velveeta & it was delicious. will be making it again...soon!",5,1
this shepherd's pie has a wonderful taste to it. it comes together quickly. i substituted canned green beans & corn for the frozen because that is what i had on hand. will definitely be making this again!,5,1
tasty. it was easy to make. make sure to rinse the potatoes. i can see adding things in it like mushrooms or peas etc.,5,1
"i have used a recipe very similar to this one since 1966. mine uses 1 stick of margarine instead of oil, only 1 cup of sugar, 3 mashed bananas not 2 and no buttermilk or vanilla plus i've always used pecans and not walnuts but that is a matter of preference. instead of bread, i often make miniature muffins and we love the muffins.",5,1
this is the second time i've made these. they are very tasty and moist. it took 16 min for 18 cupcakes. i used 1 cup sugar and i found them still a little too sweet. i omitted the cloves because my family doesn't like them. they are delicious even without the frosting!,5,1
"finally a soup that my kids will not only eat, but love! i made it for dinner tonight and before they were halfway through their bowlfuls they were begging me to pack some for their school lunches tomorrow. the flavors are much more complex than i expected. this recipe is a real winner that i will be making again and again.",5,1
i made this on a cold saturday while my hubby was putting up christmas lights on the house. i used fake crab (instead of chicken) since i had that on hand and needed to be consumed. it made a really good soup-fast. next time i will make it as stated with chicken but i would not hesitate with the substitution i used either! nice recipe- thanks,5,1
absolutely love it!,5,1
i took this to work and it was a bit hit!,5,1
this recipe is a staple. i'm in texas and we still love it! :) i use plant-based meat substitute but otherwise follow the recipe. very tasty and a crowd pleaser.,5,1
we both enjoyed this cake. it stayed very moist & flavorful for 5 days in the fridge!,5,1
great cupcake! these cupcakes were super moist and delicious. the icing was a bit sweet but the caramel flavor was excellent . i will definitely make these cupcakes again. everyone loved them,5,1
"i'm not a big soup person, but i love this soup!! i also added bacon bits, and since i hatevelveeta, i used colby-jack cheese. yummmm.",5,1
nice!,4,1
"this soup was so easy to make and i had most of the ingredients on hand. i changed a few things only because of what i had on hand. i used 1 pound of ground beef instead of a half pound. i used 3 cups of potatoes instead of 4 cups. and i used beef broth instead of chicken broth. i made bread bowls to serve the soup in. my husband, sister and 5 year old niece loved this soup.",5,1
i needed to come up with a quick dinner tonight. a friend posted this recipe on her fb page and it looked delicious. i used chicken breast instead of thighs and heated the marinade to pour over the chicken. i also used it on the chicken as it cooked on my stove top grill pan. it was a big hit! i served it over ricearoni chicken flavored pasta. it would've been better had i had the time to allow it to marinate. this one's a keeper for sure!,5,1
"delicious!! first time ever making a white chili and this one delivered in every way. fantastic as is, didnt change a thing. will be a favorite keeper for me!! thanks for sharing!",5,1
i think i overcooked mine a little so i'll watch it closer next time.,4,1
"absolutely delicious! we served it with deluxe corn muffins, also in the recipe finder.~ theresa",5,1
"i made this this morning but halved the recipe since i didn't have the exact ingredients. i browned the onions,bacon, and added red and green peppers. i used 6oz of leftover sour cream and onion dip (the one in the container. i didn't have cottage cheese) and added a little extra cheddar cheese to sub for not having the swiss. it came out excellent!! very flavorful using the dip mix. it was even better baking it in my cast iron pan- nicely browned on the bottom. this will be in our breakfast rotation!",5,1
so good!,5,1
terrific!!! tasted delicious and served beautifully. i had alot of valentines after serving this.,5,1
very good. my friend thought he would prefer it with a little less cheese.,4,1
"excellent dish. i froze it to make sure it didn't get soggy. also used half the sugar. was still plenty sweet. will surely make again, perhaps with chunky peanut butter.",5,1
i've made these chicken thighs about 100 times. sometimes i forget the basting sauce and sometimes i don't. it's good either way. i always get asked for the recipe too. this is my go to potluck dish.,5,1
i have made this bread for years. i found the recipe in taste of home magazine several years ago. i bring the banana bread to all family gathering. the little ones just love it. most are from out of state so i make extra so they can take home. it is the best ever recipe for making banana bread.,5,1
"sorry but i gotta agree with kristal/crystalsounded good/liked most reviews/love teriyaki sauce...but......this was awful, i'm sorry but very dry over cooked chicken, sweet yes and altho i do love salt, even too much for me.really appreciate you submitting the recipe, honestly, because i made it liking the looks of it, but just didn't work",1,0
i added 2 cups of blueberries to the sauce and 2 tbl of butter.,5,1
delicious! we all loved it and will make it again~,5,1
u need to mix the eggs really good and the sugar we loved the cake,5,1
"this is a perfect recipe. i was glad it made 2 pies; i was making one for a friend and another to keep. we had ours last night and it was exactly what i hoped it would be! ultimate comfort food! our very picky 5 year old loved it. he asked for seconds. i swapped the dried thyme out for 1 tablespoon of fresh thyme because i love using fresh herbs. i boiled my potatoes/carrots in chicken broth, then used the same broth to boil the cubes chicken meat breast and used the same broth for the gravy. i imagine using a rotisserie chicken would make this even easier. i also did a light egg wash on the crust for color. i will be saving this recipe as my new go-to for pot pie!",5,1
this is a great recipe. i did my prepping in the morning so all i had to do was put it together in the afternoon. i will double the recipe next time. everyone in the family went back to seconds. my dad (age 98) loves it and already asked me to make it again.,5,1
salty! i doubled the recipe and used only 2 teaspoons of salt in total and it was still way too much. these are good but the salt is distracting.,4,1
great recipe! definitely a keeper!,5,1
this is the most amazing banana bread that i've ever made! it's getting close to the holidays and i'm already getting requests to make it. the orange glaze is a great compliment.,5,1
i usually love potato soup but my husband (who loves this recipe) made this for us twice and both times i thought it tasted just awful! i'm not sure if it was the processed cheese or if the potatoes were just too starchy...i know he would give this a 5 star rating but i guess not everyone has the same tastebuds! :),1,0
"for an even more moist cake, add one small can of mandarin oranges to cake mix. i don't like yellow cake....however, i love this recipe....it's yummy!",5,1
nice one..i liked the recipe!!,5,1
i made this as is for a gathering and it was a huge hit. even the little ones wanted seconds!,5,1
i made these with turkey & american cheese and fed some hungry athletes while we were on the road. they were a big hit. now i'm making them again for my family.,5,1
"excellent... love it, and so does everybody else!",5,1
i usually twerk a recipe to my own taste. this was perfect as is. it will be a staple recipe in our house. thank you!,5,1
love this!,5,1
"i’ve tried so many corn bread recipes out there and this one is the best one by far! i’m so happy i found this recipe! if you have a few extra minutes, this recipe is worth making",5,1
"excellent recipe!! very easy to follow:)) and super delicious!! definitely using this recipe again:)), mixed 2 different flour types, worked as a charm!!thank you!!",5,1
this is a great dressing recipe for this type of coleslaw. will be making this often in the future.,5,1
"i don't like pumpkin but this was absolutely amazing! i work at a restaurant and on busy weekends i take in cupcakes. i tried this and it was a winner, even i had seconds. this recipe is fantastic and i can't wait to make them again. thank you so much for sharing!",5,1
"this really is the ""best ever"" banana bread i have ever made. i had to substitute the buttermilk and by accident i used baking powder instead of baking soda but it still turned out wonderful. can't wait to make this again with the correct ingredients!",5,1
"i signed up just to rate this soup. by far the best cheeseburger soup recipe i've tried. to say that it is a family favorite would be an understatement. my family, friends, neighbors, and co-workers love it. i added a couple of extra things, a little paprika and garlic, and it really hits the spot.",5,1
just made these cupcakes! what a great recipe! so moist and a great way to use up that zucchini!,5,1
"this was so good! unfortunately, i can't leave well enough alone :( had to add pepperoni and olives on top when the grandkids were here - used shredded chicken, bacon and alfredo sauce in (2) 8x8's for work. endless possibilities for an wonderful base!!",5,1
a true favorite of my husbands! he loves the sauce.,5,1
help! - i have made this twice following the recipe exactly and it falls in the middle each time. the cake is delicious but i can't serve it with the sunken middle. any suggestions how to solve this problem? thanks.,4,1
i cut the ingredients in half and baked in a 7x11 baking dish. i also used a cookie scoop to put the remaining dough on top. it’s more cake like and the top looks like individual biscuits with cherry filling. tastes delicious! i used a combo of heavy whipping cream/water in the glaze since i was out of milk. wondering if this needs to be refrigerated since the glaze has cream in it?,5,1
i have been making a similar recipe for years. i like the idea of the hawaiian rolls along with the horseradish sauce. it puts a nice kick on the recipe. i will make this recipe again.,5,1
"this was super good and so easy with the coleslaw! my husband, friends and i love egg rolls but i totally lack the skill to roll them. i used lo mein noodles because that's what i had on hand and i added more soy sauce when i served it. the only other addition i think i would make is add something crunchy on top like a fried egg roll wrapper. great recipe will make again.",5,1
this is a great casserole for breakfast or any other meal! it lends itself to being very adaptable. i used pepperjack and a little less cheese also. i have tried it with spicy italian sausage and another time with diced polish kielbasa. always rave reviews from the peanut gallery!,4,1
this recipe has become one of my family favorites! it makes a great meatless monday dinner ... i just omit the sausage and add a package of cream cheese (cut into cubes) 5 minutes before serving. allow the cream cheese to melt and stir into the soup for added richness.,5,1
"my husband said this is his new favorite! i used two 32 oz cartons of chicken broth and omitted the water, johnsonville mild italian sausage, frozen spinach thawed and squeezed dry, and diced tomatoes with italian seasonings. really nice flavor. thanks for sharing a great recipe!",5,1
great as is and also makes great cupcakes,5,1
"part 2... if you bake them a bit longer than recommended the crust holds up better in bar form. i often bake them 45-50 mins at home. never had a burnt crust. the convection ovens at the bakery were definitely faster. if they come out with softer crust just cut into smaller “2-bite” size pieces or eat with fork. the batter is very thick. fist time i made i i though i did something wrong. you can easily alter the amount of sugar to your liking. change up the filings, extracts and nuts or other add-in’s as you choose. it’s pretty forgiving. it’s kinda bad hard to mess up this recipe. under-baking is usually the biggest issue, as is not using enough filling. at a bakery you can’t skimp on fillings. customers don’t like that :-). if you do add the drizzle on top it will make the bars a bit wet it the sit out all day. bakery tip: for dryer drizzle use less milk. it should be very thick - as in “not a drizzle at all” but kinda toothpaste like. then heat in microwave, no more than 10 seconds at a time. gets super hot very fast. once hot, drizzle quickly, as it will harden/get crusty very quickly. once it drys on the bars it won’t make them overly soft. works great and you can remix remaining crusted drizzle (with few drops of liquid) and reheat if it gets too difficult to work with. i burned myself a few times with the hot mix so be careful not to overheat it",4,1
"very good, easy, will make again! i also used only one can of cherries & extra almond extract& cooked 5 minutes longer. pays to look at reviews! i loved the cherries and will try peaches too.",5,1
"just made these following the recipe exactly. very good! it is also a very good, not-too-sweet ""muffin"" without the frosting. adding raisins would be an option. a ""keeper"" recipe!",5,1
"this is my first time writing a review for a recipe, but this one deserved a review, it was that good. this was so tasty; i made it just as directed, except i used a pound of sausage (bob evans breakfast sausage). be sure to let stand for 10 minutes, in fact, i think 15 minutes is better. i made it quicker by frying the sausage a day ahead.",5,1
this is the first dessert our guests grab at our labor day barbecue. i bake 2 of these delicious apple pies and they are gone almost as soon as i put them on the table.,5,1
"i made this dish for a birthday party yesterday and it was a big hit! everyone was asking for the recipe. i used a mixture of red and green pepper, did not use water chestnuts, and added real bacon pieces. i did not use the dressing mixture, i used a whole jar of marie's coleslaw dressing which is awesome. will be making this dish again.",5,1
"so bad. the corn starch makes it extremely gluey and gross, and is completely unnecessary-- all you need is the butter chopped into the flour to make the crisp topping work. this tastes like something from denny's. that's not a compliment.",1,0
"i added a handful of left over italian sausage from the previous nights lasagna, omitted thw swiss cheese and used freshly shredded potatoes. it turned out a bit dark from the fresh potatos but we all really enjoyed it. there was enough for left overs the next morning which were even better!",4,1
i've made this same recipe but use a roll of sausage instead of bacon. and i use shredded mozzarella cheese instead of cottage cheese.,5,1
"thank u for this fast, easy, delicious recipe. 🥰 i just added a lil vanilla.",4,1
if you substitute tarragon vinegar for the cider vinegar this dish goes to the next level.,5,1
"my husband loves it, me too",5,1
"damien, you made my day! your statement that “some of these folks just can’t cook or bake.” i am surprised and disappointed at the venom some of these posters spray. everyone likes different tastes. i don’t understand the hatefulness expressed. i guess since people can’t be identified they feel they can say such hateful things about someone’s recipe. if you do care for a recipe, you don’t care for it. plain and simple. move on and try another recipe.",5,1
absolutely delicious! everyone loved it and had perfect flavoring! making it again very soon.,5,1
"great soup base, add garlic, add cayenne pepper. i used the larger diced tomatoes and it made enough soup to try and freeze. love this recipe.",5,1
jennifer this recipe is outstanding. hubby raves about it everytime i make it.,5,1
not impressed. not very moist or flavorful.,1,0
"this is a wonderful recipe to use. i modified it but adding some adobo, recaito and sazon when preparing the onions and seafood. if you've never tried adding spanish seasonings to recipes, give it a whirl. they give any recipe a new spin on taste!",5,1
so simple and everyone loves it! i toast the pecans for a richer crispier taste.,5,1
"i have made this recipe quite a few times and every time is a success.everybody loves it.as a side note: i also add lobster meat, usually an 8oz package.",5,1
"this is delicious! love using the slow cooker in the fall and winter. just be careful not to overlook, some of my noodles got a bit crispy around the edges!",5,1
good basic recipe for pancakes. i added apple pie spice and nutmeg as well as vanilla. batter was thin enough with only 3/4 cup of milk. would also be good with bananas.,4,1
"we just moved into a house we bought and it had apple trees, don't know what kind they were but the sauce did not thicken up . my crust was good does it matter what kind of apples i used? i cooked it longer then what it said . any suggestions for next time?",2,0
fabulous! i didn't change a thing! i put whipped topping and fresh strawberries on top. my husband loved it! thank you!,5,1
"made them this morning husband and i loved them, very feeling and good tasting. will make again.",5,1
my family loves this but it never seems to be done in 35-40 minutes. my oven is set at 350 what am i dining wrong? any suggestions?,4,1
question has anyone tried this recipe subbing out the bananas or zucchini. it s that time of the year where zucchini is so cheap.,5,1
fantastic! this was so simple and it tasted like something i would get in a restaurant. will definitely make this again.,5,1
"i followed the directions, no adding or subtracting, and this is the most tasteless chowder i've had. looking through other recipes now to see what i can do to doctor it up. will give it 2 stars for creaminess, but so bland.",2,0
making for the second time. it was great the first time but did add more seasonings and used cottage cheese and more italian cheese blend. used a rectangle slow cooker that works great!,5,1
"the only thing i changed was half the sugar, i don't like sweet meat. yum!!",4,1
"can only say wonderful! only change made was lime juice instead of orange juice, doubled the sauce and truly enjoyed!",5,1
i made this recipe for a reception and every piece went. the loaf i kept at home didn't last that much longer. delicious! i did substitute orange/pineapple juice for the water. i'm making again tonight with the leftover pumpkin from the first recipe.,5,1
nothing like peach season in colorado! i love finding ways to use up these large juicy peaches that are overflowing at the farmers markets. we served this pudding with ice cream and it was a big hit!,5,1
this is my first time to make a white chili. this is wonderful. it is so easy to make. i used an already roasted chicken from the deli and also added a can of mushrooms. everything else i kept the same.i made some honey beer bread to go with it.. what and awesome dinner.. the wine was good too.,5,1
"so flavorful, never any leftovers",5,1
excellent. just the right size for two people.,5,1
"this was a perfect recipe for my son to make who is learning to cook. he did it all himself following the well written directions. it really was a tasty dish, and the presentation was lovely. son was quite proud of himself---even took a picture to email a friend! i told him he will have to fix it again for cinco de mayo! thanks for sharing.",5,1
"this was definitely a hit. i didn't use the heavy cream at all, i only used the sour cream, and i added a can of mushrooms. also, i have to wonder if it is coming out different for people that live in different places. i live in southern new mexico, we are in the desert and elevated like 3500 ft. it wasn't thin for me, nice and creamy and de-lish!!",5,1
"excellent!i keep the skin on the potatoes. instead of velveeta (we are not big fans), we used pepper jack cheese, shredded. it really gave this soup a kick!i also reduced the salt and used 1/2tsp pepper. keeper!",5,1
"so disappointed in this soup! i made this exactly as the recipe read. for my family, the celery seed gave this a bitter, awful taste. so upsetting to try a new recipe, spending time and money, only to be so disappointed!",1,0
made this for the first time....thought there would be leftovers....and not one drop left...big hit with my family..thank you for sharing.... next time i will double the recipe. :),5,1
"sounded interesting, so i gave it a try. this was much too sweet, and the bottom was hard. i'll stick with my old tried-and-true!",1,0
"these were better than i expected. i had to make some changes because i didn't have everything once i started. i followed the recipe except i subbed chili powder for chili seasoning( from the packets), i used fresh tomatoes and a little bit of pace salsa to equal the stewed tomatoes. i skipped the sage and used the upper portions of each seasoning and added a llittle cayenne pepper. oh and i also had to used cheddar cheese. i heated the tortillas beforeassembling too. it was so good!",4,1
"simply delicious. it only needs a couple tb of bacon grease. also, you should add a dash or 2 of sage(or thyme) and a dash of garlic powder. these additions make it perfect!",5,1
"i made this for my husband and a friend and they both loved it! i only used one can of green chilies and i omitted the onions. i added 5 drops of potent hot sauce at the end, as well. it says it yields 7 servings, but i would say this comfortably feeds only 5 people.",5,1
have made this many times and is normally one of the recipes i prepare while stocking up my freezer. so yummy!!!,5,1
"the only change i made was using cooked, until browned and caramelized, hot italian sausage, chopped. i only added amount of tortellini we were having that night, added fresh tortellini the second time. it’s also freezer friendly, without the tortellini. so simple and so delicious!",5,1
i made this today and ate this for dinner. i thought it was easy to make and it was delicious!,5,1
"used mayo, very good",5,1
very good! not salty and very good flavor. everybody loved it. i put everything into the electric skillet and marinaded the chicken over night.,5,1
i made these and took them to the pharmacy where i work and everyone had one and wanted the recipes. i printed 12 copies and an additional 12 the following day.they were wonderful!!!!!!lilyorlola from fl.,5,1
this recipe is so simple and absolutely deliciouos. my family loved it. i will definitely be adding it to my regular recipe rotation.,5,1
"i'm always amazed how people rate a recipe 5* and then state how they changed the recipe -- significantly. so, after reading all the comments, i've read i'm not sure whether to even try the recipe. why people can't just do a recipe without changing it is beyond me. how do they know what the ""real"" recipe is like to even begin to rate it?",1,0
delicious. i added a bit of corn starch to thicken it. a hit with my husband too. thanks for sharing!,5,1
"this is a good meatloaf recipe. i agree with the others, i wish reviewers would not bombard us with their negative comments. not all recipies are to everyone's liking, but please be considerate of the submitter and professional about your review",5,1
"these are perfect! followed the recipe, i wouldn’t change a thing",5,1
in a word...yum. another word...easy.,5,1
amazing with chocolate chips!!!,5,1
"delicious, but note: the video shows 12 rolls in a square pan, not a 13x9 inch pan. the printed recipe says it makes 12 rolls, but it calls for an 18 oz package of rolls, an 18 ounce package of rolls has 18 rolls. so, it looks like the video is showing a 12 oz package of rolls, with 12 rolls in a square pan, but the printed recipe calls for 18 rolls, but says it makes 12. so, wondering if this can be fixed. i did make 18 rolls, and i did 1 1/2 times the other ingredients. regardless, this is good!",5,1
"i made this on saturday and it was soooo good. one of my new favorite recipes. the chicken shredded so easily. substituted chili powder for taco seasoning, added black beans and used a can of green chiles/tomatoes instead of salsa and added extra lime.",5,1
"i take this salad to pot lucks often, especially in the summer. it is definitely a crowd pleaser.",5,1
"i made this for mother's day desert. fabulous. everyone loved it, moist and really quick to put together. the icing is excellent as well. not to sweet. i put almost a cup of good raspberry jam on the bottom layer and put the icing on the bottom of the top layer, shaped them together and it was perfect. i decorated the cake with fresh raspberries. the leftover cake is now 3 days old and just as delicious as the first day. i bake the cake a day ahead and iced in the morning. this will be my go to chocolate layer cake.",5,1
"this is a great recipe, bulletproof for swaps and adds. not to be ""that guy"" but i swapped half the flour for almond flour and used splenda instead of sugar (use half the amount of splenda that the recipe calls for or you'll be sorry...). then i added walnuts and cranberries and a scoop of pb2.",5,1
so good!!!!! love that this can be cooked in the crock-pot. add a salad and some garlic bread and supper is ready!,5,1
"this isn't pie. this is soup. i don't know if the creator forgot to add a step or what, but my finished product was more liquid than apple. if this is ""grandmas"" recipe, she must have had soft teeth. recipe should be removed.",1,0
"i have been making these for a few years now and they are always a great meal. you really don't need to change anything with this recipe, just follow it and enjoy.",5,1
"omg the best! i used this recipe for the first time last night. the bread came out perfect! so moist and delicious, my daughter couldn't get enough. i used a glass loaf dish and followed the directions step by step. will definitely use this recipe again",5,1
"i have made this cake ever since it came out in the cookbook back in about 1992. i love it! it is failproof. if you want it to fill a 13 x 9 full, just do one and a half batches of the recipe. after it cools, slice off the extra (it is the best part!) and then turn the cake out onto the cooling rack.",5,1
our family has been making this on weekends and holidays since it was first published in the magazine. it's totally yummy!,5,1
didn't like it,1,0
"this used to be my ""go to recipe"" when i 1st got married back in 1979! the recipe was in my betty crocker"" recipe cards!",5,1
"loved it! i did not have key lime jello, so i used unflavored gelatin and substituted lime juice for the water. the pie was awesome. this will be a repeat at our house!",4,1
"absolutely delicious and a complete hit when i made them to take to a party! i had to double the icing though.i'd like to find a substitute for the vegetable oil, as one cup seems like an awful lot.",5,1
very quick and simple to make. delicious!,5,1
i have made this recipe for several years. if you like stuff bell peppers you will love this. taste exactly the same. i add an envelope of lipton's onions soup and about a tablespoon of minced garlic.,5,1
"yum! time consuming, but worth it.",5,1
"this is a new favorite in my house. it's so quick and easy, but tastes like it took all day. i modified the recipe a bit - i bake, then shred the chicken. i also leave out the onions (i hate the texture, but like the taste so i use onion powder). i also hate the texture of green chiles, so i puree them in the food processor.",5,1
it wasn't that good.,2,0
didn't have baking powder so i substituted with a mix of vinegar and baking soda. used frozen blueberries. the quick bread turns a beautiful golden color for 60 minute cook time in my gas oven. i admit i didn't use a glaze and it was still superb! will be making this one again!,5,1
"the worst meatloaf ive ever tasted. i followed recipe to the ""t"".yak!!!!",1,0
awesome i made this for a party and next time i'll have to double it! everyone wanted seconds!,5,1
i use thawed frozen mixed veggies instead of the carrots and celery. i have also made it using cream of chicken soup instead of broth. very rich and easy.,5,1
a delicious dish. i will definitely make again.,5,1
phenomenal! halved the ingredients to make one deep pie as well. i didn't use as much flour either because i noticed the filling to be too thick so i used extra broth to compensate. this was delicious:),5,1
easy to fix. taste great! will fix again!,5,1
a win with my family.... my husband was tasting before it went in the oven and said it can be eaten just like that....thanks for sharing this recipe.,5,1
"this is the best bread i’ve ever made. found this recipe about 3weeks ago and just made my 7th batch this morning, hubby can’t stop eating this.",5,1
i made this delicious loaf today and it is a winner. i made only two minor changes. i substituted sour cream for the buttermilk which i did not have and used pecans. i opted to sprinkle chopped pecans over the loaf just before popping it in the oven. we love this bread and i will be making it many more times. i highly recommend this recipe. volunteer field editor,5,1
my family loves these i have to make them every thanksgiving,5,1
this is the best banana nut bread that i have ever eaten.,5,1
this soup is wonderful! it's exactly what i was looking for. the only thing i did different was i added half and half. it made it a little more creamy.,5,1
this has become one of my family favorites. very easy. my family won't eat lasagna any other way.,5,1
outstanding... a new family favorite. i did several things differently... by accident. i added 2 tablespoons of chicken seasoning (better than bullion) instead of 2 teaspoons. knowing that would be salty i didn't add any extra salt. i added 4 tablespoons butter and flour... instead of 3. and still only used the 2 cups of mile. added a bit extra cheese and cooked it for about 10 minutes. loved it. not bland at all...,5,1
"loved this!! easy to make, i left out the hot sauce, maybe next time i will try it with it but i really liked it with out so not sure",5,1
these are so easy to make and they are delicious! i followed the recipe exactly. :),5,1
"this was a fantastic recipe. i used ground turkey, but otherwise followed the recipe. i love that it doesn't use canned enchilada sauce!",5,1
sandy is known as an excellent cook. her cake always comes out great! way to go sandy.,5,1
great recipe ?? we used carb master yogurt to cut the carbs ? my daughter is a type 1 diabetic so we gotta watch those ?? anybody knocking this recipe or anything sugar free !!! some people aren't as fortunate or have no choice with certain things ???? my daughter can still consume sugars etc and to be honest white bread would spike her more then a snicker bar lol contrary to belief...,4,1
this was a pretty good meatloaf. i usually don't like putting raw onion in meatloaf (want to saute it) but this came out really well. will definitely make it again.,4,1
made this for a potluck. everyone loved. will definitly be making this again. yum yum,5,1
"i didn't want to make a 3-layer cake, so i cut the recipe in half and baked it in a 9"" x 7"" pyrex pan for about 25 minutes and it turned out perfectly. the cake is very good. the frosting was creamy and thick, but perhaps just a little bit too sweet. but overall, a great-tasting cake!",5,1
"very good! i doubled the potatoes and used regular fat half and half. i had fresh clams, so i saut?ed them with the onion and celery.",5,1
"i have tried many gf banana bread recipes (as well as other sweet gf breads) and this is one of the best. unlike many others- it does not have that gluten free taste. plus - it is healthy, which makes it even better. love it and will make it again.",5,1
perfect. i wouldn't change a thing.,5,1
this was so good. i don't think i will ever make just plain coleslaw again.,5,1
"made this cake for a church social and everyone loved it. did use the suggestions in the book and used the cheesecake pudding mix and th orange flavoring in the icing. i also, used a duncan hines orange cake mix and added fat free cream cheese to the icing. turned out great.",5,1
"have made it many times for company. use my own sauce and a certain brand of ravioli from publix, called parla. these ravioli taste like homemade (no garbage ingredients) and make a big difference in the outcome of your meal.",5,1
"simple, easy and fabulous flavor!!! i made it per the recipe and wouldn't change a thing. it was hearty and flavorful - could not stop eating it! shared with a friend - will put this in the favorites book!! serving suggestion - good warm crusty bread with roasted garlic and a glass of red wine!!!!",5,1
this is the recipe that officially got me into my mother-in-law's good graces. so so good.,5,1
i've made this salad several times. each time it is a crowd pleaser!,5,1
"great cake, just like mother used to make",5,1
"i like the ingredients and portions, but this is how i put them together. in an upright mixer, beat the egg whites until they are stiff peaks, add vanilla. in another bowl, mix the other ingredients and fold them into the egg whites. i baked them on parchment paper and they were delicious",5,1
"always looking for gluten free recipes. hubby has celiac. this is so quick and easy. very simple to adjust as you like. doubled the recipe, glad i did. thanks so much!",5,1
the flavor was very very good but i over cooked it :( 6 hours in my slow cooker was to long. would have been very yummy with mashed potatoes!,4,1
"delicious! i added in thinly sliced kielbasa, green onions, and used garlic salt instead of table salt. i also covered the top with another layer of cheese after the first hour of covered baking, so when it was done there was a nice brown cheesy crust on top. will definitely make this again.",5,1
this is an extremely delicious recipe !!! my husband ate an entire pie to himself in one day for breakfast lunch and dinner ! i am currently going to the market now to gather the ingredients to make more! a major hit in my household!,5,1
"made this for my cookie trays this year. after sitting out a while the caramel ""melts"" so to fix this i just coated the pieces with chocolate and they looked like a mini candy bar. tastes just like the real thing.",5,1
i just made these for the first time today. i mixed part sharp cheddar and a mexican mix. that's what i had. very good.,5,1
this is now in my favorites cookbook. so quick and so delicious. i plan on trying different types of fish with this recipe.,5,1
i enjoy this recipe as a way to use my grapes if they aren't getting eaten.,4,1
"i make this often, wonderful flavor. my 3 and 5 year old grandkids were over and couldn't get enough of it.",5,1
recipe sucks there was a lot of liquid in the bottom of the pie even with a lattice top,1,0
easy and delish. the kids loved them too!,5,1
"very good and very simple. i used about half the lemon juice, a little more garlic,so red pepper flakes and about 1/2 cup of white wine. i was worried that adding the bread crumbs was going to soak up all the sauce. i was wrong. just sprinkling them with the cheese over the top, no mixing. than broiling for color and texture wasperfect. put over noddles, but would be great just as a scampi",5,1
"it's a bit difficult to cut as it has to be ""just right"" at room temperature to cut, but the taste is awesome; i'll definitely add this to my candy recipe box.",4,1
"i normally eat healthy, but every once in a while i will treat myself to some good 'ole fashion home cooking. this cornbread recipe i awesome! i made a pot of greens usi5n this cornbread recipe and felt like 8 was eating corncread cake! yummmmmyyyyyy!",5,1
mom and hubby really liked it!,4,1
"i also made this in reverse - cooking the bacon first, then the onions, and then the chicken. i seasoned the chicken with montreal steak seasoning instead of lemon pepper. after the chicken was cooked, i placed the broken up bacon pieces and onions on top. i then added the cheese and placed a lid on the skillet to allow the cheese to melt. delicious! i have also subbed swiss cheese for the colby monterey jack. sometimes, i add sautéed mushrooms to the toppings. this is a great recipe that can be tweaked to meet the tastes of your family.",5,1
"i have never really been a ""coleslaw"" person, but my entire family loves this recipe and so do i!!",5,1
"i let my shredded & salted zucchini sit for about 20 minutes, then squeezed as much of the liquid out as i could by handfuls since i felt i would be able to get more out that way. after i pressed it into the dish i used several paper towels to soak up excess liquid. after baking the zucchini was still a little ""liquidy"", but not bad. i'm wondering how it would be with 1 egg instead. with the 2 eggs it didn't seem to bind the zucchini, in fact it seems the cheese would do a good enough job.i used spaghetti sauce and added a little more garlic and a very small sprinkling of oregano and basil.",4,1
our favorite coleslaw recipe!,5,1
"yum! loved them! i followed the recipe exactly other than the buttermilk. i used a cup of milk soured w/ 1 tablespoon vinegar. the recipe only made 6 pancakes plus one tiny pancake, but they are very filling.",5,1
"i have made this recipe several times. my husband likes it very much as do my children and grandchildren. the icing recipe that i use calls for 8oz cream cheese, 1 stick of butter, 2 cups of confectioners sugar, and 1 tsp of vanilla. i have considered using pumpkin pie spice, but so far have stuck with the cinnamon. very moist and delicious.",5,1
this was easy to make and so good.....it's a keeper !,5,1
absolutely the perfect dessert- easy to make and delicious to eat! a definite keeper!,5,1
"i have been making this as written for holiday brunches ever since it appeared in taste of home 20 years ago. it has never failed to be the first emptied pan on the table. now that my children are adults with families, i have been asked to make two pans! absolutely wonderful!!",5,1
"made this for the first time last week and it was absolutely delicious!! i doubled the recipe and it was gone in no time. i can't wait to take it to our next ""soup supper"" at my church. i will make sure to have copies of the recipe with me, as i am sure that there will be many requests for it.",5,1
"how ridiculous. your ""sponsored ingredient"" eggs put an ad you can't close over half the ingredients! so thanks for that, i would have loved to make these.",1,0
love these cake bars! have been making this recipe for years. i usually half the frosting recipe.,5,1
"i have been making this recipe for years now and have shared with many others. i follow the recipe as is, but use pinto beans instead of black beans. also at times, i will use mexican chihuahua cheese. this is certainly a household favorite in our family !",5,1
my family loves cauliflower and this soup is a real treat on cold winter days. they can't seem to get enough of it.,5,1
"i'm not fond of banana bread but this recipe is delicious! the bread was tender - neither too light nor too dense. just perfect. i did make a few changes: 1/4 butter, melted + 1/4 cup vegetable oil (in place of the 1/2 cup canola oil) and used 1-1/4 cups sugar + 1/4 cup brown sugar, packed (in place of 1-1/2 cups sugar). the brown sugar gave it a nice darker color and a chewier crust- which i like. i used jumbo eggs and vanilla bean paste. before i put it in the oven, i sprinkled chopped walnuts and clear sugar crystals on top of the batter. when it was done it looked beautiful and had a nice sweet crunch on top. i will definitely be making this again. would make great muffins!",5,1
"loved it! i used 1/2 chunky mango habanero salsa, and 1/2 standard hot, and the texture was great, not runny at all. i usually make my own taco seasoning, and just mixed in some chile powder, cumin, oregano, cayenne, salt/pepper, and fresh garlic. i also added minced serrano pepper. i did make a couple minor substitutions: shallots instead of onion, and monterey jack instead of mexican cheese. the only problem was i ate way too much.i think next time i'll try corn tortillas and maybe add a can of corn.",5,1
i've made this special cake for many family birthdays. my husband loves the frosting and it looks beautiful on the table!,5,1
i made these twice over memorial weekend to bring to two different events and these were a huge hit at both places. i think this may be the best chocolate chip recipe yet !!!!!,5,1
"turned out great! use extra shrimp a little more butter, little less lemon and added bread crumbs to sauce before i added the shrimp. i did not broil.",1,0
"this is my second review and it is still thee best banana bar recipe. you can use a 13"" x 9"" greased pan. increase baking time to 35 minutes or until done. you only need half of the frosting recipe and it is the perfect amount for the 13"" x9"".",5,1
i had this at a pot luck at work and a co-worker refused to give me the recipe. only thing different is she used crushed butterfingers on top and it was awesome. thanks for the recipe!,5,1
"after 44 years of trying to make my husband happy with lasagna, i finally nailed it. i didnt make the sauce sunce prego is our favorite ( i have made many home made sauces in my cooking career) and we always go back to prego. it saves time in the kitchen. i used asiago-parmesan instead of just pamesan. excellent",5,1
"i am sorry, am i reading this correct!? the recipes makes 5 dozen?? this doesn’t sound right for a 15x10 pan?",1,0
"best ever! my ""go to"" muffin recipe, especially when i have extra bananas around. i have made this 1001 times. there are so many ways to tweak this, and the result is always perfect. i always decrease the oil to 1/4 cup, then add a heaping tablespoon of either vanilla yogurt, sour cream or applesauce to compensate. i also always decrease the sugar by a few tablespoons and you would never know. sometimes i add some shredded zucchini, by decreasing an equal amount of banana. my mom's favorite way to enjoy these was warmed in the microwave with a dab of butter. they are also good with chocolate chips mixed in, or by adding a streusel topping.",5,1
perfect dinner-spiced perfect-my husband loved it and wants it again soon. 5 stars!,5,1
"oh my! all the raves about this soup are 100% true. delicious, creamy and hearty. love the cubed ham and crumbled crisp bacon. the stock itself is flavorful and rich. it's like a loaded potato soup, but with extra cheese as the base. even my two young, picky kiddos (age 3 and 7) gobbled this up and asked for seconds. will make this a normal part of our rotation. thanks for posting!",5,1
delicious! followed the recipe exactly and it was amazing.1 tbsp of pumpkin pie spice =1 1/2 tsp cinnamon1/2 tsp ground nutmeg1/2 tsp ground ginger1/4 tsp ground cloves,5,1
"surprisingly, not a hit with the group of teen guys i fed it to. i think it was too mushy, not enough substance. i make a similar trifle dish, but with much more brownies to make it more cake like. too much trouble and not even one person said they liked it.",1,0
"after having read most of the reviews, i put the sliced potatoes in cold water and boiled them for 10 minutes only. i then added about half a cup of gruyere cheese and half a teaspoon of smoked paprika, to the sauce and poured it over the warm potatoes and baked it according to the recipe,it was amazing",5,1
"this is a wonderful recipe! i do substitute corn tortillas instead of flour, but that is just our preference. i love that this is a healthier version of other enchilada recipes i have. everyone in our family loves it!",5,1
i made these and they turned out way to sugary and not moist at all. why two cups of sugar when you have the natural sweetness of the bananas. really disappointed.,2,0
https://pakistanpropertyinfo.blogspot.com/2019/03/plot-for-sale-in-bahria-town-islamabad.html,5,1
just got and made your banana bars. i don't mind saying that i was not surprised at all. as all the rec. u have given me where so dam good i just had to let u know how much i love your rec. thanks again scotty.,5,1
these have the perfect combination of sweetness! i love how it uses whole wheat and oatmeal. i'm always trying to find new ways to eat whole grains and i love these pancakes as a way to do so.,5,1
super tasty! i made a couple tweaks as i don't have a grill. baked the chicken at 450 in the oven for 17 minutes (keeps the chicken juicy inside but cripsy out so you can kind of get that grill feeling). also served with homemade guac. see my full version here: https://goo.gl/4rfasy,5,1
my family loved this. easy to make. will make again.,5,1
really good! didnt add cottage cheese for personal preferences and turn out amazing. made for 7 and had no leftovers!,5,1
"good recipe, easy quick. i added smoked paprika, green peppers, garlic, thyme, used velveeta, sharp cheddar, and cream cheese. i didn't make a roux as i didn't want it to thick, added some cornstarch and it was perfect. topped w bacon. i will definitely make this again.",4,1
super simple marinade makes for tasty home made fajiatas. i cooked the chicken before the onions and peppers and left them all to warm up together and we really enjoyed our meal!,5,1
"great recipe! i added chopped up broccoli , sausage and pepperoni slices. great flavor!i have made this twice and my husband loved it. makes for great leftovers too!",5,1
this was brought to me as muffins after a motorcycle accident. they are the best!!! i add extra nuts and more bananas but they always turn out great!!,5,1
enchiladas are made with corn tortillas...,1,0
best coleslaw in the world wouldn't change a thing on it easy to make,5,1
this is my favorite meatloaf recipe ever! i've been making these super tasty meatloaves since 1999. i make 6 loaves instead of 8 and cook for 40-45 minutes. i also cover the pan with foil for the first 20 minutes.,5,1
my daughter and i just made these. delicious! i don't have a 10 x 15 pan so i used a 9 x 13 and baked a little longer. i halved the frosting recipe and i used low fat cream cheese with wonderful results. i also added about 1/3 cup finely chopped walnuts. we are throwing out our old banana bread recipe and replacing it with this!,5,1
this is wonderful! it takes some time to put together but well worth it.,5,1
"i tried to make this cake but for some reason i ended up making brownies. i literally have no idea how this happened. from the other reviews, it seems like a good cake so i might just have to try again. at least i have a good recipe for brownies now.1* for finished product.5* for how funny it was when i took the brownies out of the oven.",1,0
very good! i used sausage instead of ground beef.. also added pizza sauce to tomato sauce because i didn't have italian tom sauce. i will definitely make again..,5,1
my favorite apple pie recipe. sometimes i add a little pumpkin pie spice as well just to spice it up a notch,5,1
this was amazing. my dad is extremely picky but he loves these! my only question would be if i could make them gluten free? thanks!!! amazing cookies,5,1
a staff favourite at our parties. it is always requested. thanks for sharing the recipe!,4,1
great recipe,5,1
i'm a big mac-&-cheese fan and have been looking for a more creamy homemade bake! this was it... if you love a little bit of noodle with your cheese this is the recipe for you!!!,5,1
"i thought this was very good, even though it was a little too spicy for my daughter. i doubled the sauce ingredients, and was glad that i did.",5,1
just finished making this and it's one of the best chicken pot pies i've ever eaten. followed the recipe exactly and it's amazing.most recipes online don't turn out so great but this one did.i'd let it sit a little longer than 15 min to set a little better but will be making this again and again.,5,1
i made this recipe for thanksgiving and found it to be the absolute best apple pie i have ever tasted. thank you for sharing this fantastic recipe.,5,1
these little meat loaves are wonderful. my wife really loves them!,5,1
big hit this thanksgiving. everyone loved it. easy to make. will make again for christmas.,5,1
"kind of gooey, but really good and super easy to make. my family loves 'em. i cut the recipe in 1/2. the full recipe makes a 'ginormous' amount. but, almost all of ours from the 1/2-recipe are eaten already. also, made mine with only vanilla extract, as i'm allergic to the almond. still came out very good.",4,1
"prepared evening before then baked in morning. used sausage , onion and green pepper, instead of bacon, added tsp salt and pepper. turned out great.",5,1
"my family loved this dessert! i have now made it several times by special request. my only advice, to be sure to fold the whipped topping. the first time i didn't pay close attention and used a mix master. came out runny but still tasted great. thanks for sharing this new favorite for our family!",5,1
"so yummy with a cup of tea. nice and spicy, better the next day.",5,1
"ate this casserole at a church potluck and had to get the recipe. i couldn’t find italian tomato sauce at my grocery so i just got regular tomato sauce and added some italian seasonings. you can also use spaghetti sauce, too instead of the tomato sauce!!",5,1
these were wonderful! i took them to a church function and everyone wanted the recipe! will definitely make these again!,5,1
"<p>i'm sorry, the one star is all about the flour. i am actually mad at myself as i should have known better making this recipe. the flour should have been added with the onions and mushrooms and cooked. all i could taste in the final product was 6 t of raw flour. it ruined the soup for me and i had to dump it as did one of the other reviewers. i am surprised that your daughter in law who is a gourmet cook didn't know this but maybe something got lost in translation. i am posting this, not to be mean but to suggest that this will be a good soup if you cook that flour.</p><p>jane</p>",1,0
this is the best coleslaw that i've ever had & i made it! so very tasty & creamy.,5,1
i have been making baked spaghetti for years. umm good!,5,1
i added juice from 1/4 of a large lime at the end and folded that in as well. best key lime pie ever!,5,1
delicious! i will make these again. please...what happened to our choices to print recipes?,5,1
i have make this recipe for years and love it. use a flavorful peanut butter for best results.,5,1
i fixed this for the 1st time for a group of women and it was a hit. very easy and simple to make.,5,1
"i used ham pieces in broth that i simmered from leftover baked ham bone, instead of a chicken base because i had it on hand. we like cauliflower and ham so i thought it would be good. it was.",4,1
"this is an excellent cake. made it just as recipe instructed. you need to have oven preheated when making this cake. it needs to go into the oven as quickly as possible, while the batter is still warm. i think it rises better that way.",5,1
the best pancake ever! and i don't(didn't) like pancakes. i followed the recipe exactly then added cinnamon at the last minute. no syrup necessary! delicious!,5,1
this is delicious. i made this for some picky company and they even asked for the recipe!,5,1
"supper good!!! i like to make a recipe as written the first time i make it.the second time i made this i thought i would lighten it up, it's to goodto eat just a cup of.... so i used smoked ham with no bacon. pet milk anwater for milk and half as much cheese. added 2 cups celery andmade some creamed corn to add as well as the whole corn. one tblspflour instead of 3. still very good and i think it was alot less calories. iused home canned corn, and never add sugar to it when i can it.",5,1
"i have a ""family favorite"" banana bread recipe which is probably still the ultimate favorite, however, this bread is excellent as well. and the reason i like it so much is that it is much lower in fat than the old family version. for having only 1/2 cup of oil, in what turns out to be a very large loaf, i thought this was an exceptionally moist and flavorful bread. i used 3 bananas instead of 2 since it was suggested by so many other reviewers. otherwise, i followed the recipe exactly skipping only the nut since my family doesn't care for them. mine actually tested done after 1 hr and 10 mins. the outer crust was slightly crunchy but not hard. will definitely keep this recipe and make it again.",5,1
"a great way to use zucchini! really good tasting. but our first question was, ""where is the crust?"" the casserole baked up nicely and looked good, but we couldn't find a crust! my family said i should add noodles. i might add more flour. i added cut up ham and black olives instead of the hamburger and peppers. yummy flavor.",4,1
"didn't make this recipe -- the high fat content of the ingredients scared me away --bacon, 2 types of cheese and sour cream. i'm sure it's yummy, but not so good for you.",2,0
this was really good. i only used one roast.,5,1
"instead of the black beans, i used refriedbeans and layered each tortilla.almost like a mexican lasagna.",5,1
"i like a lot of veggies in mine, so i added a handful more carrots, one small onion, and a cup of frozen peas. (i stirred in the peas before adding the dumplings, as the other readers did). since i'm a spice girl, too, i used a rounded 1/2 tsp of the poultry seasoning, and added 1/2 tsp salt, plus a pinch more pepper. delicious!",5,1
"the cake turned out well, but i think 2 cups of butter is too much butter--i now have chocolate soup chilling so i can ice this cake--thinking about only making the ganache instead.",2,0
my family and i loved this recipe!!! the chicken was so flavorful and we will be making this again??,5,1
"i used the no cook lasagne noodles and it worked just great. this is an excellent recipe and quite delicious.rosie knight - quincy, il",5,1
terrific and easy!,5,1
this is my go to apple pie recipe. so easy and so delicious. love it!,5,1
"fantastic recipe! i followed the recipe and it turned out prefect. my first time making bread, i did youtube on activating yeast and how to tell when you have knead enough. very good flavor and great for beginners.",5,1
"this is the moistest, most wonderful gluten free dessert i've found. i buy extra bananas now, just so i have them to make this recipe. my husband is a ""gluten-free phone"", but he loves this.",5,1
these got my finicky husband's stamp of approval as an acceptable substitute for pumpkin roll at thanksgiving. i piped the frosting on with a star tip as shown and had a lot left over. will make a half-batch of frosting next time.,5,1
"i have had this recipe for a couple of years & needed a meatless casserole so made it. i should have read the reviews!!! it had way too much sauce. my husband liked it and that is the only reason i would ever make it again. if there is a next time, i'll use twice as much macaroni and bake it in a 9x13 baking dish.had way too much sauce",2,0
absolutely delicious! half the amount of sour cream is plenty. added carrots to give it some color. a definite keeper in our house!,5,1
we didn't know we liked jambalaya 'til we tried this.,5,1
added a bit more vanilla. it was fantastic!!!,5,1
"i had intended to make a different chocolate cake for an event but realized i didn't have all the ingredients the day i was going to make it. just 2 days prior i had come across this recipe and had all the ingredients on hand. i normally would not try a recipe for the first time for something special, but i had promised to bring a cake so i went for it. i made it in a 9x13-inch pan, putting waxed paper on the bottom of the pan and using cooking spray before pouring in the batter, and baked it for 40-45 minutes. i used a buttercream frosting that i had already planned on. everyone loved this cake! there were other desserts there but mine got eaten first. i will be making this again!",5,1
"deliciousness surpassed our expectations. made it last night and can't wait till we have it leftover tomorrow night. used italian sausage in place of burger, and added a few banana pepper rings to the top. my husband said to be sure and write ""keeper"" before filing it away. i would serve this to company.",5,1
it is a tad bit sweet.. so when i make it next time i will cut down the sugar some. otherwise it was fantastic!!,5,1
"this is a really tasty cake plain, but i see some cherry sauce in it's future.",4,1
delicious!!! made for dinner tonight with some minor changes...had no chicken breasts so used 2 skinless thighs and legs and more onions! i may cut down the sugar or use splenda since i am diabetic!,5,1
"made this for thanksgiving today and my 2 skeptical adult daughters, who thought corn pudding did not sound very good, both loved it. made it as outlined in the directions; i was impressed with how light and fluffy it turned out. cooking time was under 45 minutes. both of my girls stated that it reminded them of cornbread stuffing. will definitely be making this again !",5,1
worst pancakes i have ever had the misfortune to eat. even my 2 and 3yo spat them out.,1,0
"i pulled this recipe out of the recent taste of home magazine. i was looking for a quick meal to make and i had all the ingredients on hand, with some swap outs. i used ground turkey instead of beef. sauteed a half an onion with it. i thought that 6 c of water would be too much, so i cut back to 4 c and used 1 whole low sodium beef bouillon cube. for the diced tomatoes, i used (2) 14.5 oz cans and partially drained them before dumping in the pot. i only used about 2 tbsp of the brown sugar and no additional salt. instead of rice, i served it on top of 'cauliflower rice.' it was a hit. i'm giving this a 5 because the flavors are amazing and i'm betting will taste even better tomorrow!",5,1
this is so good! i used about 6 small sweet orange peppers as that's what i had. this is going on our regular rotation! jane b.,5,1
"this is a solid marinade. i added a tablespoon of vinegar and a 1/4 teaspoon of cayenne pepper for some spice and it turned out awesome. i marinated for 3 hours. it was a bit salty though, so i might bring it down to 1 teaspoon next time fyi.",5,1
could you tell me if you have ever put this in a bundt pan instead of the 13x9 pan?,4,1
family loved it - there was still a lot of room in the crock pot - and it was popular - would easily double for a party or double and freeze leftovers.,5,1
"made this with only 4 low-carb tortillas, ricotta cheese instead of sour cream (had more of that). added shredded cheese to each individual serving. used a turkey breakfast sausage for meat- had on hand. cut calories!!",5,1
i am so happy that i picked this pumpkin recipe to try with my fiance. very easy to make and i even took other's advice and added nutmeg and allspice. we even had to stop ourselves from eating all of the cream cheese frosting right out of the bowl. this pumpkin treat is the perfect compliment to any fall sunday.,5,1
"great! i think you could use italian sausage or ground turkey, and i would add more onions and more green peppers next time. i will also use some reduced fat cheese to cut calories somewhat. i also threw in somme fresh basil into the sauce, and will add even more next time.",4,1
"i've made this for almost all summer potlucks for a few years and everyone loves it, even people who claim to dislike miracle whip! it does make a huge batch, but my friends ask to take some home (when there are leftovers) and my picky husband will eat it for days.",5,1
"i just made this. i replaced the sugar with 1/3 c of pyure stevia & i used 2c of bobs red mill gluten free 1 to 1 baking flour and i substituted the canola oil with vegetable oil. it tastes wonderful. you can’t taste any difference between the gluten free and regular banana bread. it doesn’t rise as high but it’s very light and moist. only had to bake for 45 min. please try it, you will be so happy you did.",5,1
"this is a basic banana muffin recipe, but very easy and very good!",4,1
"quick an easy. omitted chile peppers(dont like the hot/heat it would bring) ,left out the celery. used half an half mixed w/half cup water instead of whole milk. used monterey cheese instead of cheddar. creamy an yummy! ! not a drop left after serving!",5,1
loved this recipe! we will be enjoying this one again! the horseradish added a nice little tang to the sweetness.,5,1
just made it tonight. excellent!,5,1
this was very good! i placed this in a 9 x 13 pan. i just needed to crush up a few more oreos for the crust to fill the bottom of the pan. i normally don't adjust recipes prior to making them the first time but several people commented about the sweetness of this dessert so i only added 1/2 cup of powdered sugar to the cream cheese/peanut butter mixture and none to the chocolate pudding. this was perfect for us! everyone at the party loved it! i'd definately make it again.,5,1
easy and super delicious!,5,1
"great recipe! everyone loves it and it's easy to make. i've tried the recipe using flour tortillas and with corn tortillas. both ways are good, but my family prefers it with the corn tortillas.",5,1
"so good! i also added another can of beans and that helped to thicken it. i also used just rotisserie chicken and added it at the end. we topped the dish with a little mexican shredded cheese, sour cream, cilantro, and hot green salsa. cornbread on the side!",5,1
we thought this was really good! going to make it for my daughter and son in law....very good!,5,1
"great recipe. look folks, good tasting food is fattening. otherwise it wouldn't taste good! make your own adjustments, but don't bash the original recipe, the ingredients are there for a reason.",5,1
"it was easy, quick, and tasty. i left out a tablespoon of butter and it was still delicious... i will be definitely making it again!",5,1
"i added more cheese and italian sausage with the groundbeef. it was very easy to make and all my kids said it was ""good to eat"".",4,1
i would like to serve this with fresh pasta. would i need sauce for the pasta or just olive oil and pepper. any suggestions?,5,1
my 4 year old helped me make these so she could take a 'treat' to daycare! they were a big hit!! they never knew that they were eating their vegetables! great recipe!,4,1
fast and delicious!,4,1
"i msde this minus canola oil, using 1 cup of homemade applesauce. it is moist and delicious beyond belief!",5,1
"even using only 1 can of green chilies, it was much too hot for us. did not like at all.",1,0
make this all the time! a favorite!,5,1
"very good! i had no trouble melting the chocolate mixture in the microwave. i used half power and checked (and stirred!)every 30 - 45 seconds~~no problem. i did increase the powdered sugar to 1 cup and rolled the mixture out into 3 logs each 9 inches and them scored them every 3/4 inch and refrigerated them until firm. then followed the directions for putting them together in the recipe putting the little ""chucks"" of peanut butter mixture in each cup instead of having to spoon it in. i was really impressed that this recipe worked out perfectly with the quantities given and made the 36 cups exactly. i'll use it again.",5,1
these are delicious and are often requested at my house.,5,1
this recipe is fairly easy to make and tastes really good! i will be making it again.,4,1
"my family says this is a keeper! hubby would have liked a bit more sauce over the pasta, but otherwise it was perfect and sooo easy.",5,1
this is a good dish for breakfast or brunch. i used potatoes that i shredded myself and left out the swiss cheese. it turned out delicious.,5,1
my family and i enjoyed this. it was pretty easy and i always have these ingredients on hand. we will do this again.,5,1
my new go to chicken recipe. i double the mushrooms & butter and add a 1/2 c. white wine to the broth. we like lots of gravy to serve with the mashed potatoes i serve with this along with either green beans (my husbands favorite) or corn. great meal that is quick & easy.,5,1
very easy and delicious. family loved it. will be making this regularly :),5,1
deeelish! a friend made it for my birthday and wow! i'll be making it for dad's birthday!,5,1
i increased the almond extract to 1/2 tsp for the cake since i like the flavor. glad i did.i didn't use the glaze. the cake is more than sweet enough without it.,5,1
great side dish! i adjusted some sour cream but i added some butter. definitely will be made again soon,5,1
"why is this listed under ""low carb"" recipes? not even close!!!",1,0
you can not see all the ingredients needed for this recipe on a phone! not sure about a computer since i don’t have ones.,1,0
followed the recipe exact except i used the pressure cooker on my instapot because i didn't have the time to wait 4-5 hours. came out fantastic. was a hit with everyone. a keeper.,5,1
they taste great but i dont understand how to get the perfect shape. so i just the whole batter into the pan.,2,0
very good cupcakes! great spice flavor in the cupcake combines really well with the caramel frosting! my husband said it's the best cupcake he's ever had! i made them exactly as written. it made exactly 24 perfect size cupcakes. will definitely keep this recipe handy to use often!!,5,1
"so good! added course ground pepper, extra veggies and extra rice. used white wine at the end (instead of the extra chicken broth option), which added extra flavor. i served it with garlic butter biscuits, which were used to sop up any extra broth (yum!).",5,1
"this bread is the most consistently fantastic bread i have ever made-and i make a lot of bread, i love the attention i get for this wonderful bread! i don't deserve the fuss really because it is dead easy to make ha ha :)",5,1
"very good recipe, my go to. i read all the comments and altered it like this:i used 80/20 ground, so i doubled the cracker to 1 1/2 cups ritz, and i used 1/2 cup cream instead of milk to help make it firmer. it's important to let the meatloaf rest 10 minutes before serving.i also altered the topping, adding prepared mustard, using less ketchup, and adding less brown sugar.came out great.",5,1
i made this tonight for dessert. i seen the recipe a couple days ago and it made my mouth water. it turned out pretty good.,5,1
it's a winner for sure! loved the texture & taste.,5,1
"absolutely love this recipe! i have made it several times now. my husband and i have stopped buying bread and only eat what i make :)linda that posted nov 15, 2016...the olive oil will make it salty and taste a little weird. i would recommend using either canola or vegetable oil (corn oil may also work, but haven't tried it). as long as you use the right type of oil one tablespoon of salt is perfect. i also like to grease the bowl and pans with un salted butter. it adds a nice slight butter taste.",5,1
"this is any easy bread recipe to make. i cut my the next day and it sliced pretty easily, not breaking all apart.",5,1
i always called these stuffed peppers without the peppers. i made them with tomato soup.,5,1
taste great but only cooked chuck roast for 5 hours on low.,5,1
"my husband and i love this recipe. i add some sugar peas and bamboo shoots. serve it up on a bed of rice, and pour some home made ""edo japan"" terriakyi sauce on top. awesome meal, and if there are any leftovers they're also great the next day.",5,1
great authentic tasting chowder! i used one cup of chicken stock and omitted the bouillon and water. i also found that it needed a little more liquid to thin out so i added more stock until i got the consistency i desired. it was delicious. will make again.,4,1
i will be making these all the time now. delicious!,5,1
this soup is amazing... every time i make it everyone wants the recipe.. love it.. thanks so much...,5,1
"quick, easy and delicious. i added some peanut butter and milk chocolate chips.",5,1
"it really is the ""best!"" i added some johnsonville hot italian sausages instead of the bacon--tasted just like the potato soup at the olive garden!",5,1
this recipe is great! my family just loved it. i had never made corn pudding before and this was my first time. it came out great and i will definitely make this again and again.,5,1
would be better without the cotton cheese and the provolone in my opinion. and more spices,2,0
"this recipe was very easy and looks good. i only changed one thing and that was just using half the salt which happens to be way too much also. you should add salt last, the cheese can have lots of salt and the butter too. it is ruined and will go in the trash and i hate wasting food. sad sad",2,0
this is our go-to chicken chili recipe and has been for years. we love it and it's so simple.,5,1
i have made this pot pie for several years!! my father in law loves it!! thank you for a delicious addition to family traditions!!,5,1
this salad is delicious! added tiny cubes of ham to add a little protein. soooo goood!definately will make this recipe again! a new family fav! :),5,1
i prepared this for our family christmas breakfast. my family devoured it. it is so easy. i made it the night before and refrigrated it and put it in the oven to cook while we opened presents. it was great. i added cubed ham to it; it was delicious. it is now on the menu for next year.,5,1
very good and so easy!!! just like my mom used to make!!!,5,1
made as reciept said next time will use crushed tomatoes instead gives better flavor,4,1
easy and delicious.,5,1
"this recipe was not terrible, however i do not care to make it again. the family did not care for the recipe either.",2,0
i think you can use small macaroni in this recipe. it taste wonderful made with mayo instead of mircle whip. good recipe,4,1
"four stars for over-abundance of fat, sodium content - uninteresting seasonings.thought suggestions might be welcome since soup is basically the same name and the different ingredients could offer some flexibility. it's such a simple recipe, i never thought to submit it. thanks ""chocoholiclady"" for understanding the comments & reasoning.....lessened the attack.",4,1
just had this tonight. this is one of the best potato soups i've ever had. very filling and can also freeze for later. a real keeper.,5,1
"this cake is everything sandy said it was! worth the effort. it has become my ""go to"" when i need an impressive cake for a special occasion.",5,1
i have been making these since i was a bride 48 years ago. they are a family favorite. i use calrose rice as that is what we keep on hand for everything. it is very simple and easy. i generally don't use any additional ingredients and have never had a problem with the rice not cooking. it is very soft but will hold together if carefully browned. if that is too hard then baking the meatballs might be simple. we love the moist tender texture.,5,1
"it was very good, i cut recipe in half as there is only two of us. i wasnt sure what to expect so i was a little surprised to find it as ""soupy"" as it was, just thought it would have been a little thicker but still very good",4,1
always a favorite! i sometimes do raspberry as well.,5,1
"great recipe!! creamy and yet light. i followed the recipe, however, i added another can of clams. perfect with salad and baget will make this a favorite!",5,1
way too much salt.,1,0
"this was amazing! i chose different shredded cheeses mixed mild cheddar, colby and sharp cheddar. i added about 2 tbs evaporated milk and used 1 1/2 2% milk and it was very creamy. like the recipe states, ""use as much milk as needed to create desired result"" i will definitely be making this one again!",5,1
this was really good! i added ground sausage and some onion. will definitely be making again.,5,1
very good pie plus it makes two of them,5,1
"my family and friends love this cake! i saw this recipe when toh first came out almost 20yrs ago, i've been making this cake ever since. i make a lot of cakes, but this is the one everyone asks for and there is never any leftovers...yum!!",5,1
"omg yum! super easy! didn’t require a candy thermometer, which i loved! and everyone is absolutely raving about this fudge!!!",5,1
"used no salt added chicken broth, did not add salt, after 1.5 hours meat was overdone and inedible and potatoes and onions merely okay. waste of money on pork chops. i will never make this recipe again! salinity was fine!",2,0
very quick and easy - i usually use 5-6 small apples to make 9-inch pie crust.,5,1
"great recipe! half cup sugar is good and plenty, especially if the bananas are ripe and sweet. i substituted a quarter cup of oats for some of the flour.",5,1
delicious and flavorful,5,1
these sound terrific but we do not like sage. what spice could i use in place of it.,5,1
i thought it was boring,1,0
"very good mexican flavored fajitas... hubby, son & grandbaby loved them.. next time i'll add black beans per hubby's request... i did saute chicken in a tab. spoon of butter & used veg. oil for marinade as well... will defiantly be making again",5,1
"it’s a lazy sunday between christmas and new year’s and i’m indulging in my favorite things: reading recipes, cooking, and reading my library book. this soup recipe called out to me as i have all ingredients and it is perfect for this cold day. i deviated just a bit by adding the flour to the vegetables as they were cooking in the butter. i also added a finely chopped stalk of celery because i needed to use it and thought it would enhance the soup. i used evaporated - again because that’s what i had available. i thought the soup needed a little something, so i added a sprinkling of thyme and poultry seasoning. i will make this again and again with this modifications. 5 stars and 2 thumbs up. i’m enjoying a mug of the creamy soup right now as i watch a movie. lynne, toh volunteer field editor",5,1
"yummy, yummy, yummy. will make this again and again!",5,1
"i'm not from new england so i can't offer that perspective, but i would say that this recipe makes a very great-tasting soup anyway! i used regular fat half & half and an extra can of clams. i did use the extra juice from that extra can as well. the soup thickened quickly and stayed that way, so adding the extra liquids made it just the right consistency for us. for our tastes, i also added about 1 tbsp. of kosher salt. will most likely fall back on this recipe again when my son requests ne clam chowder.",5,1
i used this recipe for thanksgiving this year. it turned out great! i got a lot of compliments and was asked for the recipe. i definitely will use this recipe again!,5,1
"i use this recipe at thanksgiving; but instead of strawberries, i add 2 cans of whole berry cranberry sauce to the strawberry gelatin. it is so good!!",5,1
excellent salad! even better with cubed cheddar cheese added......gives it more flavor!,5,1
"this recipe was one of the top 10 of 2015, and i heartily agree! i have made it several times and it never fails. (my only substitution was lime juice for the lemon.) wonderful addition to my texmex repertoire!",5,1
"this recipe was a nice surprise. the cake was moist and had a good balance of both chocolate and guinness tastes. i also added half heavy cream and half baileys to the frosting but i think next time i will try something else. it was ok tasting but i didn't exactly love it either. next time i think a little powdered sugar sprinkled on top may taste good all by itself, i don't think you really need the frosting at all. thank you for this wonderful beer cake recipe!",4,1
"comfort food supreme! no changes needed except salt and pepper preference! nice, creamy rich soup!",5,1
i make this pie with soft white wheat flour and replace the sugar with succannot. everyone loves it and we don't have to feel to guilty.:) i have made it for church and it is always gone.,5,1
very good. i also added some chopped onions and when i added the dumplings i also threw some frozen peas in. i also added 2 red potatoes and loved that. my 2 1/2 year gobbled up an entire bowl and then ate some of my husband's dinner later!,5,1
"this is a very simple recipe, and so refreshing! will definitely make again, especially this summer! i shared the cake with my co-workers, got very positive comments.sandra sanborn",5,1
"very easy and very good!! i didn’t have a tomato so i used a 14.5 oz can of fire roasted, chopped tomatoes (slightly drained… the rest of the liquid cooked out). this is a keeper and will be made again!!!",5,1
i substituted cream of chicken because i bought the wrong thing and skipped the wine. the other ingredients came from a leftover veggie platter and a chicken and rice dinner. it was delicious.,5,1
i’ve made these colorful and delicious cherry bars many times over the years since first seeing the recipe in taste of home. always a popular treat and super easy to make!,5,1
"this was the first and only recipe that i've used for chicken pot pie and absolutely love it! it was extremely easy to follow the recipe, and my entire family devours it every time! i subbed the milk out for almond milk and it was delicious. i thinned the mixture a little bit with some extra milk and chicken broth and the mixture turned out to have a really nice consistency.",5,1
every one enjoyed this meal. the heat was perfect for me. i added cheddar cheese to the top and had some tortilla chips with that. others in my household also added jalapenos and hot sauce as they like things extra hot i guess! everyone loved it and it was so fast and easy to make.,5,1
"this is a great simple recipe. we made it exactly as written, though we did double it, feeding 3 teens and a toddler, plus mom and dad..this was the perfect amount. batter was perfect and they cooked up light and fluffy. if you are looking for a easy basic good recipe, look no further!",5,1
the very best chowder ever. friends loved it too and we all will be making it many times. nice big batch for company. didn't change a thing.,5,1
this soup is so unhealthy it should have a warning label. here's to obesity.,1,0
these were wonderful muffins. the frosting was the icing on the cake! great recipe!,5,1
my husband and i both agree this was delicious. next time i will make a double batch so i can share it with family. thank you mmb,5,1
"didn't like it - too creamy, too rich - i didn't feel good after having it. sour cream & whipping cream is overkill. would've been better with just whipping cream.",1,0
delicious dish! the whole family loved it. the first time i made it i forgot to thicken the sauce and it was still wonderful. will absolutely make again!,5,1
lots of sauce. we loved it.,5,1
this pie was to die for.,5,1
i have been making this recipe since it was first published eleven years ago. people always enjoy it. even my italian mother-in-law likes it! very easy recipe too. highly recommend!,5,1
i made this breakfast casserole for a staff breakfast at work. it was super easy to make. i prepped the bacon and onions the night before and then threw the rest together and baked it in the morning before work. everybody loved it and a few people asked for the recipe. it literally disappeared within a few minutes. no leftovers!,5,1
such a good recipe! love the spice flavors in it. i used ground allspice in place of the cloves and it is delicious! the caramel icing finishes it off perfectly!,5,1
"a bit too rich for my taste. if i make it again, i think i would do a light whipped cream topping with strawberries rather than the frosting from this recipe (which just felt like *too much*).",2,0
it just tasted funny to me.,2,0
"i don't agree with the majority of these reviews. i followed the recipe exactly with the exception of adding extra onions and an additional 1/4 cup of sharp cheddar cheese on top--neither of which should detract from the flavor, quite the opposite in fact. i found it rather bland and neither of my two men asked for seconds. right now my husband is eating a peanut butter & jelly sandwich instead. my son described it as ""ok."" for me it's not to be repeated. hope i can get someone to eat the leftovers.",2,0
wow! delicious! i cooked it in the skillet i fried bacon and onions in and it turned out perfect. i usually don't like breakfast casseroles but; this one is amazing!,5,1
"delicious! like others said, i added diced onion to the ground beef. since we like thicker soup, i started out with two cups of water with the option of adding more, but it ended up being more than enough--i let it cook down once i removed the lid. i used white minute rice and added it in once the soup was done, rather than letting it cook the entire time. also, i only added one tablespoon of brown sugar splenda blend and skipped salt since the beef bouillon made it plenty salty.",5,1
"fantastic! this was added to my family's ""10 top"" list!",5,1
i agree with others. this is the perfect chocolate cake and my new go-to recipe for birthday and other special occasions. i've never had good luck with layer cakes but this one worked perfectly. first time i forgot to add water (love the idea of using coffee instead of water) but it still turned out fine. second time the batter at the bottom of the bowl did not get mixed well and it still turned out okay. each time i spread raspberry preserves between layers and on top prior to frosting. love the silky smooth frosting. then i made genache and poured it over the top--so rich and yummy. can't wait to make another one!!!,5,1
i've never had so many compliments and requests for recipes as i've had with these yummy cupcakes! they were a hit with adults as well as kids at our church potluck. it tends to make more than 24 cupcakes which was fine with me! definately a keeper in my recipe box!!,5,1
"this was so good! one of my favorite soups i've tried so far. i usually don't care for recipes with velveeta, but it's perfect for this. i used skim milk, 2% velveeta, and reduced fat sour cream (and lean ground beef), and it was still excellent! tastes like at a restaurant, but with the reduced-fat ingredients, probably much healthier!",5,1
everyone looked at it funny and then had seconds! a winner.,5,1
the horseradish was not a great compliment to these sandwiches. at all !! all the 5 star ratings fooled me. the horseradish taste like how it sound. it has a very strong taste and is spicy. i would make this again with all the other ingredients. i highly recommend finding an alternative to the horseradish.,2,0
"i have been making this for years! 20+. every time i do it's a huge hit! people aren't sure if they are eating a main dish or a dessert. so yes most definitely a hit. it's also great with a mixture of fruits. mixed berries or even peaches. yes you can by pass the overnight step as well, leaving it overnight makes the eggs custard up more.",5,1
this has been my go to lasagna recipe since i discovered it in taste of home years ago. i also use the sauce recipe for pasta.,5,1
i made these into 4 mini loaves. i used cinnamon chips and less sugar instead of raisins and walnuts. very easy to make.,4,1
the only change we will be making next time is to make more sauce! delicious recipe though.,5,1
wow this is good! we like lots of flavor and this has it. very filling w/some crusty garlic bread. don't skimp on the garlic.,5,1
this is the best banana bread i have ever tasted my husband wants me to bake it all the time and so do my friends and family. i take it to gatherings and give it away as gifts. we moved and i lost the recipe thank goodness for taste of home being on line...cutie50,5,1
add 1 tbs cherry grand marnier or in place of the vanilla in the topping and drambuie to the custard for a nice twist.,5,1
"i just add a little crushed red pepper flakes, one red and one green pepper. we love it",5,1
we did not like this at all. the chili powder was too overwhelming and i think taco seasoning would be a much better choice.,1,0
"served at a realtor's luncheon, everyone loved it!",5,1
"i have made this recipe twice. my broth was not thin at all. i took a couple of couple of cups and pureed , then made sure the roux was thick when i added it to the broth. my soup is really, really creamy, and i followed the recipe exactly--the first time. the second batch i added a can of chopped green chilies, just because i like them. oh, and i didn't add the carrots, because i don't like carrots. this recipe is one i will fix frequently. i even tricked my husband into thinking it was baked potato soup. he loved it!",5,1
"just made these for the first time...wow!! fantastic!! i can tell i'll quadruple the recipe...and never buy them again!! may 4th...have made them 3 times...now ready to make a quadruple batch. you do not need to whip the whites! i use unsweetened flakes, but organic sugar. i take ghirardelli choc, melt it with a tad of oconut oil...dip the bottoms, and drizzle on top...everyone loves them!!",5,1
"everyone loves it, been making it for years now. is also very easy to make,closest to my grandmothers i can get.",5,1
this is fantastic and simple to put together! it is in my menu planner so i can access it whenever the mood strikes!,5,1
"i have taken this fantastic salad too many gatherings , it is a crowd pleaser !! vicki, vail, az.",5,1
"this is seriously an amazing recipe! it was spicy, creamy and good on a cold alaskan night. next time i will probably use half & half or 2% milk instead of the heavy cream, no salt (you dont even need it) and greek yogurt instead of sour cream to make it more healthy. and i am sure it will still be amazing! mmmmmm.... oh and double it if you want a second meal out of it because ours did not make the 7 servings it stated it would.",5,1
"excellent soup. i prepare very low sodium soup, omitting the salt and using very low sodium chicken broth. to make condensed soup add half the liquid (411 g chicken broth and 118 g half-and-half). i've prepared a scaled up condensed version, freezing the left overs in 10-3/4 oz (305 g) servings. i use in any recipe calling for condensed soup.",5,1
"my whole family enjoyed this decadent chili, that is more like a soup. so easy to make.",5,1
"i made this tonight. i only had canned peaches, i drained and reserved the juice, measuring out the juice to make 1 1/2 cups. added the brown sugar only. it was amazing! the dough was almost crunchy on top. hubby licked his bowl clean. my new fave!",5,1
"simply scrumptious!! i wanted to make these for church this morning so was worried about time but they went together quickly and i love that they also bake and cool quickly. i used 4 frozen medium bananas and it was just barely over 1 cup. used the liquid too that comes with freezing bananas. i used a half sheet pan, i think 15-1/2 x 11-1/4, and it was the perfect size for bar thickness. baked mine for 23 minutes, rotating pan with 8 minutes left. one rack lower than middle of oven. nice medium brown on top. put in the cold garage to cool quickly. i had about 1-1/2 cups of leftover cream cheese frosting i'd used for cookies. very thick so added maybe a good half a cup of soured milk till the right consistency for a glaze. spread over the mostly cooled bars, cut into 40 bars which yielded 2 inch sized bars. they were gobbled up at church and we still had some to bring home. my family loved them! these will be my go to banana recipe. i loathe making banana bread so these are banana goodies i will make often.",5,1
delicious...i took this salad to an 8 year olds birthday party and all the kids had seconds...they loved it...i loved it.....almost everyone loved it!,5,1
"i made these this weekend 4/2016, and they are delicious. i didn't change anything about the recipe and didn't need to. they would be good with walnuts in them or sprinkled on top of the icing.",5,1
"this cake not only tastes delicious, it is very easy to prepare. the cake is quite moist and still tastes good the second and third day. the calorie count is great and the sugar content is very low. i would recommend this recipe to anyone.",5,1
"i really enjoyed this recipe. i did do the chops on the bottom like others have recommended but they were still a tap dry for my tasting, i'll double up on the sauce next time. i also threw in portobello mushrooms which my wife thought was a nice touch... i will be having this dish again! thanks for the recipe!",4,1
just made this and it turned out great considering i didnt have all the correct ingredients. i halved the quantities as i only wanted one loaf and used half self raising flour and half 00 pasta flour as that was all i had and im pretty sure my yeast was dead as it was out of date and didn't bubble!! but it worked! only ever made soda bread before so this was a great result for me as a first time bread baker!!,5,1
"this is an excellent recipe!!!! after making a batch i see no reason to even try another recipe. i added walnuts and chocolate chips. they were light, moist and beyond delicious!!!!",5,1
very tasty.,5,1
"very good recipe! i made a couple modifications thoughi didn't add any mushrooms,i didn't use any butter since the beef had enough fat,i used a stick blender on the soup before i added the ground beef,i didn't use any flour to thicken the soup as the potatoes thickened it enough.and finally, i added a little pickle juice to the soup.that really added something that was missing.",5,1
"i make this frequently, both for dessert and for breakfast treats. it always goes fast!",5,1
"this is my go to soup when asked to bring soup to a function. it's always a hit and i'm asked for the recipe. the only change i made was to use a pound of italian sausage or hot italian, depending on where it's going. thanks for sharing i love this soup!!",5,1
excellent!! excellent!! excellent!! made this for my household and the neighbors and all six people raved about it!! will definitely make it again!!!!,5,1
"this is fabulous! i have made other recipes that my husband thought were sort of ok. he loves this. fluffy, moist, delicious.",5,1
tasty! i reduced the brown sugar to 1/2 cup and i also added 1/2 tsp. ground cinnamon when i stirred in the apples and vanilla into the cornstarch mixture.,4,1
"quick, easy, healthy and delicious!",5,1
"this was very good. i used regular lime gelatin, not sugar-free, since the sugar-free gelatins always take forever to dissolve completely. the pie was very tasty and looked cool and lovely. i brought it to a club meeting and it disappeared almost immediately!",4,1
this dish is absolutely delicious! i didn't change a thing about it and i received more compliments from this recipe than anything i've ever made. i made a batch and took it work where they were just about licking their bowls!,5,1
"great recipe. i also altered it as recommended by other users. i only used 1/2c sugar as my banana's were really ripe. i used three banana's and added 1tsp of cinnamon and used 1/4c of coconut oil . my bread was done after 40min so keep your eye on it, as it does not take over an hour to bake. next time i might add baking powder, as mine didn't come out as high and fluffy as i would have liked it.",4,1
a great oldy but goody recipe! left out the water because i used leftover rice that was already cooked.,5,1
"i have been making these bars for many, many years. we call it ""banana cake"", but it is one of the most requested recipes that i make. they are delicious and moist, plenty of flavor. i have a photo of the recipe in my phone so i can send it to people after i have prepared it for a large group.",5,1
this was not one of my favorite cake recipes.,2,0
i've been making this recipe since it was first published. i make it into one meatloaf and bake for an hour ( i also reduce the amount of brown sugar to make the topping less sweet) i once suggested trying a different meatloaf recipe and my husband and daughter threatened to leave if i didn't make this one!,5,1
"love this cornbread. followed recipe, added just a little more milk because i thought the batter was a bit thick",5,1
we've been cooking this soup for over ten years now and we still get request for it at every family get together. prep takes a little bit of time but oh so worth it!!,5,1
easy recipe to follow; nice textured bread.,5,1
"i added a little of canolli dip in to it and its ,amazingly good",5,1
i just made these for my brunch and they're really good. i added cinnamon to them but i will add chocolate chips to make them even more tasty.,4,1
this is for labounty. a friend of mine makes a frosting out of a large tub of whipped topping and a package of any flavor pudding mixed together. the french vanilla is very good.you can do the low fat/sugar free version.,4,1
these are the bomb!! we left out the peanuts as our family isn't a peanut fan. we had to keep it refridgerated because the carmel melted. i will definitely make again!!,5,1
"it was my first time to bake bread, the recipe was easy to follow had great results. the bread was perfect my family loved it.",5,1
"mine was a total disaster, raw in the middle and so dense. i cut the crust thinly off and they were yum. i think the recipe is confusing as i read it 2 1/4 cups of water and 3 cups flour then it asked me to add . mix till smooth well it was dough at that point couldnt add in any more flour",1,0
this was a huge hit with my family!,5,1
this was excellent. i did add more peaches. my husband said it was a keeper. i did add 1 tsp almond extract to topping. it was different than a cobbler but so good. i will sure make it again many times.to the person who said they had trouble pealing peaches. i learned a trick many years ago. just put peaches in boiling water for about 30 seconds than in cold water and the skin just peals right off. i use to can bushels of peaches and that trick helped save a lot of time.,5,1
"delicious! my family's response, ""you better double this next time."" great way to get those veggies in for people who may not like zucchini. we did make one change, used pork sausage instead of ground beef.",5,1
it's goooood!,5,1
this is basically the old texas sheet cake (baked in a bundt pan instead of the cookie sheet) and it can be made using cola (like coke or pepsi) or dr pepper. it can also be make using water. i know the beer will give the cake a malty flavor but the water or soda will work too.,5,1
"this salad is always a hit! i also use 2 butterfinger candy bars and 1/4 c. of brown sugar for the topping. also, you can make it the night before.",5,1
no sugar needed especially if using jiffy cornbread mix. absolutely delicious. i only make this at the holidays but crave it the rest of the year!,5,1
this recipe is amazing. i will definitely be making again. :),5,1
very good but the frosting was a little tricky. kinda came out a little runny but not bad,4,1
i did everything the recipe said except i only had to bake it 50 minutes. the top came out hard..not crusty but hard and chewy. i couldnt taste any of the lemon flavoring. next time i will add alittle more lemon juice...if i make it at all. i was very disappointed,2,0
i really liked this pot pie!! it was delicious. and it made 2 pies so i got to freeze one and have it the next week. perfect if you are making dinner for another family who needs the help.,5,1
"these are the best pancakes i have ever had. although the batter is thick, if you use a measuring cup to put it on a pan it is really worth it for the fluffiness you maintain. i found this recipe a few months back and have been making it every sunday and sometimes saturday too!",5,1
followed recipe to a t...set oven to 325 and baked for an hour...checked with toothpick method...left in for another 15 min as directed...bread came out hard as a rock...could not cut it with any knife in my kitchen...had to use hack saw to cut it...never again!,1,0
"wonderfully tasty, moist with wonderful fall flavour, this bread is simply amazing! i will definitely make this again!*you can substitute the sugar with granulated baking splenda(tm) cup for cup. i made it with splenda for my mother-in-law, a borderline diabetic, and it tasted wonderful!*",5,1
"so good! i doubled the recipe. mine came out very thick because i blended 1/2 the beans with the chicken broth, then added the rest of the beans. i may need to add a splash of water in each serving. i could go a little hotter next time. i got a large jalapeño so only put in one, minced mine. maybe 2 next time. used rotisserie chicken as a shortcut. really delicious tho!",5,1
i am not a baker - this was wonderfully easy. so delicious. keep these kind coming.,5,1
"i used a deep dish frozen pie shell and baked it for 45 minutes, it came out perfect. everyone loved it! note: for my first try i used a regular sized pie shell and only 2/3 of the topping would fit, but it still came out great with compliments.",5,1
"i only have two 8-1/2"" pans. how do i adjust the ingredients and will it look bad with 2 tiers.",1,0
"these are very good! i was concerned about how long it would take them to get firm in the refrigerator, but it was ready by the time i prepared the next layer.",5,1
i followed this recipe as is and my husband grilled it up for our super bowl party. we got rave reviews and look forward to making this again soon.,5,1
"i usually don’t use sour cream in my slaw, bu this came out fantastic! i shredded a third of a head of cabbage, two big carrots and half an onion through the food processor. outstanding! ed",5,1
this recipe is sickenly sweet. way too rich.,1,0
"one of my go-to meals and i have been making for many years. always a sure fire hit. can add more veggies or spices if you'd like. sometimes we use the hot spicy sausage, gives it more of a kick. great recipe.",5,1
great recipe added a few jalepenoes for heat. !,5,1
"this salad is a winner, i used a package of broccoli, carrot and cabbage mix and red pepper in place of the green. i also added craisins an used maria callen",5,1
our favorite banana bar recipe! i make it anytime i need to bring dessert to an event.,5,1
i made this pie for our family reunion last week. it went like crazy! my sons girlfriend asked me to make one just for her the minute we got home. i have had so many requests for this recipe since then. this pie will definitely be on the thanksgiving menu!,5,1
"excellent! moist, not gritty, just yummy!even the batter is delicious!",5,1
easy to make and substitute whole wheat for white flour.it was delicious.,5,1
made this last night and my family loved it! fairly easy to make. i reserved the chicken broth and the remaining cooked chicken for another meal. this recipe is company worthy! very good! use the flour tortillas.,5,1
"followed the recipe to the letter. pie looked great on the outside, but was a soupy mess on the inside. i will not make this again and i do not recommend it.",1,0
"fabulous dessert for a recent dinner party. i added nutmeg to the shortbread crust, and as others suggested; 6 cups of rhubarb. yes, it makes a lot and if i were preparing it for a smaller amount of folks, i would halve the recipe.",5,1
we didn't care for this at all.,2,0
"meh. not a very good taco recipe.if your rating it to taco bell then it would have more stars.the chicken came out bland, once all the topping were on and added a few last minute seasonings it became edible.this inspired me to now go submit my mojito lime tacos.",2,0
this is an amazing recipe. you cannot imagine the flavor this combination of ingredients produces. i have served it at a couple get togethers and it is the first thing gone.,5,1
delicious and easy! my (picky eater)family really enjoyed this!,5,1
"made this for my grandmother's birthday. got more compliments on this cake than anything i've ever made before! i don't like chocolate on chocolate cake typically, but this is my favorite cake now!",5,1
i had been wanting to make these bars for some time and i'm so glad i finally tried them! they are outstanding! i cut the recipe in half for the two of us and baked them in an 8x8-inch pan. i also added a sprinkling of nutmeg (my grandma always did that with her rhubarb desserts). i can see why this is a top ten rhubarb recipe and dessert recipe! i will definitely be making these delicious bars again!,5,1
i made this yesterday and had some today for breakfast. first time making bread and it was awesome. my wife really enjoyed it too and said don’t freeze the 2nd loaf because it won’t last...,5,1
absolutely love it! my family loved it! it was a hit! i followed everything step by step...delicious! thank you for this recipe. definitely a keeper.,5,1
"i made this yesterday. if it wasn't for the chocolate frosting, i would of thrown it out. it is so heavy and not much flavor to it. we didn't like it.",1,0
"love it! i made it as shown and everyone loved it, but wanted a little more of the rhubarb. i will use 6 cups rhubarb next time.",5,1
this really is the best potato soup ever! everyone who i have shared it with loves it. i make it several times during the winter. i won't even ever try another potato soup recipe now!,5,1
"very tasty, but it has well over 1/2 of a person's daily requirement of sodium. i would avoid eating this except is very small amounts.",1,0
"taste of home use to be real recipes by real cooks. this recipe is terrible. it's full of prepackaged, fake ingredients, artificial colors, artificial flavors, preservatives, way too much salt and is very unhealthy. do not feed this recipe to your family. cook real food.",1,0
excellent! can't wait to make again.,5,1
i absolutely love this recipe!!! i didn't like the overpowering smoked sausage flavor the first time i made this (personal preference) so i eliminated the smoked sausage altogether the second time i made it and it still turned out incredible!,5,1
"my family loved this recipe. i did add more shrimp than called for, because my three yr old loves them.",5,1
i made this recipe and really enjoyed it.,4,1
tasty is how my husband described this dish and my picky eater daughter said very good. i used chicken breasts in this recipe. very good and easy. the sauce was excellent.,5,1
made this for a bible study brunch and was a huge success. the potatoes are a welcomed change from bread and the cottage cheese makes it oh so creamy. wouldn't change a thing and will definately make again.,5,1
"this has been a family favorite in our house for years! i admit, i always use more cheese than it calls for, probably 1 c. and i use the whole 8 oz package of mushrooms.",5,1
great soup for a winter weather.,5,1
"i loved these and adjusted nothing, except adding some minutes to the bake time. they remind me of something my grandma used to make but better with the glaze and almond flavoring. they were a big hit at the family gathering, too.",5,1
if you can't remove the lid how can you insert a toothpick see when the dumplings are done???? i am confused,1,0
"i have an 87 year old friend who told me several years ago that every birthday she and her brother would ask for a similar cake as a special treat.? her mother made them.? she said she no longer had a recipe for a beer cake.? when i saw this, i decided i have to make one for her.? we are going on a retreat soon and i am going to surprise her with this cake.?",5,1
quick an easy recipe i made it for my family and did not have the potatoes and had to substitute dehydrated potatoes from a box of au gratin potatoes and i was delicious and much quicker to cook since i did not have to wait for the potatoes to soften.,5,1
"w-o-w these are the easiest, most delicious muffins i've ever made!! i did 4 bananas instead of 3 and added a dash of pink himalayan salt as a final step. use a handheld mixer to make things easier :)",5,1
fantastic that's it.,5,1
just made this and they are delicious! a definate keeper.,5,1
great lemony taste. i added 4oz of applesauce.,5,1
this recipe is a favorite of mine for a quick tilapia dinner. i have subbed white wine for the lemon juice and it’s soooo good. i actually prefer the wine to the lemon juice. i also upped the amount of butter/wine/spices by 50%. this has become one of my staples for a quick easy weeknight dinner.,5,1
these were too sweet for me.,2,0
"i don't know where this recipe was last year. i scoured the internet looking for a recipe with a 9 x 5 pan. i used 4 cups of white bread flour and added in enough whole wheat flour to make the dough and got two soft, perfect loaves.",5,1
sooo good. i will for sure be doubling next time. it was very flavorful and it satisfied my guests!! perfect for a cold day!,5,1
i followed this recipe exactly and it was pretty awful. it tasted like mayo with a little bacon flavor thrown in. this is the first time i've made a recipe with this many good reviews that turned out so badly. beware unless you love eating mayo straight from the jar.,1,0
well i did something completely different .. i made peanut butter eggs ... took a deviled eggmold & made a chocolate shell filled with peanut butter mixture & omg they rocked much much better than a reeses cup ! xoxoxox sue,5,1
"we thought this was very good, although i don't know how it could possibly serve 12 people! with a pound of bacon, i served it as a main dish, and it served four with no seconds. we do have big appetites though. i added a little kraft zesty italian right before serving because it seemed a little dry.",4,1
"the very best, bar none! will make it many times more, thanks bernice.",5,1
my cake didn't rise. isn't baking soda needed for helping to rise? i didn't see that in the receipe,2,0
"these were absolutely delish! i love strawberry rhubarb pie so i cut the rhubarb to 4 cups and added 2 cups of strawberries. i used fresh rhubarb and fresh strawberries. i think frozen would have added too much moisture. there is a lot of sugar but it was worth it. next time i'll use whipped cream and lose the extra 1/2 cup of sugar. also, 36 bars from a 13x9 baking dish makes them more like cubes. if you are counting carbs 1 ""bar"" is more like 70 carbs.",5,1
"i used brown sugar and reduced it to 1/2 cup based on other people's reviews. i used frozen thighs, and they took 4.5 hours to cook. i have a baked chicken recipe that i like better and will use in the future.",2,0
amazing...this was soo sinfully good..i made if from my hubby for valentines day we are hooked!!!,5,1
"i was really disappointed with this, particularly after reading all the rave reviews. i won't make the filling again because it was tasteless even after adding spices and didn't set right, but i will be using the crust recipe (a 3/4 recipe) for the next pie i make. perhaps that will turn out better.reserving just a cup for topping left the crust really thick, so i reserved about 1 3/4 cup, which turned out nicely. i used 2 different kinds of apples to get a flavor blend and sprinkled some cinnamon and nutmeg on the bottom crust before putting the apple mixture in. unfortunately, this still didn't really give the filling any flavor. i was amazed at how thick the water/cornstarch/sugar mixture got after boiling, but it was really jelly-like when i took it out of the oven. i was worried that it wouldn't set as it cooled, and it didn't really.i will say though, that every toh pie recipe i read calls for a 9"" pie dish, but every one i make needs a 9.5"" deep dish pan. don't believe what you read in the recipe; it doesn't fit in the smaller dish.",2,0
"the only thing i changed was omitting the sugar, and this turned out delicious. i did have to bake it longer than directed. wonderful dish!",5,1
easy casserole to make and excellent flavor.,5,1
clipnmom - 8 oz cheese = 2 cups when grated. i use cheddar cheese or pepper jack because i don't like processed cheese. i add a dash of worchestershire sauce too. crumbled bacon and chopped tomato on top = yummy!,4,1
this is amazing a family favorite!!,5,1
this soup is so flavorful. with some crusty bread it was the perfect meal for us.,5,1
i made this recipe when we went to visit our kids and grandkids. i browned the meat and took along with the other ingredients. i made this for our supper the night we arrived. so easy. everything was open and add and the taste was incredible. would totally prefer this over chili anyday. add cornchips and sour cream and cheese. so good.,5,1
"there is no reason to add flour to potato soup. it will give the soup an artificial starchy taste. simply use an immersion blender and puree the the soup when the potatoes are cooked. and, use real cheese!",2,0
awesome,5,1
great recipe! quick! used strawberriy flavored cake mix and skipped the jello. beautiful pink color. made 70 mini cupcakes. baked in mini cupcake liners at 350 degrees for 13 minutes. minis cupcakes great with frosting or alone. as volunteer feild editor with taste of home magazine i love recipes utilizing pantry goods with fresh seasonal fruits!,5,1
this cake is delicious as a snack cake without frosting or topping because it is more dense than regular cake. we like to use this recipe for strawberry shortcake. it is so-o-o good!,5,1
i did a double batch and then a single one. i think single one were better! i would give 10* it’s the best!,5,1
"made this for christmas eve brunch 2011 everyone said it was delicious..next year i will make (2) 9x13's because it was gone so fast after people took seconds and thirds!!! i didn't change anything in the recipe, however, i did make it the day before, covered it and put it in the refrigerator. i took it out 30 minutes before i baked it. it is a keeper and the only breakfast casserole i will make from now on.",5,1
excellent recipe. i added pumpkin spice and cloves. they were delicious. will definately make again.,5,1
followed the recipe to a t and it turned out shall we say not so good. it looked nothing like the photo which should have been my first clue when i saw what looked like an omelet under the chicken. usually you do egg then flour so i dont know if this was the problem or if it was suppose to be like this. too much basil and garlic for 1/4 c of bread crumbs. wont be trying this one anymore.,1,0
"i made this last night for dinner. it went together very fast and based on another reviewer, i added 8 ounces of cream cheese instead of the sour cream. i accidently added too much cayenne so i did offer sour cream at the table along with shredded cheese. personally, i am not much of a fan of beans of any kind, but this chili was good. the only problem was it did not make enough for the hearty appetites for all the people at the table. next time i make this i will double the recipe. but this is a keeper even by my standards.",5,1
good and made with things you would normally have on hand!,5,1
"great soup! it was very thick, and although i didn't mind it, others commented so i added some more milk to thin it out.",5,1
"i didn't use the salt, just let it set for about 30 minutes like another review said to do. i added a little bit of oregano and basil to the tomato sauce since i didn't have italian tomato sauce. i might cut back just a little on the cheese. taste was excellent. will be freeze zucchini so i can have this during the winter months.",5,1
my husband loves this. me too.,5,1
oh my goodness this recipe/dish was so good it became an instant favorite in our house and i will make it again,5,1
i'm from the south and don't put any sugar in cornbread. so i made it without and it was really good. my mother always used some hot bacon grease in hers,4,1
"best macaroons ever!found these in my toh cookbook and decided to make them for my bf as part of an anniversary gift (he sees baking for someone as a real declaration of love). he and everyone else who has had any has told me they were the best they'd ever tasted. even my roommate, who doesn't like coconut, loves them!the store bought ones don't even rate compared to these.must try!",5,1
really good and easy too. i used a combo of bacon and sausage that worked out well.,4,1
"this recipe is wonderful as written. it's been on my rotation for months. i also switch it up using sausage and whatever veggies i have in the freezer. it's easy, tasty and satisfyingly filling. 5 stars!",5,1
"made this recipe this past weekend and cannot believe how delicious it is. in the 13 years i've been married, my husband has never eaten banana bread. however, when i had him try this, he was shocked at how good it was. everytime i turn around, he's getting another slice. the kids absolutely love it and i swear it's the best thing i've made in years. throwing away the other banana bread recipes because none of them compare. we leave out the nuts, but it doesn't take away from the end result. the texture and the glaze truly make this banana bread unforgettable.",5,1
"terrific, i cut down to 3/4 cup of white sugar and 1/4 c. brown sugar and next time will cut it even more... however; i, also, used melted butter because i did not have oil ..it was decadent.",5,1
wonderful:),5,1
"delicious, it always get rave reviews! !",5,1
"this was very good. i tweaked it a little in that i tossed the chicken first in the flour, then in the egg mixture, then tossed it in the bread crumb mixture coating the entire piece of chicken instead of just sprinkling the bread crumbs on top. then i drizzled melted butter over the top of all the chicken. will definitely make this again!! thank you.",5,1
this made delicious fajitas loaded with flavor but still somehow pleasantly mild. they were especially good with the sour cream. my family loved this recipe - definitely a keeper!,5,1
"really good tasting cake but set your timer for 25 minutes for testing if finished. ours baked for 30, stuck to the pan and candies on the perimeter. i’m going to try this one again because it’s delish!",5,1
did not like this one.,1,0
i'm confused. this recipe was under low carb but is far from low carb. was this misfiled on the site?,1,0
the result is exactly like a bacon-flavored block of cheese. can not recommend.,2,0
ww 13 points,5,1
this casserole was easy to make and very good - the flavors were great - i would definitely make it again!,5,1
"made this bread for the first time for easter. nice workout kneading the bread for sure. i did use a little over two tablespoons of sugar and two teaspoons of salt based on other reviews, and used an egg wash. we had a couple of slices with bolognese for dinner and even the end slice was tasty! this is a great recipe that i will make again. need to just have the time to let it rise.",5,1
delicious! very moist and flavorful. this is my favorite pumpkin bread for our family.,5,1
very easy and the whole family loved it. next time i will try adding some cream of chicken soup to thicken it a little.,5,1
"this is a favorite of mine. i can't believe a scratch cake can be so chocolatey and moist. the frosting is not so rich and is great for decorating. if a buttercream frosting is your preference, check out the one at the cake recipes are the same. i lost my magazine and was thrilled to find this online.",5,1
"this was a huge disappointment. it does smell good so i am hoping that serving it hot with a scoop of ice cream may make it edible so it doesn't have to be dumped in the garbage, i don't have extra in food budget to be throwing away food. the stiffness of the ""batter?"" is a cause for concern. i am going to try to save this mess and will never make it again.",1,0
very easy! could substitute any pie filling.,5,1
"moist, tender and tasty. i followed the recipe as it stated except i used 1/2 amount of sugar. it turned out just the way we liked it. thanks for sharing.",5,1
"i was so excited to try this cake. followed the recipe to a t. i cannot understand why it has good reviews...it is horrible. utterly horrible. i would not recommend this to anyone. i cook all the time, in case anyone thinks i am a newbie...i am not. this recipe just is not worth making. awful.",1,0
my wife made this the other night and we all loved it. she doubled the ingredients because she added vegetables to it. its a keeper for us. well make again.,5,1
i add raisins and craisins..my kids love it.,5,1
this soup is delish! rich and thick. i often will substitute half and half or heavy cream for part of the milk. it's a very forgiving soup for substitutions. bbutler....i have frozen it without any problem..,5,1
everytime i make this recipe for friends and co-workers i am asked for the recipe. this recipe rates 6 gold stars!!!!,5,1
"a unique spin on pancakes! every time i make these for a brunch or breakfast potluck, everyone wants the recipe!",5,1
so tasty.i love this recipe.,5,1
"i needed to use some golden delicious apples before they went bad. never have attempted a homemade apple pie. used this recipe...oh my goodness, i am hooked! it is so good!",5,1
"hello, i made this chunky apple cake last family party. it was a huge hit, the cake, the sauce omg was really really good. i’ll keep making this for special events. thank you so much.",5,1
omg this is really good and quick! love being able to make it all in one skillet! i changed a few things up... i used beef stock instead of water. added some carrots too! i used instant mashed taters and doctored them up with butter! 5 stars,5,1
i have no idea how these won first place.,1,0
"i have made this 3 times to share with daughter and her family. it is absolutely incredible. we actually love to eat the cake slightly warm. something about that with that amazing frosting just puts it over the edge for us. love, love, love",5,1
"we have made this soup 4 or 5 times now and it is soooo good! we usually omit the jalapenos because of the grandkids, but definitely a keeper.",5,1
total disaster! i did exactly as the recipe stated. the only salvageable thing was the crust. it looked like a cornstarch slurry mess. i will never make this again.,1,0
very good. hubby liked it a lot. i agree that adding rice or beans to the meat would be a good option. i used half the amount of salt and the minimum amount of chili powder as per other's ratings. depends on how hot you want it. some said it was mushy so i didn't cook it as long.,5,1
"i have made this several times and everyone who has eaten this says ""this is the best banana bread they have ever eaten""! if i don't have buttermilk i will use milk with about a tb of vinegar and it still has been great. this is very moist and delicious.",5,1
"very tasty dish. i added a 4.5 ounce can of mild green chiles to the recipe and it added just the right amount of zip for my families tastes. i also used a combination of red and yukon gold potatoes, kept the peels on just scrubbed them well and sliced. with the addition of the peels and the chiles it amped up the flavors and the visual appeal as well.",5,1
great recipe and everyone that has had it has loved it.,5,1
oh my. this cookie was just what was needed on this cold rainy day. i was unexpectedly out of regular sugar and so used demerara for both the actual cookie and for rolling. the cookies had that bit of crunch from the sugar and were heavenly. i am not sure i will ever make them any other way now. thank you.,5,1
"i like both coleslaw and macaroni salad but i thought this might be really odd to taste. i added green onion and red onion instead of onion. i omitted the green pepper and water chestnuts. i added 2 chopped fine hard boiled eggs to it. in the end i also sprinkled a bit of turmeric to it. this is absolutely delicious! i love it, thanks for the recipe, even if i made it my own. try it, its sooooo good!",5,1
"my husband isn't wild about cherry pie filling but he's crazy for these bars. i am making these for the 2nd time in 3 days, they were that delicious! this makes a generous amount, perfect for sharing with a neighbor and still having some to enjoy. thanks for this wonderful go to recipe, it's a keeper!",5,1
"i made this for a football party and i sent two people home with the recipe. as extra fixings, i had monterey jack cheese & cilantro out, as well as the cayenne pepper for those who like it just a little bit spicier! it was fantastic. will definitely make this again!",5,1
"i made this on the stove top, since i was getting dinner started late. used diced cooked chicken instead of the turkey, because i always have it on hand in the freezer. used a full quart of chicken broth (4 cups) instead of the 3 cups called for, because i like more volume. and for the diced tomatoes, i used del monte diced tomatoes and zesty jalapenos because my husband and i like spicy. it turned out great!! definitely a keeper.",5,1
"absolutely loved this! my mom wouldn't eat it because of the pasta, but too bad for her!! i made half the recipe since it was just myself to eat it. had it for lunch for a few days too, but that was okay! i used hot pork sausage, but i like things hot! would definitely make again, especially during a winter storm.....nummy!!",5,1
"everyone loved these! i did alter them slightly: instead of using 1/2 cup pb with the chocolate, i used 1 tbs oil. it made the chocolate very rich and creamy. i also needed extra powdered sugar to get the pb to hold together, and added a splash of vanilla as an afterthought. a great, basic and quick recipe that can be altered to fir your tastebuds!",5,1
you did not include cream cheese in the ingredients. recipe fails.,1,0
"this pie is very heavy on crust/topping. it definitely needs some flavoring - cinnamon, nutmet, etc. very bland. will not make again.",1,0
"simple and quite delicious. made it as written, but added some chopped onion and garlic to ground meat when browning. great comfort food.",5,1
this bread is so moist. i added cranberries to it instead of raisens. it was such a hit.,5,1
divine! this has become my go to chocolate cake recipe.,5,1
i make something very similar to this and my crew loves it. only difference is i use chicken broth instead of the bouillon and no bacon. good stuff!,5,1
peanut butter & chocolate lovers will adore this recipe. my company raved about it & it was easy to assemble!,4,1
we really like this bread. i didn't have walnuts the last time so i used pecans instead. yum.,5,1
"i love a good traditional beef, kidney bean and tomato sauce chili but i think this is one of the best chili recipes i have ever had. the flavor is fantastic though a little mild but it is easy to spice up a little more if desired. i made it with shredded left-over turkey from thanksgiving.",5,1
"absolutely scrumptious without changing a thing. highly recommend. have to have again, soon!",5,1
didn't change a thing!,4,1
"my husband loves pecan pie, cheese cake and caramel so this receipe had everything in it. i followed the directions and it came out perfect. just like the picture with 3 layers.i made it for our 48th anniversary. he couldn""t wait the 4 hours for cooling and ate it after 3. it was still perfect. i will make it again. i think it was better than 5 stars.sandy",5,1
"this recipe was poorly written. it does not state what temperature the oven should be at or that the whites need to be beaten until ""stiff white peaks form"" that information can only be found in the video which does not seem to be as easily accessible.",1,0
this is the best soup.. we use sweet peppers in place of green peppers and it is to die for!,5,1
everyone in my family loves this soup! i did not have beef bouillon so i substituted it with an envelope of beefy onion soup mix and cooked it with my ground beef. a definate winner!,5,1
i made bread for the first time using this recipe and it was amazing! i used half the sugar but it still was great. this recipe is a keeper.,5,1
"i have a very old recipe for banana bread that i thought i could just make muffins out of. wrong, this is my go to recipe now. so moist! i also add crushed pecans on top. big hit especially with coffee in the morning.",5,1
this was very good and very easy. i added frozen pea's i had on hand after tasting it and that made it even better. i also thought it needed more salt and would like to try it with garlic like others have said next time i make it. but over all very good my husband even liked it but he said could we add some bacon he's a meat person.,4,1
"love this recipe!! i never liked banana bread, but this recipe has changed my mind. i have mad it several times now, and also gave a loaf to relatives who also loved it. easy to make and freezes well. my mom likes to slice and bag it separately for the freezer, then she has a snack that thaws quickly. i would do the same, but we wind up eating it all before i can freeze any. definitely recommend trying this recipe!",5,1
"delicious, moist, and baked up beautifully. gorgeous orange hue to them too. i used my own recipe for cream cheese frosting, and added a bit of maple syrup for a flavor twist. great recipe!",5,1
"the only change i made to the recipe was to cut back the cumin to 1/2 tsp. my husband is not a white chili fan, but he absolutely loved this chili. it is now on the menu for the night we do soups during the christmas holiday with the extended family!",5,1
the cake was delicious! i did not make the frosting. i made it in 2 9 by 13 pans for a layered birthday cake. it was a bit hard to stack but i expected that because i made it in a different pan than intended. absolutely delicious though. very moist.,5,1
"very yummy and my new mardi gras go-to dinner. i did follow the recipe ingredients, but i had rotisserie chicken and already cooked shrimp and sausage. so i slow cooked all the veggies and seasoning in the liquids for 4 hours on low, added the chicken and sausage for 20 more minutes and the shrimp for 5 more minutes - voiila - it was great!",5,1
"this is a great recipe for chili cookoffs or dinners... it's a perfect substitute for those who can't eat the acidic ""red chili"".",5,1
"loved it! i don't normally like cheese in my soup, but the cheese compliments this soup perfectly, and i loved the addition of the celery. i added two small onions. next time i will saute the vegetables in the butter first, then make the roux. i used 4 t butter and flour and only 2 cups bouillon (low-sodium).",5,1
loved this! i used mushroom broth and cheddar for my soup. still turned out amazing and the hublet devoured it.,5,1
how old was your dog?,1,0
this is our favorite dessert in this house and definitely different than most others which is what i like about it. it's easy to make and has a lot of great flavors in each layer. the perfect combination dessert with chocolate and peanut butter. i have already made it several times and i get request from my husbands work to make it for their pot lucks and also when we have family visiting. it's definitely a keeper!,5,1
this recipe is to simplistic and not detailed enough. by not letting the yeast sit i believe it caused the bread not to rise high enough. this resulted in 2 loafs that were shorter than they should've been. i also reccomend a egg wash before cooking. the texture of the bread was sorta like cornbread and a little mushy but not to bad really not great or terrible. it was very crumbly and hard to cut thin slices.,2,0
made it for fathers day and everyone loved it. was not hard to make. did not find it over rich. i did add more peanut butter cups. would make it again.,5,1
"outstanding! i used a full pound of beef and fresh basil (because i had it) but otherwise i followed the recipe. i would suggest, and next time i will,add more liquid as it is very thick. this will become a regular.",5,1
i found this recipe awhile back.. now it is a must to make a few times during the growing season.. my family loves this! it is nice change from the regular recipes i have found.,5,1
great flavor and simple to put together. i used 1 1/2 tsp chili powder in place of the cayenne pepper and white kidney beans. four granddaughters ranging from 16 down to nine loved it also!,5,1
super easy and tastes incredible!! i will be making this dish often!,5,1
i love this chicken fajitas and i'll definately try this chicken fajitas recipe this weekend. the best thing about this recipe is that it takes very less time in making this recipe. even i have a special chicken fajitas stuffed pepper recipe as well. check out the recipe here: https://www.recipespack.com/chicken-fajita-stuffed-peppers-recipe/,5,1
delicious! this recipe is good i just changed two little thing. instead of 1/2c sugar i do 1tbs and the sauce i pore everything on the meatloaf. made it like this every time including the very first. love taste of home recipes everything i made was delicious.,4,1
this was a huge hit at family gatherings and a baby shower i attended. a great recipe!,5,1
i made this for a family get together and everyone loved it!! will definitely make again.,5,1
"i only gave it four stars because i tweaked it a little. i added chick peas and a dash of salt to mine as well as used ground turkey instead of beef to make it a little healthier and added an onion as well. we topped ours with cheese, sour cream, and tortilla chips",4,1
this is a fantastic recipe. it is one of my go-to recipes when making a meal for a friend.. i can make one and have an extra to take to someone or leave in the freezer for a busy night.,5,1
"i can't see a reason for adding milk to a hearty soup, i hate milky soups",1,0
we had a snowstorm in michigan today. this comfort food really hit the spot and has great flavor. my husband and son didn't know they were eating cauliflower! i will definitely be making this again. thank you.,5,1
"this is the only bread recipe that always works . i followed the instructions exactly using bread flour , combinations of white flour and whole wheat flour, as well as millet or lentil flour along with white flour and it has always risen beautifully. i have been baking bread every 4 days and get 2 perfect loaves every time . thank you for this great recipe .",5,1
sorry i wasted good ingredients on this recipe.,2,0
my favorite breakfast casserole by far. i usually make it with 1lb of bob evans sausage instead of the bacon because i keep it frozen. one of our favorites.,5,1
made this for xmas breakfast. it was the most tasteless breakfast casserole i have ever made.glad i also made biscuits and sausage gravy. i had 3/4 that i had to throw in the garbage. would not recommend at all. too many other great breakfast casserole's available.,1,0
"the girls all asked for seconds. great way to get the veges in. the base of the soup was great. we sauted all the vegetables and added onion, a yellow pepper, doubled the celery, parsley, seasoning salt. the girls recommended blending half and leaving half chucky. would definetly make again.",5,1
"i made it exactly as directed. the seasonings gave it good flavor, though i didn't really care as much for the strong chicken broth flavor that the 8 cups of it gave the soup. i imagined a creamier broth based on the picture and the can of cream of mushroom soup it contained, but it really wasn't that creamy--just very chicken broth-y. still good.",4,1
"the more gem recipes i've located and made on taste of home, the less and less i've been enticed into going out to eat. i can't think of the last time i had fajitas out that could beat this recipe. there is nothing difficult about this recipe and the flavors are huge in this one. sometimes, i've just used chicken tenders to save time. but the only change 've ever made was to double the amount of bell peppers and chopped onions.",5,1
this meatloaf is out of this world! i did use breadcrumbs instead of saltines since i didn't have any in the house and it still came out beautifully. i will make this again and again for my friends and family!,5,1
"sorry but the lady who said it's not ""new england"" is absolutely right ! half the ingredients in this recipe do not belong in a true n.e. clam chowder, thyme ? chicken broth ? garlic ? bacon ? half",2,0
"my niece made this for thanksgiving. it was so good. yes, i will make it.",5,1
this is a very good recipe! everyone loves it every time i make it!!!,5,1
my husband loves snickers. so i decided to give this a try... needless to say the whole family loves this! even my sister in law who doesn't like chocolate was coming back for more! great recipe!,5,1
love this recipe,5,1
very good recipe. didn't call for anything out of the ordinary. pretty simple dish to make.,4,1
just made these for breakfast. used whole wheat flour and added about 1/4 tsp almond extract.turned out very yummy — will definitely make again.,4,1
my picky eater devoured this casserole. he complained about being too full! it is on my list of make agains. it is very easy!,5,1
i love this recipe. thank you for posting it. i turn mine into seafood chowder by adding 2 cans of escargot and tiger shrimp. i also use my home made bone broths either chicken or turkey as i can control the sodium levels this way. i don't have to add any extra chicken bouillon. if i need extra salt i add 1/4 tsp of celery salt. i always have reserve bacon grease so if i don't have any bacon on hand it has the flavour in the soup already. it is nice to change it up once in a while. i also use this recipe for loaded baked potato soup because it so much easier. enjoy!,5,1
"everyone who has had this, enjoys it.",5,1
this is amazing! i used reese's oreos. hubby loves it.,5,1
"i tried this recipe for the first time today. have to say that there seemed to be toolittle seasoning involved so i used my go to combo of onion powder, white pepper and sea salt. i literally use these seasonings in every savory dish. also added parsley and basil flakes. i didn't have shredded cheddar so i used six cheese italian shredded cheese that i did have. this soup will move into my personal line up. the hubby is the soup king here but this one is mine. we both loved it.",4,1
nancy: your recipe was quick and definitely delicious. thanks for your lovely recipe for a delicious & quick dinner after a busy day!,5,1
very yummy!!!,5,1
i made this delicious pie for christmas this year. it was a big hit with the whole family.,5,1
delicious!!! made this as a side dish to our christmas ham and it was everyone's favorite dish. perfect recipe!,5,1
"i use 1 cup of bananas, whatever nuts i have on hand. sometimes i add 1.5 cups blueberries (takes longer to cook). sometimes apples. i like to cook these in mini-loave pans. i get four out of the recipe. for blueberry i cooked for 40-45min. all others 30-35mins.",5,1
this recipe was so quick to fix and really delicious. my family said it's a keeper.,5,1
"i followed the recipe exactly as stated. it baked to a lovely golden brown. i served today to teachers at a staff appreciation brunch. they loved it and i brought home an empty container less than an hour later. i've added this to my ""go to"" list of recipes.",5,1
how does a cake with trans fats in both the cake and the frosting get a heart healthy rating??,5,1
"i have baked homemade bread for many years. this recipe yielded me the very best loaves of bread i have ever made. the thing i done different this time was i used all bread flour. historically i used all purpose flour. while my bread always turned out well, the crust was very hard and the bread was dense, but i never had any leftovers. this recipe and using bread flour my bread top was soft and my bread was light as it is from the grocery store. i was amazed but i recommend trying this recipe and use bread flour only. after it comes out of the oven, brush the tops with melted butter. i hope you enjoy making your bread and that it turns out perfectly as mine did. thanks for providing home cooks with a great recipe.",5,1
4 thumbs up in my house!,4,1
made with no changes for a potluck. it was a hit! really good recipe.,5,1
made this when i had family in from out of town and every on loved it. so much they asked for a copy of the recipe.,5,1
"i've been making this same recipe for years, and it is always a hit! i add a can of white sweet corn to it and serve with cornbread.",5,1
this is the first time i used someone elses recipe and not my own that i have used for years. flavor was ok but each one of my 8 little loafs all stuck to the bottom of the pan. i will be going back to my recipe. sorry.,1,0
"was just ok for us. we felt like it was missing flavor. just needed something. probably won’t make again,",2,0
this recipe was really delicious. my family loved it!! i wouldn't change a thing about it.,5,1
"i made two of these this past weekend and everyone loved them. i used smucker's caramel topping in the 12-oz. jar, not the sundae syrup in the pourable bottle. the 12-oz. jar is approximately one cup of caramel.",5,1
this recipe was yum-o. loved the cinnamon spice in it. gave some to the fire house and they loved them too.will make them again,5,1
would have been 5 stars but there was no spice. luckily i realized this before putting into cupcake holders. added 1 tsp of cinnamon and 1/8 tsp of nutmeg. perfect! these were now grandkids ready!,4,1
the brown sugar needs to be mixed into the salad and there should be more of it. 2.3 stars,2,0
"this is an excellent dish with good flavor. i anticipated this as taking a lot of time, however, with all components being cooked in the same pan. once i got the chicken to about 120°, i transfered the breasts to a oven safe glass baking dish to finish. that allowed me to time getting the chicken to temp and for it to rest while the bacon and then the onion/brown sugar components were completed. timing is everything in cooking and this allowed it all to come together nicely.",4,1
"the cake is great! one of the best chocolate cakes i've ever had. however, i am surprised how many good reviews there are on the frosting. i didn't like the taste of it. others i served it to liked it, but i could taste the sour cream. i think a homemade buttercream would be delicious on this cake!",4,1
used marshmallow fluff instead of creme,5,1
"i brought them to work and everyone loved them. they are easy to make, they come out very moist. they have a mild spice flavor i think next time i will add a little more spice or some pumpkin pie spice as suggested by previous reviewer. other wise they are great",5,1
"this was very very yummy, but i did need to add a lot more spice to it. i used about 3 tbs of chilly powder and 1 tbs of cayenne pepper and i don't like things to be spice, but this made it just spice enough! yum yum",5,1
"enchiladas are made with corn tortillas, not flour tortillas. this is a burrito.",1,0
"the potatoes were amazing, but the chops were a bit dry. next time i may try adding a lemon or lime flavor to it to spice it up a bit.",4,1
"this was not spicy at all, but very flavorful. i cooked it longer and used 1 pound of shrimp.",4,1
excellent! i made this exactly per the recipe and will be making again for sure. served oven crispy potatoes.,5,1
we love this! my husband asks for this over and over so i usually make a double batch and we freeze containers for later.,5,1
"make this 4-5 times a year. i do add chopped onion. 1/4 cup of chopped celery? what do i do with the rest of the celery stalk. lol i think adding one celery stalk to the soup will be just fine, maybe even more.",5,1
i made this recipe last weekend and loved it. i used sausage in place of bacon. this recipe will be tagged as one of our favorites.,5,1
anything with bacon is delicious!,5,1
before making these recipes i always read the reviews. since this had good ones and i love cherry desserts i made them. they seemed baked through and browning on the top but as they sat they just kept getting softer and softer. they taste good but you have to use a spatula to serve them.,2,0
"great recipe for using up leftover ham. we were in a hurry, so i didn't let them sit, plus i used regular large hamburger rolls and they still got (unsolicited!) compliments from my family. next time i might try planning ahead and let them sit overnight.",5,1
"moist & delicious hot milk cake recipe. i baked it in a jelly roll pan, & it turned out great.",5,1
added carrots and potatoes - beef broth in place of water - plus thickened liquid with corn starch to complete the meal. this has been a family favorite for years!,5,1
this is the most amazing soup! i make it weekly in our household and for those fall & winter potlucks.,5,1
my family and i love making these muffins! we add chocolate chips! yummmmy and super easy.,5,1
"this is delicious! my husband's favorite casserole - and my kids love it, too!",5,1
"wow!!! this recipe is excellent as written!! the only change i made was that i used a 40 oz. jar of great northern beans. it tastes so good, with just the right amount of heat!!!",5,1
"this makes agreat meal starter or, with a chunck of crusty bread, a meal. one of the best soups i've ever tasted. and if you will notice there is no added salt. just do not need it, even with low sodium broth.",5,1
anyone ever try the buttermilk substitute for the buttermilk needed; use 1 tablespoon of white vinegar plus enough milk to measure 1 cup? (then divvy out whats needed for the recipe.) its a frigid day with everyone clamoring for banana bread! dont want to trek out to the store!,5,1
these are great. everyone loved them!,5,1
i ground my own pork to make this dish and it was worth it!! very tasty!,5,1
"this has been a family favorite for years! i cut the velveeta in half. and to make it simpler, i saute my vegetables then make my cream sauce on top of them all in the same pan. so good! and healthy too!",5,1
i added sliced mushrooms and a zesty red pepper. delicious!,5,1
"have been baking bread for over 50 years, this recipe, by far has the best taste, texture and easiest recipe i have tried! thank you for sharing sandra! today was my second time using this recipe, i know i will be using it very often!",5,1
"i like peanut butter cups, but was amazed at how good these really taste!! they taste better in my opinion than the name brand. and my 3 yr old daughter had a blast helping me make them, as well as putting her own sprinkles on top. i would definitely make again!",5,1
"fabulous soup, so easy to make, i substituted the chicken bouillon cube for a 32 oz carton of vegetable broth. perfect choice. i also cut up more carrots and celery as we love veggies. this is the third time making this soup and it is a keeper. very tasty.",5,1
very good cookies...will be making these again soon!!,5,1
"i cannot understand how anyone can have a failure with this recipe. i've been using it for a number of years and it always turns out as shown. in fact, i made it a few days ago and have given the recipe to two friends because they liked it so well.",5,1
"the basics are okay, but if you follow the exact directions, the batter is much too thick. adding additional milk is necessary.",2,0
"the first time i baked this, i forgot to add the boiling water. i thought it would be really dry, but it was still surprisingly delicious! currently have this recipe in the oven with the boiling water added. this consistency after adding the boiling water worried me. it seemed a little too liquidy than other cake recipes i have made. is this normal?",4,1
"this is by far the most simplistic bread recipe i've ever come across. i've tried so many bread recipes but i could never memorize them because of so many steps involved and the bread never came out exactly as the recipe's image or as it should. this recipe came out perfect, my kids and husband loved it and i was able to memorize the steps so i can put my spin on it. today i made it for the second time with 3 cups white flour and 3 cups wheat. peerfect! it's a keeper!!",5,1
"we loved this. i added a few dashes of texas pete hot sauce to give it a little more pizazze, but otherwise made as directed. will save and make again.",5,1
my family loves this recipe. i use it to make rolls! perfect crusty but soft bread. love it!,5,1
i have to make these for every family function! everyone absolutely loves them! they melt in your mouth!,5,1
"these cupcakes have rave reviews for a reason, they are amazing. you won't regret it if you try them!",5,1
so good! packed with yummy seafood- its creamy and good. how could you go wrong here?,5,1
fresh taste and crunchy... yum! i was looking for something a little different -- and this did the trick. i did not add the water chestnuts and reduced the onion.,5,1
this is an amazing recipe! i’m gonna be the hero this thanksgiving! so so perfect in every way! that little bit of ginger is genius!,5,1
"really good, my picky grandkids even liked it. i doubled the recipe and served two families.",5,1
"this recipe was exactly what i was looking for,rich thick gravy and delicious. i don't care for pie crust so i used one puff pastry and cut the recipe in half. now i wish i had made the whole thing as it was so good. i omitted the corn but added celery everything else i include. i used canned chicken and used the broth from the cans for the gravy. i used a smaller rectangle dish than a 9 x13. it was 8 x 11.5. so good! i froze the leftovers and even took a serving over to my neighbor who lives alone. she liked it too.",5,1
this was excellent and a hit with the family! this one is a keeper!!!,5,1
i used a can of diced tomatoes with green chiles and a can of diced tomatoes,5,1
delicious! i prefer to use 2c chicken stock with half a cup of water to eliminate the msg from the bouillon.,5,1
made this for a lodge dinner for 50. substituted chicken hindquarters for thighs because i needed a real he-man main dish. doubled the sauce. nothing but raves from both men and women. a keeper for sure.,1,0
so sorry i have to disagree with a lot of stellar reviews here. the taste of velveeta is so overwhelming. i will however try again with cheddar.,2,0
my husband and i love this recipe. instead of loaves i make muffins and reduce the baking time to 30 minutes. i also add a cup of hersey's cinnamon chips. yum!,5,1
this is my go to recipe any time i make meatloaf. my family loves it!,5,1
"the recipe only made 5 pancakes, which was just right for 3 people. they were very filling. they turned out a little dense and dry - i recommend adding more liquid as some others have suggested. not too sweet, thankfully, because they needed maple syrup for moisture. i will probably look for another pancake recipe to try.",4,1
my family loved this recipe!,5,1
big hit in my house!!!! easy to make!!! i used ground turkey and nobody new a thing!!! tastes awesome!!!!,5,1
"i have hard time calling this the ""best ever"". it took 30 min longer than estimated to bake and the top was all crusty and dark because of the high amount of sugar. i also made a batch of the basic banana bread muffins and preferred that recipe a lot more.",2,0
i doubled it to fit better in my 5 quart slow cooker. great without jalapeno peppers. i used a 6 ounce container of diced peppers & onions from the grocery store. yum!,5,1
"excellent layers of flavor. i didn't make this in a crock pot because there wasn't time. i sauted all of the vegies in olive oil first, added the spices except i used paprika instead of cayenne because my husband has acid issues, i added 2 tbl of cumin and 2 tbl crushed bay leaves, browned chicken and sausages, added to mix, brought to bowl in dutch oven and simmered for 45 minutes, then added the shrimp and simmered 15 more minutes. flavors were layered and distinct. will add this to my chef's list and serve with confidence to my clients.",2,0
"the cupcakes were moist & were liked by the crew of volunteers at the food pantry. i did not like the frosting, much too sweet, so instead frosted them with cream cheese frosting.",4,1
amazingly good,5,1
this recipe is wonderful! my husband said it's the best crockpot recipe of any kind that i've ever made. i made it exactly like the recipe said...except i was out of parsley flakes. i don't know how much of a difference it would've have made because it was absolutely delicious!,5,1
i had a lot of apples left over from christmas and i didnt want to lose them so i decided to look for a good apple crisp recipe and my first thought was to go to the taste of home website and i am so glad i did this is the best crisp recipe i have ever made its tastes wonderful! thank you for sharing this recipe.,5,1
"loved this soup, definitely a keeper! i followed it to a t but did not use wine. was skeptical of the thyme as it had a different flavor and have not cooked with it before. put it in slow cooker all afternoon and the thyme was a nice flavor at 1/4 tsp. thank you for sharing.",5,1
the cookies are wonderful. i used cold butter and mixed it in a stand mixer to soften with the sugar and the cookies did not spread. just perfect!,5,1
everyone loved this soup!,5,1
excellent and is quick and easy to make.,5,1
"gin, i’m sorry your bread failed. i had that problem too. during covid i was t able to get my usual flour aid i settled for an different brand. it failed every time. now i have my gold medal all-purpose flour again and it’s terrific!! try gold medal. this really is the best recipe i’ve ever tried.",5,1
"i made this for my family today and according to my husband and 8 yr old son, this is the best chili ever! i did, however, make a few changes. i used smoked turkey breast that my husband made over the holidays instead of the chicken. i also used 2 fresh garlic cloves (minced) and did not saute the meat, onion and garlic. i substituted italian seasoning for the oregano and white pepper for the pepper. last of all, i just dumped everything in the crock pot (set on high) for about 3 1/2 hours, adding the sour cream and cream the last half hour. delicious!!!!",5,1
my pie turned out beautiful and then i cut into it... full of liquid and overly sweet! such a disappointment.,1,0
"this tasted really good, and fresh. has the taste of regular slaw but adding the pasta really brings it all together. makes a large amount and it takes a huge bowl to mix it in. definitely will make again.",5,1
great recipe.........love the whole recipe....one correction...it made 4 9 inch pies so either half the recipe or make sure you have a lot of freezer space or friends to give them too..lol...,5,1
this has been our families favorite breakfast dish for over 10 years! make for almost every holiday usually the day beforehand so i have more time to spend with my family!,5,1
"made these tonight, very good!!! when i was at the store getting stuff for this, i did not read it carefully when it came to the cream cheese. i grabbed two 8oz pkgs., but i did notice it before i made the frosting. just used one 8oz pkg, turned out great. i was too eager to frost and eat the bars, so the frosting got a little warm and melty but after putting it in the fridge, everything turned out great!!! easy recipe and very delicious!!! also, the crust was good, did not think it was too thick.",5,1
"loved the flavor of the chicken ""soup"". i did end up thickening it up with instant potatoes. did not like the dumplings though; ended up fishing them out and dumping them.",4,1
"i followed the recipe to a ""tee"". these cupcakes were delicious. texture was perfect. icing is wonderful. definitely a keeper!",5,1
very good!!! moist and light. perfect summer dessert,5,1
"i followed the recipe as written, but i did add some walnuts in the batter and sprinkled some on top of the frosting. the cake was moist and so delicious! i baked it in a 13x9 stone pan for about 35 minutes. this is going to be my ""go to"" recipe when i make banana bars.",5,1
"well, i made it and felt like it was just like something my mom or grandma would make. maybe it is because i too am from indiana. maybe because both sides of my family in a weird way are wrights! maybe that is why i liked it. too i miss my grandparents and my mom. probably the taste buds in the mid-west are far different than other regions. if you're concerned about soybean oil then i know there are other mayo's you buy. or make your mayo from scratch. i find it unfair that someone would call this a loser or anyone's recipe a loser. just simply state that if it was not for your taste buds instead of insulting someone's recipe. that might have hurt their feelings. i frankly thought when i saw that...i will not dare share any of my families recipes because of how insulting people can be. in this day.",5,1
"worst apple pie filling recipe ever! i followed the instructions exactly and after an hour of cooling, i cut the first piece. i had to drain more than a cup of liquid out of it. i'm so upset. flavor is also lacking. i cannot tell you how disappointed i am with this recipe.",1,0
made this last night and husband loved it. that's enough to make me add this to my recipe collection. this is sure to be a regular at our house.,4,1
"this was okay, nothing special. but~ i don't think i used enough lemon, also think it might be better with a thicker fish. thanks for sharing.",4,1
"delicious and perfect for a cold winter afternoon! i heeded the comments...used 2x more beef, half as much potatoes, and shredded cheddar instead of velveeta. hubby bragged at work and i shared the recipe. definitely making again!",5,1
this is a recipe i would definitely make again. i made a few changes and used ground turkey breast and shredded sharp cheddar cheese instead of velvetta. it got rave reviews from my family.,4,1
"this is outrageously good and easy. you really should try this, as all i have shared it with wind up making it more than once. not only is the roast very flavorful it makes very good gravy as well. a winner!",5,1
"i think i would caramelize the onions when making the recipe, but that does look delicious. i always served mine with extra rice.",5,1
very good!!! cooked my own beans and used jalape?o ground pepper instead of cayenne pepper. delicious!,5,1
"i didn't have capers, so i just left them out. my husand and i loved this. the fish was tender, and the flavor was just enough without being overpowering. great with aparagus.",5,1
just got done making this cake with my niece. easy to follow. only used 1 1/2 cups butter in the frosting. really rich.,4,1
"this is the perfect chocolate cake. it's super moist. it took 43 minutes to bake, not 30 which is no big deal. also, next time i make it i think i need a little more frosting, which was equally awesome. ps in the frosting, use all butter, it's tasty!",5,1
this was delicious! i made it just as the recipe said and i did put in a tiny amount of hot pepper sauce. we loved it,5,1
"excellent recipe. i wouldn't call it pizza per se, reminded me more of carb-less lasagna. i cut the amount of ground beef in half, doubled the onions and added about as much mushrooms. i used jarred barilla traditional pasta sauce. next time i'm thinking of using only half the cheese in the zucchini mix and replacing that amount with more zucchini, and double the salt. i'll also add garlic as many commenters have suggested. it holds up well as leftovers.",5,1
"i make these with milk instead of water, and omit the brown sugar. i brown them and put them in pressure cooker for 20 minutes. i got a pressure cooker 49 yrs ago so i could make these for my husband.",5,1
"i thought this was good and will make it again, but i thought the flavor needed something more...maybe i'll add the asian chili sauce like was suggested.",4,1
"is vry delicious- even without the topping. i didn't have time to make the butterscotch topping, but served it with ice cream and hot caramel topping instead. it was fabulous. i also omitted the nutmeg since i'm not a fan of it. still turned out great. will keep this recipe on hand for a different fall, apple dessert.",5,1
this is a fantastic lasagna. i used a foil pan so it wouldn't spill on the way to my in-laws. it did not dry out at all. i would make this again.,5,1
"basic coleslaw recipe at it's best. simple assembly, perfect balance of sweetness.",5,1
forgot the stars. would give it more if i could,5,1
i made this for a christmas eve family dinner. it was a huge hit.,5,1
yummy and so cute!,5,1
awesome! smells delicious and tastes even better.,5,1
best fajitas i have had to date!,5,1
"i made a bundt cake instead of cupcakes. it's a very moist cake, very yummy although very sweet. it didn't even need frosting but was yummy nevertheless. i'm going to make it again but will use less sugar.",4,1
made this recipe last evening for dinner. it was delicious! the tomato mixture was delicious. will definitely make again!,5,1
"easy to make, super moist and delicious!",5,1
"so good!!! you can probably get away with putting less sugar in it if you wanted, but how much less i don’t know! i had to bake it about 10 mins longer than stated, but my dad said it’s the best “white cake” he’s ever had! yes i know it’s not white cake but it’s similar!!!!",5,1
sooo good! perfect blend of flavors! everyone loves it! make sure to crush pretzels very well.,5,1
"this was very good. i omit the nuts, but it really had nice flavor. i reduced the cook time by about 10 minutes, i did the toothpick test on my smaller loaf pan just in case, then decided to check the larger as well, they were both done.",5,1
i was not impressed. i found the potatoes bland and needed something. the chops were overcooked but i did use loin chops. still an hour and a half i think would dry out most chops. i wouldn' t follow this recipe again without some serious changes.,2,0
"wanted to try something new for x-mas morning, we've had the same thing every year for a while. i made it early to give it a try and avery one loved it, even the kids.",5,1
"<p>great flavor, fast and easy to prepare. will add another can of beans or some frozen carrots next time.</p>",5,1
these instructions are not clear for a first time baker.🙄🤦🏽‍♀️,2,0
"this was amazing! i've never had better, even in a restaurant. my son and i sat there moaning while eating it. lol i highly recommend with no changes. fab!",5,1
this is similar to a recipe i make. i found the recipe years ago but i don't care for peanut butter. so i simply use marshmallow cream and whip it up in the mixer and then continue with the recipe replacing the peanut butter with the marshmallow cream. these make great mallow cups. i keep the recipes ingredients around for when i get the taste for some chocolate. i make them in a regular cupcake pan and then wrap and take them to church for others so i don't pig out on them,5,1
used turkey sausage and omitted the shrimp. excellent!,4,1
"i can't review flavor yet as it's currently baking away but the recipe was simple and quick! a few changes though: splenda in place of sugar, three egg whites & one whole egg (we're watching our cholesterol intake), homemade fruit sauce instead of apple sauce and since everyone commented about ""soupy"" batter i added a 1/4 cup of hemp seeds to think and add a little extra nutrition punch. let you know how it tastes!",5,1
"absolutely delicious. time was limited, so we did not refrigerate the chicken in the marinade for 1-4 hours, as directed by the recipe. we still found the chicken to be abundantly flavorful! so much so, that when making it again, we will not marinate the chicken, as it was absolutely delicious and obviously required less time/planning ahead. otherwise, there is not a thing i would suggest differently. i just wanted to point this out because often times the ""set in the refrigerater for x amount of hours"" deters one from choosing a particular recipe. so, i want to make it known that if you're looking for the best chicken fajitas but in a pinch for time, that is not a reason to pass this one up. highly recommend. this was printed off and put into our family cook book, as we will be making this often. thank you for sharing! ?",5,1
"this macaroni salad was ok, but i've had better. flavor was a bit bland for me.",2,0
"my family and i really enjoyed this fajita recipe! delicious! i didn't add the pepper flakes because my 3 year old wouldn't eat it like that. we also added black beans, lettuce, guacamole, sour cream, salsa and cheese to our fajitas. :)",5,1
i tried this out for a potluck dish. everyone enjoyed & was wanting the recipe! will make again.,5,1
delicious cake could i bake this in a bundt cake.pan?,5,1
"this was so good, and even great heated up the next day for leftovers! i didn't go the low-fat, reduced sodium way and added a bit more sour cream. one addition i made was to mash up an avocado and spread it on the first layer of sour cream before the second layer of ingredients. quick & easy so i am sure it will become a regular at our house. i let it set about 10 - 15 minutes before cutting it and the pieces came out perfectly!",5,1
had a small group and halved the recipe and it was still so yummy! i used cubed hashbrowns because that's what i had on hand. had to cook it @ 375 for the last 10mins to get it to finish. great dish for groups big and small!,5,1
"been making this for my family for a couple decades now, and it's always gotten rave reviews. i do add real garlic along with the chicken, garlic powder, and onion to sauté, before adding the rest of the ingredients. in the past i've substituted evaporated skim milk for the heavy cream, and it turns out well that way, too. i cut back on the cayenne for my own reasons, but my daughter loved it full strength. probably going to be making this recipe for another couple decades as well.",5,1
i am surprised to see this. years ago i revised a recipe and it is identical to this one except i use 1 cup of sugar. when i was working and we had pot luck lunches i was always asked to make my banana bread. i have given this recipe out many times. it is the best.,5,1
family favorite. i add 10-12 eggs because it’s an ‘egg casserole’. i use spicy chicken sausage instead of bacon sometimes.,5,1
"i made a few substitutions which created a lovely taste sensation. first, i made a crushed pretzel thins and butter crust. second, i substituted 1/4 c caramel ice cream topping and 1/4 c chocolate syrup for the reserved 1 c filling in place of the fudge topping. finally, i chopped 4 reese's cups and put them in the vanilla batter. none on top. did it turn out? you bet it did and it was fabulous.",5,1
"i choose this recipe because it only needed 2 bananas for a loaf. i had 5 available and i wanted two loafs. this was such delicious banana bread. i didn't have buttermilk and just used regular milk too. i didn't have canola oil, so i used vegetable oil. this is so moist and a lovely brown loaf when baked in metal pans. i loved the chewy texture to the ends of the loaf. all the kids agree, and want to keep eating it. even my girl that doesn't like bananas loved it. yeah! i will definitely make it again!",5,1
this is now one of my favorite soups. i always add a small can of green chilies in place of the hot sauce.,5,1
"this was great, i don""t care for salt but i used low sodium soy sauce and it was fine will definitly make it again",4,1
i made this with low calorie /fat free substitutes and it was great! whole family enjoyed. family of 4 ate all of it. would make a side salad to go with it next time.,5,1
made it with hot italian sausage. loved it! it was very tasty and colorful. was as good or better than soups served in restaurants.,5,1
this was the first thing i have ever baked from scratch and it was incredibly delicious. six stars in my book.,5,1
this is the best. i have taken it to 2 family picnics and there was another one there and both were gone.,5,1
excellent! the only change we will make in the future is to chop the mushrooms smaller. we also added about 1-2 tbsp red wine while we sauteed the onions and mushrooms and it was outstanding.,5,1
"as a working cook for over 7 years i was dubious about the idea of adding a flour slurry so late in the cooking process. regrettably, i was correct. the flavor was overwhelmed by raw flour.i would suggest making the rue (that's what it is) in the pot before adding the liquids.you do that and leave out most if not all of the half/half then you will come closer to a perfect chowder.other than those issues the flavor profile was on point. i look forward to trying this again while trusting in my instincts...",2,0
"i made this for my family the other day and they are still raving about it, so today i made two more loaves and they turned out even better than the first two i made...my daughter who doesn't like banana bread loved it too and has ask me for the recipe...this will always be my go to for banana bread!",5,1
"these are great! they have a nice, crispy surface and chewy inside. i'll be making these again but perhaps adding 1.5 c chips. i bet they're great with dark chips as well. thanks for sharing!",5,1
this will definitely go in our family favorite cookbook!! yummy!!,5,1
"very good and so easy. i didnt have white pepper or thyme which i think would make it better. my husband, who grew up in the green mountains of vermont, loved it. the bacon sprinkled on too was a great addition.",4,1
excellent!!!,5,1
"great cheesecake, but unfortunately, and i'm surprised no one else has mentioned it, this recipe yields enough cheesecake filling to easily do two 9"" cakes. wish i had known beforehand, as i just kept saying to myself ""the recipe has to be right"" as i kept noticing that there seemed to be way too much while i was mixing the ingredients, and i wound up washing 40% of the filling down the sink, and over filling the one pan & crust i did have, and the cheesecake ballooned up and split in several deep crevices because of this. get your amounts correct next time please.",2,0
"we really enjoyed this recipe, however, it is very high in sodium. will probably make it again, but not on a regular basis.",4,1
too salty for us - but i'd love to find a similar recipe with less salt!,2,0
very good and easy to make. i followed the directions except i used a frozen bag of peppers and onions so i didn't have the prep time. these were great the next day too. lots of flavor!,5,1
"made this for my book club, but used sour cream instead of buttermilk, which i was out of. *it came out great - they all asked for recipe",5,1
<p>i made this tonight because it just sounded comforting and i had the ingredients on hand. it was simply delightful!! i halved the recipe because im only cooking for one and i wanted leftovers for tomorrow. i did add a little bit more salt and pepper but that’s personal preference and i know many watch their sodium intake. this is definitely staying in rotation!! after tasting it i felt no need to add garlic or hot sauce or anything else. i love that mushroom taste and had no need to mask it. thank you for an amazing recipe!!!</p>,5,1
"amend the recipe to include real crabmeat and then add another star to the rating system and we have a winner with my family! a little pricey, because i have to double my recipe for my family, but worth every penny and is still less than the seafood dinners and more portions and better quality than dining out!",5,1
made these with my 6 and 8 year old girls for halloween. super easy and delicious and a nice large yield! this recipes a keeper!,5,1
i made this salad yesterday and took it to a salad supper. nothing but rave reviews. i came home with an almost empty dish. this salad is so good. several wanted the recipe. definitely a five star recipe. i highly recommend this recipe as a volunteer field editor for taste of home.,5,1
this is a fabulous recipe!,5,1
very tasty! my husband loved it! easy to make to,5,1
it is very flavorful but also very salty. i like things a little salty and this was too salty for me.,4,1
"really loved this soup! definitely appeals to our meat-and-potato eaters.i substituted cheddar and other cheeses we had on hand for the velveeta and added it a bit at a time. adding a bit of cream in with the milk gave it a nice, rich feel.",5,1
easy to whip up in a few minutes in the morning and delicious. i made a glaze to drizzle over with confectioner's sugar and milk. i would definitely try this with pecans or walnuts next time.,5,1
"i gave it 4 stars because my son really liked it, but my daughter and i thought it was just okay",4,1
"ethis recipeveryone loved this recipe when i made it for mothers day. it really is the ""best ever banana bread "" cathleen woodall of flordia",5,1
do the ravioli need to be cooked before or just to use them frozen?,5,1
i love these bars and so does everyone who has tried them. one lady ate the whole pan over the course of a couple of days and then about died when she say the fat content in them. my sis-in-law who swears she doesn't like rhubarb loves them as well. i've been making them ever since the recipe came out and will continue to make it.,5,1
"yum! easy to make and is a satisfying dinner. i quickly made it on a weeknight too! i love garlic, but my husband would prefer it be cut in half in the recipe. i'd probably consider it in the future, especially when serving it to company. : )",4,1
i didn't pound the chicken but let the breasts cook until their temperature was about 160 degrees. very good recipe.,4,1
"this was so delicious!!! the combination of chocolate and strawberry is amazing and i got many compliments on it! the only problem i had was with the chocolate garnishes, i got them made and on the cake but they got all droopy and wouldn't stay up after only a couple minutes. also if you make this in advance i would follow georgeanne's advice about dipping the strawberries first because i didn't and they did leak onto the frosting, but it was still delicious :)",5,1
"this is a great recipe! easy, and gone in a snap. i add walnuts to the cake and on top of the icing. a must is very ripe bananas, one even over ripe for best flavor.",5,1
"this is one of my most requested ground beef meals. i usually double the glaze because it is so yummy! i also double the oats so it makes more. definately doesn't taste like a traditional meatloaf at all. more like an indulgent oval ""meatball""! you can't really taste the cheese, it just ads to the richness.",5,1
perfect chocolate cake! i have used this recipe many times and refuse to use any other chocolate cake recipe.,5,1
has anyone ever made this in a crockpot? just putting it all together and slow cooking for a few hours? wanting to do that today on this rainy day!,5,1
we aren't super fans of velveeta so it wasn't our favorite recipe. fun to try though,2,0
this recipe was awesome. my family,5,1
"awesome... tapioca to thwart the runs... winner! also, no ginger. don't like!",5,1
this was wonderful. the chicken was so moist. the trick is to turn it often and use all the baste. our company asked for this recipe after dinner. i'm sure this will become a family favorite!!,5,1
why bother to see recipes if you can't print them? do the publishers to follow the recipe on your phone while making it?,1,0
"although this is delicious just the way it's shown, i find we like it even better with a can of cream of mushroom soup stirred into the sauce. this increases the gravy and gives it a nice creamy texture. it has a delicious flavor prepared this way.",5,1
"this was very good, but i'm not sure what i think about the cream cheese...that part was not quite sweet enough when mixed with only pudding and no additional sugar. otherwise great! i think it would be good with strawberries instead of pineapple to compliment the cream cheese.i used the recipe as a guideline, but made my own cake and pudding from scratch, and no fat-free or sugar-free stuff. i also topped with toasted coconut instead of walnuts.we were not patient enough to wait for it to chill so it might be better cold!",4,1
"wow, we really liked this dessert. i used duncan hines orange cake instead of yellow. the taste of the cake and topping were great. wonderful appearance. easy to make. will keep in my favorites.",5,1
"i have made this a few times, each with excellent results. husband really enjoys this recipe! the horseradish sauce gives it an extra zip. fantastic dish for get togethers!",5,1
"this recipe was easy and delicious. we made it last night for dinner. definite keeper to make again on a chilly winter night. i was slightly confused on the cheese because 3 cups would be 24 ounces, but the recipe says 12 ounces...i used 2 8oz bags and it was fine. i'm not sure in our house there is such a thing as too much cheese! :)",5,1
love this recipe. it's the best cornbread i have had. it's better than the one they sell at whole foods. most of the cornbreads i have had are dry. this won is kind of sweet and you can cut down on the sugar. i also used skim milk.,5,1
these cupcakes were great,5,1
"given the great reviews and high rating i had great hopes for this recipe. followed it exactly, and cannot figure out what all the hype is about. very pedestrian. no one liked it, and all agreed it was ""missing a lot of something."" the chicken was very bland even though i used a very good parmesan that i grated specifically for this recipe, and added some salt (i season everything) to the flour. the ""bruschetta"" on top was just garlicky tomatoes. definitely deleting this one from the ""recipes to try"" file!",1,0
"this cake is delicious! i made cup cakes though and i used coconut oil. the cake is so moist. the frosting is fantastic! i used 5 cups of powered sugar but it doesn't taste real sweet. every time my husband eats a cup he comments how great they taste. tonight he said don't loose the recipe. he also said i should make some for his office.spring is coming so the fresh strawberries will be plentiful and so will the cakes or cups.thank yo for sharing, jennifer.",5,1
"a simple ,easy cake to make,that is very yummy",5,1
i made this for an employee breakfast at work today and it was hit!!,5,1
absolutely delicious and definitely nostalgic. i made this last night and it came out perfect! i followed the recipe exactly without any issues. i used two round nonstick pans. it's a pretty cake as well as tasty! it's a recipe my mother (r.i p. 9-2018) made and was requested often at family gatherings. i thought of her with many fond memories while making it. looks like i'll be carrying on the tradition now.,5,1
i didn't like this at all. way to much cheese. i wish i would have followed my first thought of only adding half the cheese. i gave some to my neighbors and they too felt the same way.,1,0
